ISO-10303-21;
HEADER;
/*Generated by software containing ST-Developer
 * from STEP Tools, Inc. (www.steptools.com) 
 */
/*OPTION: using custom renumber hook */
/*description */
/*implementation_level */
FILE_DESCRIPTION(('STEP AP242 Edition 2','STEP AP242 Edition 2''CAx-IF Rec.Pracs.---Representation and Presentation of Product Manufa
cturing Information (PMI)---4.0---2014-10-13','STEP AP242 Edition 2''CAx-IF Rec.Pracs.---Representation and Presentation of Product Manufa
cturing Information (PMI)---4.0---2014-10-13''CAx-IF Rec.Pracs.---3D Tessellated Geometry---0.4---2014-09-14','STEP AP242 Edition 2''CAx-IF Rec.Pracs.---Representation and Presentation of Product Manufa
cturing Information (PMI)---4.0---2014-10-13''CAx-IF Rec.Pracs.---3D Tessellated Geometry---0.4---2014-09-14''2;1','STEP AP242 Edition 2''CAx-IF Rec.Pracs.---Representation and Presentation of Product Manufa
cturing Information (PMI)---4.0---2014-10-13''CAx-IF Rec.Pracs.---3D Tessellated Geometry---0.4---2014-09-14''2;1''CAx-IF Rec.Pracs.---User Defined Attributes---1.5---2016-08-15'),'2;1');
/*name */
/*time_stamp */
/*author */
/*organization */
/*preprocessor_version */
/*originating_system */
/*authorisation */
FILE_NAME('/vol/tmp/translate-17896930555038573400/Part Studio 1 - Part 1.step','2026-03-16T23:12:50',(''),(''),'ST-DEVELOPER v20','ONSHAPE BY PTC INC, 1.212','  ');
FILE_SCHEMA(('AP242_MANAGED_MODEL_BASED_3D_ENGINEERING_MIM_LF { 1 0 10303 442 3 1 4 }'));
ENDSEC;
DATA;
#10=SHAPE_REPRESENTATION_RELATIONSHIP('','',#8835,#11);
#11=ADVANCED_BREP_SHAPE_REPRESENTATION('',(#8833),#18017);
#12=TOROIDAL_SURFACE('',#9620,0.00639940000007059,0.0004);
#13=TOROIDAL_SURFACE('',#9622,0.0085994000000726,0.0004);
#14=TOROIDAL_SURFACE('',#9627,0.00640001006599332,0.0004);
#15=TOROIDAL_SURFACE('',#9629,0.00860001006599345,0.0004);
#16=TOROIDAL_SURFACE('',#9635,0.00639994337904301,0.0004);
#17=TOROIDAL_SURFACE('',#9637,0.008599943379043,0.0004);
#18=TOROIDAL_SURFACE('',#9642,0.00639996276287192,0.0004);
#19=TOROIDAL_SURFACE('',#9644,0.00860000000000013,0.0004);
#20=TOROIDAL_SURFACE('',#9650,0.00640000000002383,0.0004);
#21=TOROIDAL_SURFACE('',#9652,0.00860000000002427,0.0004);
#22=TOROIDAL_SURFACE('',#9658,0.00560040000009613,0.0004);
#23=TOROIDAL_SURFACE('',#9660,0.00340040000009689,0.0004);
#24=TOROIDAL_SURFACE('',#9666,0.00559996279424643,0.0004);
#25=TOROIDAL_SURFACE('',#9668,0.00339996279424704,0.0004);
#26=TOROIDAL_SURFACE('',#9674,0.00639990000000338,0.0004);
#27=TOROIDAL_SURFACE('',#9676,0.00859990000000312,0.0004);
#28=TOROIDAL_SURFACE('',#9682,0.00640000949091333,0.0004);
#29=TOROIDAL_SURFACE('',#9684,0.00860000949091333,0.0004);
#30=TOROIDAL_SURFACE('',#9688,0.00640005660948638,0.0004);
#31=TOROIDAL_SURFACE('',#9690,0.00860005660948636,0.0004);
#32=TOROIDAL_SURFACE('',#9696,0.00559997117644554,0.0004);
#33=TOROIDAL_SURFACE('',#9698,0.00339997117644561,0.0004);
#34=TOROIDAL_SURFACE('',#9704,0.00640050000025815,0.0004);
#35=TOROIDAL_SURFACE('',#9706,0.00860050000026207,0.0004);
#36=TOROIDAL_SURFACE('',#9711,0.00640001021235972,0.0004);
#37=TOROIDAL_SURFACE('',#9713,0.00860001021235973,0.0004);
#38=TOROIDAL_SURFACE('',#9734,0.0008,0.0004);
#39=TOROIDAL_SURFACE('',#9737,0.0008,0.0004);
#40=PLANE('',#8857);
#41=PLANE('',#8989);
#42=PLANE('',#8992);
#43=PLANE('',#8995);
#44=PLANE('',#8996);
#45=PLANE('',#8997);
#46=PLANE('',#9024);
#47=PLANE('',#9025);
#48=PLANE('',#9026);
#49=PLANE('',#9027);
#50=PLANE('',#9028);
#51=PLANE('',#9029);
#52=PLANE('',#9030);
#53=PLANE('',#9031);
#54=PLANE('',#9033);
#55=PLANE('',#9035);
#56=PLANE('',#9036);
#57=PLANE('',#9037);
#58=PLANE('',#9038);
#59=PLANE('',#9039);
#60=PLANE('',#9042);
#61=PLANE('',#9045);
#62=PLANE('',#9048);
#63=PLANE('',#9049);
#64=PLANE('',#9052);
#65=PLANE('',#9055);
#66=PLANE('',#9058);
#67=PLANE('',#9059);
#68=PLANE('',#9062);
#69=PLANE('',#9065);
#70=PLANE('',#9068);
#71=PLANE('',#9069);
#72=PLANE('',#9072);
#73=PLANE('',#9075);
#74=PLANE('',#9078);
#75=PLANE('',#9079);
#76=PLANE('',#9082);
#77=PLANE('',#9085);
#78=PLANE('',#9088);
#79=PLANE('',#9091);
#80=PLANE('',#9094);
#81=PLANE('',#9097);
#82=PLANE('',#9102);
#83=PLANE('',#9105);
#84=PLANE('',#9108);
#85=PLANE('',#9111);
#86=PLANE('',#9114);
#87=PLANE('',#9117);
#88=PLANE('',#9120);
#89=PLANE('',#9121);
#90=PLANE('',#9124);
#91=PLANE('',#9127);
#92=PLANE('',#9130);
#93=PLANE('',#9131);
#94=PLANE('',#9134);
#95=PLANE('',#9137);
#96=PLANE('',#9140);
#97=PLANE('',#9141);
#98=PLANE('',#9144);
#99=PLANE('',#9147);
#100=PLANE('',#9150);
#101=PLANE('',#9151);
#102=PLANE('',#9154);
#103=PLANE('',#9157);
#104=PLANE('',#9160);
#105=PLANE('',#9161);
#106=PLANE('',#9164);
#107=PLANE('',#9167);
#108=PLANE('',#9170);
#109=PLANE('',#9173);
#110=PLANE('',#9176);
#111=PLANE('',#9179);
#112=PLANE('',#9182);
#113=PLANE('',#9185);
#114=PLANE('',#9188);
#115=PLANE('',#9191);
#116=PLANE('',#9194);
#117=PLANE('',#9197);
#118=PLANE('',#9200);
#119=PLANE('',#9203);
#120=PLANE('',#9206);
#121=PLANE('',#9209);
#122=PLANE('',#9212);
#123=PLANE('',#9215);
#124=PLANE('',#9218);
#125=PLANE('',#9221);
#126=PLANE('',#9224);
#127=PLANE('',#9227);
#128=PLANE('',#9230);
#129=PLANE('',#9233);
#130=PLANE('',#9234);
#131=PLANE('',#9237);
#132=PLANE('',#9240);
#133=PLANE('',#9243);
#134=PLANE('',#9244);
#135=PLANE('',#9247);
#136=PLANE('',#9250);
#137=PLANE('',#9253);
#138=PLANE('',#9254);
#139=PLANE('',#9257);
#140=PLANE('',#9260);
#141=PLANE('',#9263);
#142=PLANE('',#9266);
#143=PLANE('',#9269);
#144=PLANE('',#9272);
#145=PLANE('',#9275);
#146=PLANE('',#9278);
#147=PLANE('',#9281);
#148=PLANE('',#9284);
#149=PLANE('',#9285);
#150=PLANE('',#9288);
#151=PLANE('',#9291);
#152=PLANE('',#9294);
#153=PLANE('',#9297);
#154=PLANE('',#9300);
#155=PLANE('',#9303);
#156=PLANE('',#9306);
#157=PLANE('',#9309);
#158=PLANE('',#9312);
#159=PLANE('',#9315);
#160=PLANE('',#9316);
#161=PLANE('',#9319);
#162=PLANE('',#9322);
#163=PLANE('',#9325);
#164=PLANE('',#9326);
#165=PLANE('',#9329);
#166=PLANE('',#9332);
#167=PLANE('',#9335);
#168=PLANE('',#9336);
#169=PLANE('',#9347);
#170=PLANE('',#9348);
#171=PLANE('',#9361);
#172=PLANE('',#9364);
#173=PLANE('',#9367);
#174=PLANE('',#9376);
#175=PLANE('',#9381);
#176=PLANE('',#9388);
#177=PLANE('',#9389);
#178=PLANE('',#9391);
#179=PLANE('',#9417);
#180=PLANE('',#9418);
#181=PLANE('',#9419);
#182=PLANE('',#9420);
#183=PLANE('',#9421);
#184=PLANE('',#9422);
#185=PLANE('',#9423);
#186=PLANE('',#9424);
#187=PLANE('',#9427);
#188=PLANE('',#9436);
#189=PLANE('',#9449);
#190=PLANE('',#9454);
#191=PLANE('',#9457);
#192=PLANE('',#9460);
#193=PLANE('',#9463);
#194=PLANE('',#9466);
#195=PLANE('',#9469);
#196=PLANE('',#9472);
#197=PLANE('',#9475);
#198=PLANE('',#9478);
#199=PLANE('',#9481);
#200=PLANE('',#9484);
#201=PLANE('',#9487);
#202=PLANE('',#9490);
#203=PLANE('',#9493);
#204=PLANE('',#9496);
#205=PLANE('',#9500);
#206=PLANE('',#9506);
#207=PLANE('',#9510);
#208=PLANE('',#9514);
#209=PLANE('',#9518);
#210=PLANE('',#9522);
#211=PLANE('',#9526);
#212=PLANE('',#9530);
#213=PLANE('',#9534);
#214=PLANE('',#9538);
#215=PLANE('',#9542);
#216=PLANE('',#9546);
#217=PLANE('',#9550);
#218=PLANE('',#9551);
#219=PLANE('',#9552);
#220=PLANE('',#9553);
#221=PLANE('',#9554);
#222=PLANE('',#9555);
#223=PLANE('',#9561);
#224=PLANE('',#9562);
#225=PLANE('',#9568);
#226=PLANE('',#9569);
#227=PLANE('',#9575);
#228=PLANE('',#9576);
#229=PLANE('',#9582);
#230=PLANE('',#9583);
#231=ELLIPSE('',#8841,0.00164924225024707,0.0004);
#232=ELLIPSE('',#8842,0.00164924225024707,0.0004);
#233=ELLIPSE('',#8843,0.00164924225024707,0.0004);
#234=ELLIPSE('',#8844,0.00164924225024707,0.0004);
#235=ELLIPSE('',#8845,0.00164924225024707,0.0004);
#236=ELLIPSE('',#8846,0.00164924225024706,0.0004);
#237=ELLIPSE('',#8847,0.00164924225024707,0.0004);
#238=ELLIPSE('',#8848,0.00164924225024707,0.0004);
#239=ELLIPSE('',#8849,0.00164924225024706,0.0004);
#240=ELLIPSE('',#8850,0.00164924225024707,0.0004);
#241=ELLIPSE('',#8851,0.00164924225024706,0.0004);
#242=ELLIPSE('',#8852,0.00164924225024706,0.0004);
#243=ELLIPSE('',#8853,0.00164924225024707,0.0004);
#244=ELLIPSE('',#8854,0.00164924225024707,0.0004);
#245=ELLIPSE('',#8855,0.00164924225024707,0.0004);
#246=ELLIPSE('',#8856,0.00164924225024707,0.0004);
#247=ELLIPSE('',#8990,0.000812646304815754,0.0008);
#248=ELLIPSE('',#8993,0.000812646304815754,0.0008);
#249=ELLIPSE('',#9032,0.000812646304815754,0.0008);
#250=ELLIPSE('',#9034,0.000812646304815754,0.0008);
#251=ELLIPSE('',#9501,0.000812646304815754,0.0008);
#252=ELLIPSE('',#9502,0.000812646304815754,0.0008);
#253=ELLIPSE('',#9586,0.00164924225024707,0.0004);
#254=ELLIPSE('',#9588,0.00164924225024707,0.0004);
#255=ELLIPSE('',#9590,0.00164924225024707,0.0004);
#256=ELLIPSE('',#9591,0.00164924225024707,0.0004);
#257=ELLIPSE('',#9593,0.000565685424949238,0.0004);
#258=ELLIPSE('',#9594,0.000565685424949238,0.0004);
#259=ELLIPSE('',#9596,0.000565685424949238,0.0004);
#260=ELLIPSE('',#9598,0.000565685424949238,0.0004);
#261=ELLIPSE('',#9614,0.000521700072310835,0.0004);
#262=ELLIPSE('',#9615,0.000623075477997305,0.0004);
#263=ELLIPSE('',#9716,0.000521700072310835,0.0004);
#264=ELLIPSE('',#9718,0.000623075477997305,0.0004);
#265=ELLIPSE('',#9720,0.00042472816804481,0.0004);
#266=ELLIPSE('',#9726,0.000424728168044811,0.0004);
#267=ELLIPSE('',#9727,0.00042472816804481,0.0004);
#268=ELLIPSE('',#9729,0.000424728168044812,0.0004);
#269=(
B_SPLINE_SURFACE(3,2,((#14722,#14723,#14724),(#14725,#14726,#14727),(#14728,
#14729,#14730),(#14731,#14732,#14733),(#14734,#14735,#14736)),.UNSPECIFIED.,.F.,.F.,.F.)
B_SPLINE_SURFACE_WITH_KNOTS((4,1,4),(3,3),(0.400196669583614,0.700098334791807,1.),(0.,1.),.UNSPECIFIED.)
BOUNDED_SURFACE()
GEOMETRIC_REPRESENTATION_ITEM()
RATIONAL_B_SPLINE_SURFACE(((1.,0.854144926932866,1.),(1.,0.895484277333389,
1.),(1.,0.974501433403325,1.),(1.,1.00000000439196,1.),(1.,1.,1.)))
REPRESENTATION_ITEM('')
SURFACE()
);
#270=(
B_SPLINE_SURFACE(3,2,((#14740,#14741,#14742),(#14743,#14744,#14745),(#14746,
#14747,#14748),(#14749,#14750,#14751),(#14752,#14753,#14754)),.UNSPECIFIED.,.F.,.F.,.F.)
B_SPLINE_SURFACE_WITH_KNOTS((4,1,4),(3,3),(0.400196669583541,0.700098334791771,1.),(0.,1.),.UNSPECIFIED.)
BOUNDED_SURFACE()
GEOMETRIC_REPRESENTATION_ITEM()
RATIONAL_B_SPLINE_SURFACE(((1.,0.854144926932833,1.),(1.,0.895484277332966,
1.),(1.,0.974501433403518,1.),(1.,1.00000000439196,1.),(1.,1.,1.)))
REPRESENTATION_ITEM('')
SURFACE()
);
#271=(
B_SPLINE_SURFACE(3,2,((#14758,#14759,#14760),(#14761,#14762,#14763),(#14764,
#14765,#14766),(#14767,#14768,#14769),(#14770,#14771,#14772)),.UNSPECIFIED.,.F.,.F.,.F.)
B_SPLINE_SURFACE_WITH_KNOTS((4,1,4),(3,3),(0.400196669583594,0.700098334791797,1.),(0.,1.),.UNSPECIFIED.)
BOUNDED_SURFACE()
GEOMETRIC_REPRESENTATION_ITEM()
RATIONAL_B_SPLINE_SURFACE(((1.,0.854144926932852,1.),(1.,0.895484277333012,
1.),(1.,0.974501433403504,1.),(1.,1.00000000439196,1.),(1.,1.,1.)))
REPRESENTATION_ITEM('')
SURFACE()
);
#272=(
B_SPLINE_SURFACE(3,2,((#14776,#14777,#14778),(#14779,#14780,#14781),(#14782,
#14783,#14784),(#14785,#14786,#14787),(#14788,#14789,#14790)),.UNSPECIFIED.,.F.,.F.,.F.)
B_SPLINE_SURFACE_WITH_KNOTS((4,1,4),(3,3),(0.400196669583541,0.70009833479177,1.),(0.,1.),.UNSPECIFIED.)
BOUNDED_SURFACE()
GEOMETRIC_REPRESENTATION_ITEM()
RATIONAL_B_SPLINE_SURFACE(((1.,0.854144926932832,1.),(1.,0.895484277331946,
1.),(1.,0.974501433404022,1.),(1.,1.00000000439196,1.),(1.,1.,1.)))
REPRESENTATION_ITEM('')
SURFACE()
);
#273=(
B_SPLINE_SURFACE(3,2,((#14794,#14795,#14796),(#14797,#14798,#14799),(#14800,
#14801,#14802),(#14803,#14804,#14805)),.UNSPECIFIED.,.F.,.F.,.F.)
B_SPLINE_SURFACE_WITH_KNOTS((4,4),(3,3),(0.405164131315325,0.774500242854742),(0.,1.),.PIECEWISE_BEZIER_KNOTS.)
BOUNDED_SURFACE()
GEOMETRIC_REPRESENTATION_ITEM()
RATIONAL_B_SPLINE_SURFACE(((1.,0.856127995536366,1.),(1.,0.906972852430943,
1.),(1.,0.953848702134737,1.),(1.,0.978121483173584,1.)))
REPRESENTATION_ITEM('')
SURFACE()
);
#274=(
B_SPLINE_SURFACE(3,2,((#14814,#14815,#14816),(#14817,#14818,#14819),(#14820,
#14821,#14822),(#14823,#14824,#14825),(#14826,#14827,#14828)),.UNSPECIFIED.,.F.,.F.,.F.)
B_SPLINE_SURFACE_WITH_KNOTS((4,1,4),(3,3),(0.400196669583384,0.700098334791692,1.),(0.,1.),.UNSPECIFIED.)
BOUNDED_SURFACE()
GEOMETRIC_REPRESENTATION_ITEM()
RATIONAL_B_SPLINE_SURFACE(((1.,0.854144926932761,1.),(1.,0.895484277334206,
1.),(1.,0.974501433402846,1.),(1.,1.00000000439196,1.),(1.,1.,1.)))
REPRESENTATION_ITEM('')
SURFACE()
);
#275=(
B_SPLINE_SURFACE(3,2,((#14832,#14833,#14834),(#14835,#14836,#14837),(#14838,
#14839,#14840),(#14841,#14842,#14843)),.UNSPECIFIED.,.F.,.F.,.F.)
B_SPLINE_SURFACE_WITH_KNOTS((4,4),(3,3),(0.455220290330817,1.),(0.,1.),.PIECEWISE_BEZIER_KNOTS.)
BOUNDED_SURFACE()
GEOMETRIC_REPRESENTATION_ITEM()
RATIONAL_B_SPLINE_SURFACE(((1.,0.876705607673801,1.),(1.,0.950204447526084,
1.),(1.,1.00000000797811,1.),(1.,1.,1.)))
REPRESENTATION_ITEM('')
SURFACE()
);
#276=(
B_SPLINE_SURFACE(3,2,((#14865,#14866,#14867),(#14868,#14869,#14870),(#14871,
#14872,#14873),(#14874,#14875,#14876)),.UNSPECIFIED.,.F.,.F.,.F.)
B_SPLINE_SURFACE_WITH_KNOTS((4,4),(3,3),(0.,0.544779709669197),(0.,1.),.PIECEWISE_BEZIER_KNOTS.)
BOUNDED_SURFACE()
GEOMETRIC_REPRESENTATION_ITEM()
RATIONAL_B_SPLINE_SURFACE(((1.,1.,1.),(1.,1.00000000797811,1.),(1.,0.950204447525767,
1.),(1.,0.876705607673795,1.)))
REPRESENTATION_ITEM('')
SURFACE()
);
#277=(
B_SPLINE_SURFACE(3,2,((#17682,#17683,#17684),(#17685,#17686,#17687),(#17688,
#17689,#17690),(#17691,#17692,#17693),(#17694,#17695,#17696)),.UNSPECIFIED.,.F.,.F.,.F.)
B_SPLINE_SURFACE_WITH_KNOTS((4,1,4),(3,3),(5.32572801911096,6.58985482654272,7.85398163397448),(0.,1.),.UNSPECIFIED.)
BOUNDED_SURFACE()
GEOMETRIC_REPRESENTATION_ITEM()
RATIONAL_B_SPLINE_SURFACE(((1.,0.742007847671389,1.),(1.,0.762409303930183,
1.),(1.,0.780243890897331,1.),(1.,0.733287069672986,1.),(1.,0.707106781186541,
1.)))
REPRESENTATION_ITEM('')
SURFACE()
);
#278=(
B_SPLINE_SURFACE(3,2,((#17703,#17704,#17705),(#17706,#17707,#17708),(#17709,
#17710,#17711),(#17712,#17713,#17714),(#17715,#17716,#17717)),.UNSPECIFIED.,.F.,.F.,.F.)
B_SPLINE_SURFACE_WITH_KNOTS((4,1,4),(3,3),(5.12088341358787,6.48743252378118,7.85398163397448),(0.,1.),.UNSPECIFIED.)
BOUNDED_SURFACE()
GEOMETRIC_REPRESENTATION_ITEM()
RATIONAL_B_SPLINE_SURFACE(((1.,0.681980380582089,1.),(1.,0.655050629800913,
1.),(1.,0.619867416790037,1.),(1.,0.678805308794192,1.),(1.,0.707106781186535,
1.)))
REPRESENTATION_ITEM('')
SURFACE()
);
#279=(
B_SPLINE_SURFACE(3,2,((#17719,#17720,#17721),(#17722,#17723,#17724),(#17725,
#17726,#17727),(#17728,#17729,#17730),(#17731,#17732,#17733)),.UNSPECIFIED.,.F.,.F.,.F.)
B_SPLINE_SURFACE_WITH_KNOTS((4,1,4),(3,3),(4.71238898038469,6.07893809057799,7.44548720077128),(0.,1.),.UNSPECIFIED.)
BOUNDED_SURFACE()
GEOMETRIC_REPRESENTATION_ITEM()
RATIONAL_B_SPLINE_SURFACE(((1.,0.707106781186541,1.),(1.,0.678805308799191,
1.),(1.,0.619867416784813,1.),(1.,0.655050629806395,1.),(1.,0.681980380582098,
1.)))
REPRESENTATION_ITEM('')
SURFACE()
);
#280=(
B_SPLINE_SURFACE(3,2,((#17739,#17740,#17741),(#17742,#17743,#17744),(#17745,
#17746,#17747),(#17748,#17749,#17750),(#17751,#17752,#17753)),.UNSPECIFIED.,.F.,.F.,.F.)
B_SPLINE_SURFACE_WITH_KNOTS((4,1,4),(3,3),(5.32572801911097,6.58985482654273,7.85398163397448),(0.,1.),.UNSPECIFIED.)
BOUNDED_SURFACE()
GEOMETRIC_REPRESENTATION_ITEM()
RATIONAL_B_SPLINE_SURFACE(((1.,0.742007847671397,1.),(1.,0.762409303928961,
1.),(1.,0.780243890900526,1.),(1.,0.733287069667866,1.),(1.,0.707106781186554,
1.)))
REPRESENTATION_ITEM('')
SURFACE()
);
#281=(
B_SPLINE_SURFACE(3,2,((#17761,#17762,#17763),(#17764,#17765,#17766),(#17767,
#17768,#17769),(#17770,#17771,#17772)),.UNSPECIFIED.,.F.,.F.,.F.)
B_SPLINE_SURFACE_WITH_KNOTS((4,4),(3,3),(0.455220290330776,1.),(0.,1.),.PIECEWISE_BEZIER_KNOTS.)
BOUNDED_SURFACE()
GEOMETRIC_REPRESENTATION_ITEM()
RATIONAL_B_SPLINE_SURFACE(((1.,0.876705607673783,1.),(1.,0.950204447525845,
1.),(1.,1.00000000797811,1.),(1.,1.,1.)))
REPRESENTATION_ITEM('')
SURFACE()
);
#282=(
B_SPLINE_SURFACE(3,2,((#17773,#17774,#17775),(#17776,#17777,#17778),(#17779,
#17780,#17781),(#17782,#17783,#17784)),.UNSPECIFIED.,.F.,.F.,.F.)
B_SPLINE_SURFACE_WITH_KNOTS((4,4),(3,3),(0.,0.544779709669241),(0.,1.),.PIECEWISE_BEZIER_KNOTS.)
BOUNDED_SURFACE()
GEOMETRIC_REPRESENTATION_ITEM()
RATIONAL_B_SPLINE_SURFACE(((1.,1.,1.),(1.,1.00000000797811,1.),(1.,0.950204447525754,
1.),(1.,0.876705607673776,1.)))
REPRESENTATION_ITEM('')
SURFACE()
);
#283=CIRCLE('',#8838,0.0012);
#284=CIRCLE('',#8840,0.0012);
#285=CIRCLE('',#8858,0.00049999996788343);
#286=CIRCLE('',#8859,0.00049999996788343);
#287=CIRCLE('',#8860,0.00049999996788343);
#288=CIRCLE('',#8861,0.00049999996788343);
#289=CIRCLE('',#8862,0.000499999967883428);
#290=CIRCLE('',#8863,0.000499999967883428);
#291=CIRCLE('',#8864,0.000499999967883428);
#292=CIRCLE('',#8865,0.000499999967883428);
#293=CIRCLE('',#8866,0.000499999966244722);
#294=CIRCLE('',#8867,0.000499999984545995);
#295=CIRCLE('',#8868,0.000500000034545988);
#296=CIRCLE('',#8869,0.000499999966244721);
#297=CIRCLE('',#8870,0.000499999967883428);
#298=CIRCLE('',#8871,0.000499999967883435);
#299=CIRCLE('',#8872,0.000499999967883428);
#300=CIRCLE('',#8873,0.000499999967883428);
#301=CIRCLE('',#8874,0.000499999967883418);
#302=CIRCLE('',#8875,0.000499999967883428);
#303=CIRCLE('',#8876,0.00049999996788342);
#304=CIRCLE('',#8877,0.000499999967883444);
#305=CIRCLE('',#8878,0.000499999967883439);
#306=CIRCLE('',#8879,0.000499999967883437);
#307=CIRCLE('',#8880,0.000499999967883442);
#308=CIRCLE('',#8881,0.000499999967883437);
#309=CIRCLE('',#8882,0.000499999967883421);
#310=CIRCLE('',#8883,0.000499999967883439);
#311=CIRCLE('',#8884,0.000499999967883425);
#312=CIRCLE('',#8885,0.000499999967883421);
#313=CIRCLE('',#8886,0.000499999967883439);
#314=CIRCLE('',#8887,0.000499999967883439);
#315=CIRCLE('',#8888,0.000499999967883461);
#316=CIRCLE('',#8889,0.000499999967883461);
#317=CIRCLE('',#8890,0.000499999967883425);
#318=CIRCLE('',#8891,0.000499999967883425);
#319=CIRCLE('',#8892,0.000499999967883425);
#320=CIRCLE('',#8893,0.000499999967883425);
#321=CIRCLE('',#8894,0.000499999967883446);
#322=CIRCLE('',#8895,0.000499999967883411);
#323=CIRCLE('',#8896,0.000499999967883425);
#324=CIRCLE('',#8897,0.000499999967883433);
#325=CIRCLE('',#8898,0.00049999996788343);
#326=CIRCLE('',#8899,0.00049999996788343);
#327=CIRCLE('',#8900,0.000499999967883446);
#328=CIRCLE('',#8901,0.000499999967883433);
#329=CIRCLE('',#8902,0.000499999967883428);
#330=CIRCLE('',#8903,0.000499999967883433);
#331=CIRCLE('',#8904,0.00049999996788343);
#332=CIRCLE('',#8905,0.00049999996788343);
#333=CIRCLE('',#8906,0.000499999967883436);
#334=CIRCLE('',#8907,0.000499999967883426);
#335=CIRCLE('',#8908,0.000499999967883439);
#336=CIRCLE('',#8909,0.00049999996788343);
#337=CIRCLE('',#8910,0.00049999996788343);
#338=CIRCLE('',#8911,0.000499999967883436);
#339=CIRCLE('',#8912,0.00049999996788343);
#340=CIRCLE('',#8913,0.000499999967883436);
#341=CIRCLE('',#8914,0.000499999967883433);
#342=CIRCLE('',#8915,0.000499999967883433);
#343=CIRCLE('',#8916,0.000499999967883425);
#344=CIRCLE('',#8917,0.000499999967883411);
#345=CIRCLE('',#8918,0.00049999996788343);
#346=CIRCLE('',#8919,0.000499999967883423);
#347=CIRCLE('',#8920,0.000499999967883442);
#348=CIRCLE('',#8921,0.000499999967883414);
#349=CIRCLE('',#8922,0.000499999967883426);
#350=CIRCLE('',#8923,0.00049999996788343);
#351=CIRCLE('',#8924,0.00049999996788343);
#352=CIRCLE('',#8925,0.000499999967883439);
#353=CIRCLE('',#8926,0.000499999967883442);
#354=CIRCLE('',#8927,0.000499999967883432);
#355=CIRCLE('',#8928,0.00049999996788342);
#356=CIRCLE('',#8929,0.000499999967883432);
#357=CIRCLE('',#8930,0.000499999967883444);
#358=CIRCLE('',#8931,0.000499999967883428);
#359=CIRCLE('',#8932,0.000499999967883432);
#360=CIRCLE('',#8933,0.000499999967883426);
#361=CIRCLE('',#8934,0.000499999967883435);
#362=CIRCLE('',#8935,0.000499999967883435);
#363=CIRCLE('',#8936,0.00049999996788343);
#364=CIRCLE('',#8937,0.00049999996788343);
#365=CIRCLE('',#8938,0.000499999967883432);
#366=CIRCLE('',#8939,0.000499999967883433);
#367=CIRCLE('',#8940,0.000499999967883421);
#368=CIRCLE('',#8941,0.000499999967883421);
#369=CIRCLE('',#8942,0.00049999996788343);
#370=CIRCLE('',#8943,0.00049999996788343);
#371=CIRCLE('',#8944,0.000499999967883414);
#372=CIRCLE('',#8945,0.000499999967883437);
#373=CIRCLE('',#8946,0.000499999949350097);
#374=CIRCLE('',#8947,0.000499999949350086);
#375=CIRCLE('',#8948,0.000500000010587333);
#376=CIRCLE('',#8949,0.000499999949350092);
#377=CIRCLE('',#8950,0.000499999967883439);
#378=CIRCLE('',#8951,0.000499999967883439);
#379=CIRCLE('',#8952,0.000499999967883439);
#380=CIRCLE('',#8953,0.000499999967883435);
#381=CIRCLE('',#8954,0.00049999996788343);
#382=CIRCLE('',#8955,0.000499999967883442);
#383=CIRCLE('',#8956,0.00049999996788343);
#384=CIRCLE('',#8957,0.00049999996788343);
#385=CIRCLE('',#8958,0.000499999967883439);
#386=CIRCLE('',#8959,0.00049999996788344);
#387=CIRCLE('',#8960,0.00049999996788344);
#388=CIRCLE('',#8961,0.000499999967883437);
#389=CIRCLE('',#8962,0.000499999967883418);
#390=CIRCLE('',#8963,0.000499999967883432);
#391=CIRCLE('',#8964,0.000499999967883442);
#392=CIRCLE('',#8965,0.000499999967883428);
#393=CIRCLE('',#8966,0.000499999967883421);
#394=CIRCLE('',#8967,0.00049999996788344);
#395=CIRCLE('',#8968,0.000499999967883435);
#396=CIRCLE('',#8969,0.000499999967883428);
#397=CIRCLE('',#8970,0.000499999967883421);
#398=CIRCLE('',#8971,0.000499999967883432);
#399=CIRCLE('',#8972,0.000499999967883428);
#400=CIRCLE('',#8973,0.000499999967883432);
#401=CIRCLE('',#8974,0.0008);
#402=CIRCLE('',#8975,0.0008);
#403=CIRCLE('',#8976,0.00599940000007059);
#404=CIRCLE('',#8977,0.00600001006599332);
#405=CIRCLE('',#8978,0.00599994337904301);
#406=CIRCLE('',#8979,0.00599996276287192);
#407=CIRCLE('',#8980,0.00600000000002383);
#408=CIRCLE('',#8981,0.00600040000009613);
#409=CIRCLE('',#8982,0.00599996279424643);
#410=CIRCLE('',#8983,0.00599990000000338);
#411=CIRCLE('',#8984,0.00600000949091333);
#412=CIRCLE('',#8985,0.00600005660948638);
#413=CIRCLE('',#8986,0.00599997117644554);
#414=CIRCLE('',#8987,0.00600050000025815);
#415=CIRCLE('',#8988,0.00600001021235972);
#416=CIRCLE('',#8991,0.0004);
#417=CIRCLE('',#8994,0.0004);
#418=CIRCLE('',#8998,0.00340040000009689);
#419=CIRCLE('',#8999,0.00339996279424704);
#420=CIRCLE('',#9000,0.00859990000000312);
#421=CIRCLE('',#9001,0.00860000949091333);
#422=CIRCLE('',#9002,0.00860005660948636);
#423=CIRCLE('',#9003,0.00339997117644561);
#424=CIRCLE('',#9004,0.00860050000026207);
#425=CIRCLE('',#9005,0.00860001021235973);
#426=CIRCLE('',#9006,0.00640001021235972);
#427=CIRCLE('',#9007,0.00640050000025815);
#428=CIRCLE('',#9008,0.00559997117644554);
#429=CIRCLE('',#9009,0.00640005660948638);
#430=CIRCLE('',#9010,0.00640000949091333);
#431=CIRCLE('',#9011,0.00639990000000338);
#432=CIRCLE('',#9012,0.00559996279424643);
#433=CIRCLE('',#9013,0.00560040000009613);
#434=CIRCLE('',#9014,0.00640000000002383);
#435=CIRCLE('',#9015,0.00639996276287192);
#436=CIRCLE('',#9016,0.00639994337904301);
#437=CIRCLE('',#9017,0.00640001006599332);
#438=CIRCLE('',#9018,0.00639940000007059);
#439=CIRCLE('',#9019,0.0085994000000726);
#440=CIRCLE('',#9020,0.00860001006599345);
#441=CIRCLE('',#9021,0.008599943379043);
#442=CIRCLE('',#9022,0.00860000000000013);
#443=CIRCLE('',#9023,0.00860000000002427);
#444=CIRCLE('',#9041,0.00049999996788343);
#445=CIRCLE('',#9044,0.00049999996788343);
#446=CIRCLE('',#9047,0.00049999996788343);
#447=CIRCLE('',#9051,0.000499999967883428);
#448=CIRCLE('',#9054,0.000499999967883428);
#449=CIRCLE('',#9057,0.000499999967883428);
#450=CIRCLE('',#9061,0.000499999966244722);
#451=CIRCLE('',#9064,0.000499999984545995);
#452=CIRCLE('',#9067,0.000500000034545988);
#453=CIRCLE('',#9071,0.000499999967883428);
#454=CIRCLE('',#9074,0.000499999967883435);
#455=CIRCLE('',#9077,0.000499999967883428);
#456=CIRCLE('',#9081,0.000499999967883418);
#457=CIRCLE('',#9084,0.000499999967883428);
#458=CIRCLE('',#9087,0.00049999996788342);
#459=CIRCLE('',#9090,0.000499999967883439);
#460=CIRCLE('',#9093,0.000499999967883437);
#461=CIRCLE('',#9096,0.000499999967883442);
#462=CIRCLE('',#9099,0.000499999967883437);
#463=CIRCLE('',#9101,0.000499999967883421);
#464=CIRCLE('',#9104,0.000499999967883439);
#465=CIRCLE('',#9107,0.000499999967883425);
#466=CIRCLE('',#9110,0.000499999967883421);
#467=CIRCLE('',#9113,0.000499999967883439);
#468=CIRCLE('',#9116,0.000499999967883439);
#469=CIRCLE('',#9119,0.000499999967883461);
#470=CIRCLE('',#9123,0.000499999967883425);
#471=CIRCLE('',#9126,0.000499999967883425);
#472=CIRCLE('',#9129,0.000499999967883425);
#473=CIRCLE('',#9133,0.000499999967883446);
#474=CIRCLE('',#9136,0.000499999967883411);
#475=CIRCLE('',#9139,0.000499999967883425);
#476=CIRCLE('',#9143,0.00049999996788343);
#477=CIRCLE('',#9146,0.00049999996788343);
#478=CIRCLE('',#9149,0.000499999967883446);
#479=CIRCLE('',#9153,0.000499999967883428);
#480=CIRCLE('',#9156,0.000499999967883433);
#481=CIRCLE('',#9159,0.00049999996788343);
#482=CIRCLE('',#9163,0.000499999967883436);
#483=CIRCLE('',#9166,0.000499999967883426);
#484=CIRCLE('',#9169,0.000499999967883439);
#485=CIRCLE('',#9172,0.00049999996788343);
#486=CIRCLE('',#9175,0.000499999967883436);
#487=CIRCLE('',#9178,0.00049999996788343);
#488=CIRCLE('',#9181,0.000499999967883436);
#489=CIRCLE('',#9184,0.000499999967883433);
#490=CIRCLE('',#9187,0.000499999967883433);
#491=CIRCLE('',#9190,0.000499999967883425);
#492=CIRCLE('',#9193,0.00049999996788343);
#493=CIRCLE('',#9196,0.000499999967883423);
#494=CIRCLE('',#9199,0.000499999967883442);
#495=CIRCLE('',#9202,0.000499999967883414);
#496=CIRCLE('',#9205,0.000499999967883426);
#497=CIRCLE('',#9208,0.00049999996788343);
#498=CIRCLE('',#9211,0.00049999996788343);
#499=CIRCLE('',#9214,0.000499999967883442);
#500=CIRCLE('',#9217,0.000499999967883432);
#501=CIRCLE('',#9220,0.00049999996788342);
#502=CIRCLE('',#9223,0.000499999967883432);
#503=CIRCLE('',#9226,0.000499999967883444);
#504=CIRCLE('',#9229,0.000499999967883428);
#505=CIRCLE('',#9232,0.000499999967883432);
#506=CIRCLE('',#9236,0.000499999967883435);
#507=CIRCLE('',#9239,0.000499999967883435);
#508=CIRCLE('',#9242,0.00049999996788343);
#509=CIRCLE('',#9246,0.000499999967883432);
#510=CIRCLE('',#9249,0.000499999967883433);
#511=CIRCLE('',#9252,0.000499999967883421);
#512=CIRCLE('',#9256,0.00049999996788343);
#513=CIRCLE('',#9259,0.00049999996788343);
#514=CIRCLE('',#9262,0.000499999967883414);
#515=CIRCLE('',#9265,0.000499999949350097);
#516=CIRCLE('',#9268,0.000499999949350086);
#517=CIRCLE('',#9271,0.000500000010587333);
#518=CIRCLE('',#9274,0.000499999949350092);
#519=CIRCLE('',#9277,0.000499999967883439);
#520=CIRCLE('',#9280,0.000499999967883439);
#521=CIRCLE('',#9283,0.000499999967883439);
#522=CIRCLE('',#9287,0.00049999996788343);
#523=CIRCLE('',#9290,0.000499999967883442);
#524=CIRCLE('',#9293,0.00049999996788343);
#525=CIRCLE('',#9296,0.000499999967883439);
#526=CIRCLE('',#9299,0.00049999996788344);
#527=CIRCLE('',#9302,0.00049999996788344);
#528=CIRCLE('',#9305,0.000499999967883437);
#529=CIRCLE('',#9308,0.000499999967883418);
#530=CIRCLE('',#9311,0.000499999967883432);
#531=CIRCLE('',#9314,0.000499999967883442);
#532=CIRCLE('',#9318,0.000499999967883421);
#533=CIRCLE('',#9321,0.00049999996788344);
#534=CIRCLE('',#9324,0.000499999967883435);
#535=CIRCLE('',#9328,0.000499999967883421);
#536=CIRCLE('',#9331,0.000499999967883432);
#537=CIRCLE('',#9334,0.000499999967883428);
#538=CIRCLE('',#9338,0.00049999996788343);
#539=CIRCLE('',#9340,0.000499999967883428);
#540=CIRCLE('',#9342,0.000499999966244721);
#541=CIRCLE('',#9344,0.000499999967883428);
#542=CIRCLE('',#9346,0.000499999967883444);
#543=CIRCLE('',#9350,0.000499999967883461);
#544=CIRCLE('',#9352,0.000499999967883425);
#545=CIRCLE('',#9354,0.000499999967883433);
#546=CIRCLE('',#9356,0.000499999967883433);
#547=CIRCLE('',#9358,0.00049999996788343);
#548=CIRCLE('',#9360,0.00049999996788343);
#549=CIRCLE('',#9363,0.000499999967883411);
#550=CIRCLE('',#9366,0.000499999967883439);
#551=CIRCLE('',#9369,0.000499999967883426);
#552=CIRCLE('',#9371,0.00049999996788343);
#553=CIRCLE('',#9373,0.000499999967883421);
#554=CIRCLE('',#9375,0.000499999967883437);
#555=CIRCLE('',#9378,0.000499999967883435);
#556=CIRCLE('',#9380,0.00049999996788343);
#557=CIRCLE('',#9383,0.000499999967883428);
#558=CIRCLE('',#9385,0.000499999967883428);
#559=CIRCLE('',#9387,0.000499999967883432);
#560=CIRCLE('',#9390,0.00600001021235972);
#561=CIRCLE('',#9392,0.002);
#562=CIRCLE('',#9393,0.002);
#563=CIRCLE('',#9394,0.002);
#564=CIRCLE('',#9395,0.002);
#565=CIRCLE('',#9396,0.0012);
#566=CIRCLE('',#9397,0.0012);
#567=CIRCLE('',#9398,0.0012);
#568=CIRCLE('',#9399,0.0012);
#569=CIRCLE('',#9400,0.0012);
#570=CIRCLE('',#9401,0.0012);
#571=CIRCLE('',#9402,0.00600001021235972);
#572=CIRCLE('',#9403,0.00600050000025815);
#573=CIRCLE('',#9404,0.00599997117644554);
#574=CIRCLE('',#9405,0.00600005660948638);
#575=CIRCLE('',#9406,0.00600000949091333);
#576=CIRCLE('',#9407,0.00599990000000338);
#577=CIRCLE('',#9408,0.00599996279424643);
#578=CIRCLE('',#9409,0.00600040000009613);
#579=CIRCLE('',#9410,0.00600000000002383);
#580=CIRCLE('',#9411,0.00599996276287192);
#581=CIRCLE('',#9412,0.00599994337904301);
#582=CIRCLE('',#9413,0.00600001006599332);
#583=CIRCLE('',#9414,0.00599940000007059);
#584=CIRCLE('',#9415,0.0012);
#585=CIRCLE('',#9416,0.0012);
#586=CIRCLE('',#9426,0.00600001021235972);
#587=CIRCLE('',#9428,0.0012);
#588=CIRCLE('',#9429,0.0012);
#589=CIRCLE('',#9431,0.00600050000025815);
#590=CIRCLE('',#9433,0.00599997117644554);
#591=CIRCLE('',#9435,0.00600005660948638);
#592=CIRCLE('',#9438,0.00600000949091333);
#593=CIRCLE('',#9440,0.00599990000000338);
#594=CIRCLE('',#9442,0.00599996279424643);
#595=CIRCLE('',#9444,0.00600040000009613);
#596=CIRCLE('',#9446,0.00600000000002383);
#597=CIRCLE('',#9448,0.00599996276287192);
#598=CIRCLE('',#9451,0.00599994337904301);
#599=CIRCLE('',#9453,0.00600001006599332);
#600=CIRCLE('',#9456,0.00599940000007059);
#601=CIRCLE('',#9459,0.00600001021235972);
#602=CIRCLE('',#9462,0.00600050000025815);
#603=CIRCLE('',#9465,0.00599997117644554);
#604=CIRCLE('',#9468,0.00600005660948638);
#605=CIRCLE('',#9471,0.00600000949091333);
#606=CIRCLE('',#9474,0.00599990000000338);
#607=CIRCLE('',#9477,0.00599996279424643);
#608=CIRCLE('',#9480,0.00600040000009613);
#609=CIRCLE('',#9483,0.00600000000002383);
#610=CIRCLE('',#9486,0.00599996276287192);
#611=CIRCLE('',#9489,0.00599994337904301);
#612=CIRCLE('',#9492,0.00600001006599332);
#613=CIRCLE('',#9495,0.00599940000007059);
#614=CIRCLE('',#9498,0.00900001021235973);
#615=CIRCLE('',#9499,0.00900001021235973);
#616=CIRCLE('',#9504,0.0089994000000726);
#617=CIRCLE('',#9505,0.0089994000000726);
#618=CIRCLE('',#9508,0.00900001006599345);
#619=CIRCLE('',#9509,0.00900001006599345);
#620=CIRCLE('',#9512,0.008999943379043);
#621=CIRCLE('',#9513,0.008999943379043);
#622=CIRCLE('',#9516,0.00900000000000013);
#623=CIRCLE('',#9517,0.00900000000000013);
#624=CIRCLE('',#9520,0.00900000000002427);
#625=CIRCLE('',#9521,0.00900000000002427);
#626=CIRCLE('',#9524,0.00300040000009689);
#627=CIRCLE('',#9525,0.00300040000009689);
#628=CIRCLE('',#9528,0.00299996279424704);
#629=CIRCLE('',#9529,0.00299996279424704);
#630=CIRCLE('',#9532,0.00899990000000312);
#631=CIRCLE('',#9533,0.00899990000000312);
#632=CIRCLE('',#9536,0.00900000949091333);
#633=CIRCLE('',#9537,0.00900000949091333);
#634=CIRCLE('',#9540,0.00900005660948636);
#635=CIRCLE('',#9541,0.00900005660948636);
#636=CIRCLE('',#9544,0.00299997117644561);
#637=CIRCLE('',#9545,0.00299997117644561);
#638=CIRCLE('',#9548,0.00900050000026207);
#639=CIRCLE('',#9549,0.00900050000026207);
#640=CIRCLE('',#9557,0.001);
#641=CIRCLE('',#9558,0.001);
#642=CIRCLE('',#9560,0.002);
#643=CIRCLE('',#9564,0.001);
#644=CIRCLE('',#9565,0.001);
#645=CIRCLE('',#9567,0.002);
#646=CIRCLE('',#9571,0.001);
#647=CIRCLE('',#9572,0.001);
#648=CIRCLE('',#9574,0.002);
#649=CIRCLE('',#9578,0.001);
#650=CIRCLE('',#9579,0.001);
#651=CIRCLE('',#9581,0.002);
#652=CIRCLE('',#9603,0.0004);
#653=CIRCLE('',#9605,0.0004);
#654=CIRCLE('',#9608,0.0004);
#655=CIRCLE('',#9610,0.0004);
#656=CIRCLE('',#9617,0.0004);
#657=CIRCLE('',#9619,0.0004);
#658=CIRCLE('',#9621,0.0004);
#659=CIRCLE('',#9623,0.0004);
#660=CIRCLE('',#9626,0.0004);
#661=CIRCLE('',#9628,0.0004);
#662=CIRCLE('',#9630,0.0004);
#663=CIRCLE('',#9632,0.0004);
#664=CIRCLE('',#9634,0.0004);
#665=CIRCLE('',#9636,0.0004);
#666=CIRCLE('',#9638,0.0004);
#667=CIRCLE('',#9641,0.0004);
#668=CIRCLE('',#9643,0.0004);
#669=CIRCLE('',#9645,0.0004);
#670=CIRCLE('',#9647,0.0004);
#671=CIRCLE('',#9649,0.0004);
#672=CIRCLE('',#9651,0.0004);
#673=CIRCLE('',#9653,0.0004);
#674=CIRCLE('',#9655,0.0004);
#675=CIRCLE('',#9657,0.0004);
#676=CIRCLE('',#9659,0.0004);
#677=CIRCLE('',#9661,0.0004);
#678=CIRCLE('',#9663,0.0004);
#679=CIRCLE('',#9665,0.0004);
#680=CIRCLE('',#9667,0.0004);
#681=CIRCLE('',#9669,0.0004);
#682=CIRCLE('',#9671,0.0004);
#683=CIRCLE('',#9673,0.0004);
#684=CIRCLE('',#9675,0.0004);
#685=CIRCLE('',#9677,0.0004);
#686=CIRCLE('',#9679,0.0004);
#687=CIRCLE('',#9681,0.0004);
#688=CIRCLE('',#9683,0.0004);
#689=CIRCLE('',#9685,0.0004);
#690=CIRCLE('',#9689,0.0004);
#691=CIRCLE('',#9691,0.0004);
#692=CIRCLE('',#9693,0.0004);
#693=CIRCLE('',#9695,0.0004);
#694=CIRCLE('',#9697,0.0004);
#695=CIRCLE('',#9699,0.0004);
#696=CIRCLE('',#9701,0.0004);
#697=CIRCLE('',#9703,0.0004);
#698=CIRCLE('',#9705,0.0004);
#699=CIRCLE('',#9707,0.0004);
#700=CIRCLE('',#9710,0.0004);
#701=CIRCLE('',#9712,0.0004);
#702=CIRCLE('',#9714,0.0004);
#703=CIRCLE('',#9721,0.0004);
#704=CIRCLE('',#9723,0.0004);
#705=CIRCLE('',#9725,0.0004);
#706=CIRCLE('',#9731,0.0004);
#707=CIRCLE('',#9733,0.0012);
#708=CIRCLE('',#9736,0.0012);
#709=LINE('',#14057,#1464);
#710=LINE('',#14061,#1465);
#711=LINE('',#14399,#1466);
#712=LINE('',#14403,#1467);
#713=LINE('',#15181,#1468);
#714=LINE('',#15184,#1469);
#715=LINE('',#15186,#1470);
#716=LINE('',#15188,#1471);
#717=LINE('',#15189,#1472);
#718=LINE('',#15194,#1473);
#719=LINE('',#15198,#1474);
#720=LINE('',#15202,#1475);
#721=LINE('',#15205,#1476);
#722=LINE('',#15210,#1477);
#723=LINE('',#15214,#1478);
#724=LINE('',#15218,#1479);
#725=LINE('',#15221,#1480);
#726=LINE('',#15226,#1481);
#727=LINE('',#15230,#1482);
#728=LINE('',#15234,#1483);
#729=LINE('',#15237,#1484);
#730=LINE('',#15242,#1485);
#731=LINE('',#15246,#1486);
#732=LINE('',#15250,#1487);
#733=LINE('',#15253,#1488);
#734=LINE('',#15258,#1489);
#735=LINE('',#15262,#1490);
#736=LINE('',#15266,#1491);
#737=LINE('',#15272,#1492);
#738=LINE('',#15276,#1493);
#739=LINE('',#15280,#1494);
#740=LINE('',#15284,#1495);
#741=LINE('',#15288,#1496);
#742=LINE('',#15292,#1497);
#743=LINE('',#15296,#1498);
#744=LINE('',#15300,#1499);
#745=LINE('',#15301,#1500);
#746=LINE('',#15306,#1501);
#747=LINE('',#15310,#1502);
#748=LINE('',#15314,#1503);
#749=LINE('',#15317,#1504);
#750=LINE('',#15322,#1505);
#751=LINE('',#15326,#1506);
#752=LINE('',#15330,#1507);
#753=LINE('',#15333,#1508);
#754=LINE('',#15338,#1509);
#755=LINE('',#15342,#1510);
#756=LINE('',#15346,#1511);
#757=LINE('',#15349,#1512);
#758=LINE('',#15354,#1513);
#759=LINE('',#15358,#1514);
#760=LINE('',#15362,#1515);
#761=LINE('',#15365,#1516);
#762=LINE('',#15370,#1517);
#763=LINE('',#15374,#1518);
#764=LINE('',#15378,#1519);
#765=LINE('',#15381,#1520);
#766=LINE('',#15386,#1521);
#767=LINE('',#15390,#1522);
#768=LINE('',#15394,#1523);
#769=LINE('',#15400,#1524);
#770=LINE('',#15404,#1525);
#771=LINE('',#15408,#1526);
#772=LINE('',#15412,#1527);
#773=LINE('',#15413,#1528);
#774=LINE('',#15418,#1529);
#775=LINE('',#15422,#1530);
#776=LINE('',#15426,#1531);
#777=LINE('',#15432,#1532);
#778=LINE('',#15436,#1533);
#779=LINE('',#15440,#1534);
#780=LINE('',#15444,#1535);
#781=LINE('',#15445,#1536);
#782=LINE('',#15450,#1537);
#783=LINE('',#15454,#1538);
#784=LINE('',#15458,#1539);
#785=LINE('',#15464,#1540);
#786=LINE('',#15468,#1541);
#787=LINE('',#15472,#1542);
#788=LINE('',#15476,#1543);
#789=LINE('',#15477,#1544);
#790=LINE('',#15482,#1545);
#791=LINE('',#15486,#1546);
#792=LINE('',#15490,#1547);
#793=LINE('',#15493,#1548);
#794=LINE('',#15498,#1549);
#795=LINE('',#15502,#1550);
#796=LINE('',#15506,#1551);
#797=LINE('',#15509,#1552);
#798=LINE('',#15514,#1553);
#799=LINE('',#15518,#1554);
#800=LINE('',#15522,#1555);
#801=LINE('',#15525,#1556);
#802=LINE('',#15530,#1557);
#803=LINE('',#15534,#1558);
#804=LINE('',#15538,#1559);
#805=LINE('',#15544,#1560);
#806=LINE('',#15548,#1561);
#807=LINE('',#15552,#1562);
#808=LINE('',#15556,#1563);
#809=LINE('',#15557,#1564);
#810=LINE('',#15562,#1565);
#811=LINE('',#15566,#1566);
#812=LINE('',#15570,#1567);
#813=LINE('',#15573,#1568);
#814=LINE('',#15578,#1569);
#815=LINE('',#15582,#1570);
#816=LINE('',#15586,#1571);
#817=LINE('',#15592,#1572);
#818=LINE('',#15596,#1573);
#819=LINE('',#15600,#1574);
#820=LINE('',#15604,#1575);
#821=LINE('',#15605,#1576);
#822=LINE('',#15610,#1577);
#823=LINE('',#15614,#1578);
#824=LINE('',#15618,#1579);
#825=LINE('',#15621,#1580);
#826=LINE('',#15626,#1581);
#827=LINE('',#15630,#1582);
#828=LINE('',#15634,#1583);
#829=LINE('',#15637,#1584);
#830=LINE('',#15642,#1585);
#831=LINE('',#15646,#1586);
#832=LINE('',#15650,#1587);
#833=LINE('',#15656,#1588);
#834=LINE('',#15657,#1589);
#835=LINE('',#15658,#1590);
#836=LINE('',#15662,#1591);
#837=LINE('',#15663,#1592);
#838=LINE('',#15664,#1593);
#839=LINE('',#15666,#1594);
#840=LINE('',#15673,#1595);
#841=LINE('',#15677,#1596);
#842=LINE('',#15681,#1597);
#843=LINE('',#15685,#1598);
#844=LINE('',#15689,#1599);
#845=LINE('',#15693,#1600);
#846=LINE('',#15697,#1601);
#847=LINE('',#15701,#1602);
#848=LINE('',#15705,#1603);
#849=LINE('',#15709,#1604);
#850=LINE('',#15713,#1605);
#851=LINE('',#15717,#1606);
#852=LINE('',#15721,#1607);
#853=LINE('',#15725,#1608);
#854=LINE('',#15726,#1609);
#855=LINE('',#15728,#1610);
#856=LINE('',#15733,#1611);
#857=LINE('',#15735,#1612);
#858=LINE('',#15737,#1613);
#859=LINE('',#15745,#1614);
#860=LINE('',#15747,#1615);
#861=LINE('',#15749,#1616);
#862=LINE('',#15751,#1617);
#863=LINE('',#15754,#1618);
#864=LINE('',#15756,#1619);
#865=LINE('',#15767,#1620);
#866=LINE('',#15773,#1621);
#867=LINE('',#15775,#1622);
#868=LINE('',#15777,#1623);
#869=LINE('',#15779,#1624);
#870=LINE('',#15781,#1625);
#871=LINE('',#15786,#1626);
#872=LINE('',#15790,#1627);
#873=LINE('',#15794,#1628);
#874=LINE('',#15798,#1629);
#875=LINE('',#15802,#1630);
#876=LINE('',#15806,#1631);
#877=LINE('',#15810,#1632);
#878=LINE('',#15814,#1633);
#879=LINE('',#15816,#1634);
#880=LINE('',#15818,#1635);
#881=LINE('',#15822,#1636);
#882=LINE('',#15826,#1637);
#883=LINE('',#15830,#1638);
#884=LINE('',#15834,#1639);
#885=LINE('',#15838,#1640);
#886=LINE('',#15842,#1641);
#887=LINE('',#15846,#1642);
#888=LINE('',#15850,#1643);
#889=LINE('',#15854,#1644);
#890=LINE('',#15858,#1645);
#891=LINE('',#15862,#1646);
#892=LINE('',#15866,#1647);
#893=LINE('',#15870,#1648);
#894=LINE('',#15872,#1649);
#895=LINE('',#15874,#1650);
#896=LINE('',#15878,#1651);
#897=LINE('',#15882,#1652);
#898=LINE('',#15886,#1653);
#899=LINE('',#15890,#1654);
#900=LINE('',#15894,#1655);
#901=LINE('',#15896,#1656);
#902=LINE('',#15899,#1657);
#903=LINE('',#15901,#1658);
#904=LINE('',#15903,#1659);
#905=LINE('',#15905,#1660);
#906=LINE('',#15908,#1661);
#907=LINE('',#15909,#1662);
#908=LINE('',#15911,#1663);
#909=LINE('',#15914,#1664);
#910=LINE('',#15915,#1665);
#911=LINE('',#15917,#1666);
#912=LINE('',#15920,#1667);
#913=LINE('',#15922,#1668);
#914=LINE('',#15923,#1669);
#915=LINE('',#15925,#1670);
#916=LINE('',#15928,#1671);
#917=LINE('',#15929,#1672);
#918=LINE('',#15931,#1673);
#919=LINE('',#15933,#1674);
#920=LINE('',#15936,#1675);
#921=LINE('',#15937,#1676);
#922=LINE('',#15938,#1677);
#923=LINE('',#15940,#1678);
#924=LINE('',#15941,#1679);
#925=LINE('',#15943,#1680);
#926=LINE('',#15947,#1681);
#927=LINE('',#15954,#1682);
#928=LINE('',#15956,#1683);
#929=LINE('',#15961,#1684);
#930=LINE('',#15963,#1685);
#931=LINE('',#15965,#1686);
#932=LINE('',#15972,#1687);
#933=LINE('',#15974,#1688);
#934=LINE('',#15976,#1689);
#935=LINE('',#15977,#1690);
#936=LINE('',#15979,#1691);
#937=LINE('',#15980,#1692);
#938=LINE('',#15982,#1693);
#939=LINE('',#15984,#1694);
#940=LINE('',#15986,#1695);
#941=LINE('',#15988,#1696);
#942=LINE('',#15990,#1697);
#943=LINE('',#15992,#1698);
#944=LINE('',#15994,#1699);
#945=LINE('',#15997,#1700);
#946=LINE('',#15998,#1701);
#947=LINE('',#16000,#1702);
#948=LINE('',#16002,#1703);
#949=LINE('',#16005,#1704);
#950=LINE('',#16006,#1705);
#951=LINE('',#16010,#1706);
#952=LINE('',#16012,#1707);
#953=LINE('',#16014,#1708);
#954=LINE('',#16018,#1709);
#955=LINE('',#16020,#1710);
#956=LINE('',#16022,#1711);
#957=LINE('',#16026,#1712);
#958=LINE('',#16028,#1713);
#959=LINE('',#16030,#1714);
#960=LINE('',#16032,#1715);
#961=LINE('',#16035,#1716);
#962=LINE('',#16036,#1717);
#963=LINE('',#16040,#1718);
#964=LINE('',#16042,#1719);
#965=LINE('',#16044,#1720);
#966=LINE('',#16048,#1721);
#967=LINE('',#16050,#1722);
#968=LINE('',#16052,#1723);
#969=LINE('',#16056,#1724);
#970=LINE('',#16058,#1725);
#971=LINE('',#16060,#1726);
#972=LINE('',#16062,#1727);
#973=LINE('',#16065,#1728);
#974=LINE('',#16066,#1729);
#975=LINE('',#16070,#1730);
#976=LINE('',#16072,#1731);
#977=LINE('',#16074,#1732);
#978=LINE('',#16078,#1733);
#979=LINE('',#16080,#1734);
#980=LINE('',#16082,#1735);
#981=LINE('',#16086,#1736);
#982=LINE('',#16088,#1737);
#983=LINE('',#16090,#1738);
#984=LINE('',#16092,#1739);
#985=LINE('',#16095,#1740);
#986=LINE('',#16096,#1741);
#987=LINE('',#16100,#1742);
#988=LINE('',#16102,#1743);
#989=LINE('',#16104,#1744);
#990=LINE('',#16108,#1745);
#991=LINE('',#16110,#1746);
#992=LINE('',#16112,#1747);
#993=LINE('',#16116,#1748);
#994=LINE('',#16118,#1749);
#995=LINE('',#16120,#1750);
#996=LINE('',#16122,#1751);
#997=LINE('',#16125,#1752);
#998=LINE('',#16126,#1753);
#999=LINE('',#16130,#1754);
#1000=LINE('',#16132,#1755);
#1001=LINE('',#16134,#1756);
#1002=LINE('',#16138,#1757);
#1003=LINE('',#16140,#1758);
#1004=LINE('',#16142,#1759);
#1005=LINE('',#16146,#1760);
#1006=LINE('',#16148,#1761);
#1007=LINE('',#16150,#1762);
#1008=LINE('',#16155,#1763);
#1009=LINE('',#16156,#1764);
#1010=LINE('',#16158,#1765);
#1011=LINE('',#16160,#1766);
#1012=LINE('',#16164,#1767);
#1013=LINE('',#16166,#1768);
#1014=LINE('',#16168,#1769);
#1015=LINE('',#16172,#1770);
#1016=LINE('',#16174,#1771);
#1017=LINE('',#16176,#1772);
#1018=LINE('',#16180,#1773);
#1019=LINE('',#16185,#1774);
#1020=LINE('',#16186,#1775);
#1021=LINE('',#16188,#1776);
#1022=LINE('',#16190,#1777);
#1023=LINE('',#16194,#1778);
#1024=LINE('',#16196,#1779);
#1025=LINE('',#16198,#1780);
#1026=LINE('',#16202,#1781);
#1027=LINE('',#16204,#1782);
#1028=LINE('',#16206,#1783);
#1029=LINE('',#16210,#1784);
#1030=LINE('',#16212,#1785);
#1031=LINE('',#16215,#1786);
#1032=LINE('',#16216,#1787);
#1033=LINE('',#16220,#1788);
#1034=LINE('',#16222,#1789);
#1035=LINE('',#16224,#1790);
#1036=LINE('',#16228,#1791);
#1037=LINE('',#16230,#1792);
#1038=LINE('',#16232,#1793);
#1039=LINE('',#16236,#1794);
#1040=LINE('',#16238,#1795);
#1041=LINE('',#16240,#1796);
#1042=LINE('',#16242,#1797);
#1043=LINE('',#16245,#1798);
#1044=LINE('',#16246,#1799);
#1045=LINE('',#16250,#1800);
#1046=LINE('',#16252,#1801);
#1047=LINE('',#16254,#1802);
#1048=LINE('',#16258,#1803);
#1049=LINE('',#16260,#1804);
#1050=LINE('',#16262,#1805);
#1051=LINE('',#16266,#1806);
#1052=LINE('',#16268,#1807);
#1053=LINE('',#16270,#1808);
#1054=LINE('',#16272,#1809);
#1055=LINE('',#16275,#1810);
#1056=LINE('',#16276,#1811);
#1057=LINE('',#16280,#1812);
#1058=LINE('',#16282,#1813);
#1059=LINE('',#16284,#1814);
#1060=LINE('',#16288,#1815);
#1061=LINE('',#16290,#1816);
#1062=LINE('',#16292,#1817);
#1063=LINE('',#16296,#1818);
#1064=LINE('',#16298,#1819);
#1065=LINE('',#16300,#1820);
#1066=LINE('',#16302,#1821);
#1067=LINE('',#16305,#1822);
#1068=LINE('',#16306,#1823);
#1069=LINE('',#16310,#1824);
#1070=LINE('',#16312,#1825);
#1071=LINE('',#16314,#1826);
#1072=LINE('',#16318,#1827);
#1073=LINE('',#16320,#1828);
#1074=LINE('',#16322,#1829);
#1075=LINE('',#16326,#1830);
#1076=LINE('',#16328,#1831);
#1077=LINE('',#16330,#1832);
#1078=LINE('',#16332,#1833);
#1079=LINE('',#16335,#1834);
#1080=LINE('',#16336,#1835);
#1081=LINE('',#16340,#1836);
#1082=LINE('',#16342,#1837);
#1083=LINE('',#16344,#1838);
#1084=LINE('',#16348,#1839);
#1085=LINE('',#16350,#1840);
#1086=LINE('',#16352,#1841);
#1087=LINE('',#16356,#1842);
#1088=LINE('',#16358,#1843);
#1089=LINE('',#16360,#1844);
#1090=LINE('',#16362,#1845);
#1091=LINE('',#16365,#1846);
#1092=LINE('',#16366,#1847);
#1093=LINE('',#16370,#1848);
#1094=LINE('',#16372,#1849);
#1095=LINE('',#16374,#1850);
#1096=LINE('',#16378,#1851);
#1097=LINE('',#16380,#1852);
#1098=LINE('',#16382,#1853);
#1099=LINE('',#16386,#1854);
#1100=LINE('',#16388,#1855);
#1101=LINE('',#16390,#1856);
#1102=LINE('',#16395,#1857);
#1103=LINE('',#16396,#1858);
#1104=LINE('',#16398,#1859);
#1105=LINE('',#16400,#1860);
#1106=LINE('',#16404,#1861);
#1107=LINE('',#16406,#1862);
#1108=LINE('',#16408,#1863);
#1109=LINE('',#16412,#1864);
#1110=LINE('',#16414,#1865);
#1111=LINE('',#16416,#1866);
#1112=LINE('',#16420,#1867);
#1113=LINE('',#16422,#1868);
#1114=LINE('',#16425,#1869);
#1115=LINE('',#16426,#1870);
#1116=LINE('',#16430,#1871);
#1117=LINE('',#16432,#1872);
#1118=LINE('',#16434,#1873);
#1119=LINE('',#16438,#1874);
#1120=LINE('',#16440,#1875);
#1121=LINE('',#16442,#1876);
#1122=LINE('',#16446,#1877);
#1123=LINE('',#16448,#1878);
#1124=LINE('',#16450,#1879);
#1125=LINE('',#16455,#1880);
#1126=LINE('',#16456,#1881);
#1127=LINE('',#16458,#1882);
#1128=LINE('',#16460,#1883);
#1129=LINE('',#16464,#1884);
#1130=LINE('',#16466,#1885);
#1131=LINE('',#16468,#1886);
#1132=LINE('',#16472,#1887);
#1133=LINE('',#16474,#1888);
#1134=LINE('',#16476,#1889);
#1135=LINE('',#16480,#1890);
#1136=LINE('',#16482,#1891);
#1137=LINE('',#16485,#1892);
#1138=LINE('',#16486,#1893);
#1139=LINE('',#16490,#1894);
#1140=LINE('',#16492,#1895);
#1141=LINE('',#16494,#1896);
#1142=LINE('',#16498,#1897);
#1143=LINE('',#16500,#1898);
#1144=LINE('',#16502,#1899);
#1145=LINE('',#16506,#1900);
#1146=LINE('',#16508,#1901);
#1147=LINE('',#16510,#1902);
#1148=LINE('',#16515,#1903);
#1149=LINE('',#16516,#1904);
#1150=LINE('',#16518,#1905);
#1151=LINE('',#16520,#1906);
#1152=LINE('',#16524,#1907);
#1153=LINE('',#16526,#1908);
#1154=LINE('',#16528,#1909);
#1155=LINE('',#16532,#1910);
#1156=LINE('',#16534,#1911);
#1157=LINE('',#16536,#1912);
#1158=LINE('',#16540,#1913);
#1159=LINE('',#16542,#1914);
#1160=LINE('',#16545,#1915);
#1161=LINE('',#16546,#1916);
#1162=LINE('',#16550,#1917);
#1163=LINE('',#16552,#1918);
#1164=LINE('',#16554,#1919);
#1165=LINE('',#16558,#1920);
#1166=LINE('',#16560,#1921);
#1167=LINE('',#16562,#1922);
#1168=LINE('',#16566,#1923);
#1169=LINE('',#16568,#1924);
#1170=LINE('',#16570,#1925);
#1171=LINE('',#16572,#1926);
#1172=LINE('',#16575,#1927);
#1173=LINE('',#16576,#1928);
#1174=LINE('',#16580,#1929);
#1175=LINE('',#16582,#1930);
#1176=LINE('',#16584,#1931);
#1177=LINE('',#16588,#1932);
#1178=LINE('',#16590,#1933);
#1179=LINE('',#16592,#1934);
#1180=LINE('',#16596,#1935);
#1181=LINE('',#16598,#1936);
#1182=LINE('',#16600,#1937);
#1183=LINE('',#16602,#1938);
#1184=LINE('',#16605,#1939);
#1185=LINE('',#16606,#1940);
#1186=LINE('',#16610,#1941);
#1187=LINE('',#16612,#1942);
#1188=LINE('',#16614,#1943);
#1189=LINE('',#16618,#1944);
#1190=LINE('',#16620,#1945);
#1191=LINE('',#16622,#1946);
#1192=LINE('',#16626,#1947);
#1193=LINE('',#16628,#1948);
#1194=LINE('',#16630,#1949);
#1195=LINE('',#16632,#1950);
#1196=LINE('',#16635,#1951);
#1197=LINE('',#16636,#1952);
#1198=LINE('',#16640,#1953);
#1199=LINE('',#16642,#1954);
#1200=LINE('',#16644,#1955);
#1201=LINE('',#16648,#1956);
#1202=LINE('',#16650,#1957);
#1203=LINE('',#16652,#1958);
#1204=LINE('',#16656,#1959);
#1205=LINE('',#16658,#1960);
#1206=LINE('',#16660,#1961);
#1207=LINE('',#16665,#1962);
#1208=LINE('',#16666,#1963);
#1209=LINE('',#16668,#1964);
#1210=LINE('',#16670,#1965);
#1211=LINE('',#16674,#1966);
#1212=LINE('',#16676,#1967);
#1213=LINE('',#16678,#1968);
#1214=LINE('',#16682,#1969);
#1215=LINE('',#16684,#1970);
#1216=LINE('',#16686,#1971);
#1217=LINE('',#16690,#1972);
#1218=LINE('',#16692,#1973);
#1219=LINE('',#16695,#1974);
#1220=LINE('',#16696,#1975);
#1221=LINE('',#16700,#1976);
#1222=LINE('',#16702,#1977);
#1223=LINE('',#16704,#1978);
#1224=LINE('',#16708,#1979);
#1225=LINE('',#16710,#1980);
#1226=LINE('',#16712,#1981);
#1227=LINE('',#16716,#1982);
#1228=LINE('',#16718,#1983);
#1229=LINE('',#16720,#1984);
#1230=LINE('',#16722,#1985);
#1231=LINE('',#16725,#1986);
#1232=LINE('',#16726,#1987);
#1233=LINE('',#16730,#1988);
#1234=LINE('',#16732,#1989);
#1235=LINE('',#16734,#1990);
#1236=LINE('',#16738,#1991);
#1237=LINE('',#16740,#1992);
#1238=LINE('',#16742,#1993);
#1239=LINE('',#16746,#1994);
#1240=LINE('',#16748,#1995);
#1241=LINE('',#16750,#1996);
#1242=LINE('',#16755,#1997);
#1243=LINE('',#16756,#1998);
#1244=LINE('',#16758,#1999);
#1245=LINE('',#16760,#2000);
#1246=LINE('',#16764,#2001);
#1247=LINE('',#16766,#2002);
#1248=LINE('',#16768,#2003);
#1249=LINE('',#16772,#2004);
#1250=LINE('',#16774,#2005);
#1251=LINE('',#16776,#2006);
#1252=LINE('',#16780,#2007);
#1253=LINE('',#16782,#2008);
#1254=LINE('',#16785,#2009);
#1255=LINE('',#16786,#2010);
#1256=LINE('',#16790,#2011);
#1257=LINE('',#16792,#2012);
#1258=LINE('',#16794,#2013);
#1259=LINE('',#16798,#2014);
#1260=LINE('',#16800,#2015);
#1261=LINE('',#16802,#2016);
#1262=LINE('',#16806,#2017);
#1263=LINE('',#16808,#2018);
#1264=LINE('',#16810,#2019);
#1265=LINE('',#16812,#2020);
#1266=LINE('',#16815,#2021);
#1267=LINE('',#16816,#2022);
#1268=LINE('',#16820,#2023);
#1269=LINE('',#16822,#2024);
#1270=LINE('',#16824,#2025);
#1271=LINE('',#16828,#2026);
#1272=LINE('',#16830,#2027);
#1273=LINE('',#16832,#2028);
#1274=LINE('',#16836,#2029);
#1275=LINE('',#16838,#2030);
#1276=LINE('',#16840,#2031);
#1277=LINE('',#16842,#2032);
#1278=LINE('',#16845,#2033);
#1279=LINE('',#16846,#2034);
#1280=LINE('',#16850,#2035);
#1281=LINE('',#16852,#2036);
#1282=LINE('',#16854,#2037);
#1283=LINE('',#16858,#2038);
#1284=LINE('',#16860,#2039);
#1285=LINE('',#16862,#2040);
#1286=LINE('',#16866,#2041);
#1287=LINE('',#16868,#2042);
#1288=LINE('',#16870,#2043);
#1289=LINE('',#16872,#2044);
#1290=LINE('',#16875,#2045);
#1291=LINE('',#16876,#2046);
#1292=LINE('',#16877,#2047);
#1293=LINE('',#16889,#2048);
#1294=LINE('',#16891,#2049);
#1295=LINE('',#16905,#2050);
#1296=LINE('',#16909,#2051);
#1297=LINE('',#16913,#2052);
#1298=LINE('',#16923,#2053);
#1299=LINE('',#16929,#2054);
#1300=LINE('',#16937,#2055);
#1301=LINE('',#16938,#2056);
#1302=LINE('',#16940,#2057);
#1303=LINE('',#16944,#2058);
#1304=LINE('',#16967,#2059);
#1305=LINE('',#16971,#2060);
#1306=LINE('',#16975,#2061);
#1307=LINE('',#16979,#2062);
#1308=LINE('',#16983,#2063);
#1309=LINE('',#16987,#2064);
#1310=LINE('',#16991,#2065);
#1311=LINE('',#16995,#2066);
#1312=LINE('',#16999,#2067);
#1313=LINE('',#17003,#2068);
#1314=LINE('',#17007,#2069);
#1315=LINE('',#17011,#2070);
#1316=LINE('',#17017,#2071);
#1317=LINE('',#17019,#2072);
#1318=LINE('',#17021,#2073);
#1319=LINE('',#17023,#2074);
#1320=LINE('',#17025,#2075);
#1321=LINE('',#17027,#2076);
#1322=LINE('',#17029,#2077);
#1323=LINE('',#17031,#2078);
#1324=LINE('',#17033,#2079);
#1325=LINE('',#17035,#2080);
#1326=LINE('',#17037,#2081);
#1327=LINE('',#17039,#2082);
#1328=LINE('',#17041,#2083);
#1329=LINE('',#17043,#2084);
#1330=LINE('',#17045,#2085);
#1331=LINE('',#17047,#2086);
#1332=LINE('',#17049,#2087);
#1333=LINE('',#17051,#2088);
#1334=LINE('',#17053,#2089);
#1335=LINE('',#17055,#2090);
#1336=LINE('',#17057,#2091);
#1337=LINE('',#17059,#2092);
#1338=LINE('',#17061,#2093);
#1339=LINE('',#17063,#2094);
#1340=LINE('',#17065,#2095);
#1341=LINE('',#17069,#2096);
#1342=LINE('',#17071,#2097);
#1343=LINE('',#17075,#2098);
#1344=LINE('',#17076,#2099);
#1345=LINE('',#17079,#2100);
#1346=LINE('',#17081,#2101);
#1347=LINE('',#17087,#2102);
#1348=LINE('',#17091,#2103);
#1349=LINE('',#17093,#2104);
#1350=LINE('',#17105,#2105);
#1351=LINE('',#17109,#2106);
#1352=LINE('',#17111,#2107);
#1353=LINE('',#17115,#2108);
#1354=LINE('',#17119,#2109);
#1355=LINE('',#17121,#2110);
#1356=LINE('',#17125,#2111);
#1357=LINE('',#17127,#2112);
#1358=LINE('',#17141,#2113);
#1359=LINE('',#17145,#2114);
#1360=LINE('',#17147,#2115);
#1361=LINE('',#17149,#2116);
#1362=LINE('',#17153,#2117);
#1363=LINE('',#17155,#2118);
#1364=LINE('',#17157,#2119);
#1365=LINE('',#17161,#2120);
#1366=LINE('',#17163,#2121);
#1367=LINE('',#17165,#2122);
#1368=LINE('',#17169,#2123);
#1369=LINE('',#17171,#2124);
#1370=LINE('',#17173,#2125);
#1371=LINE('',#17177,#2126);
#1372=LINE('',#17179,#2127);
#1373=LINE('',#17181,#2128);
#1374=LINE('',#17185,#2129);
#1375=LINE('',#17187,#2130);
#1376=LINE('',#17189,#2131);
#1377=LINE('',#17193,#2132);
#1378=LINE('',#17195,#2133);
#1379=LINE('',#17197,#2134);
#1380=LINE('',#17201,#2135);
#1381=LINE('',#17203,#2136);
#1382=LINE('',#17205,#2137);
#1383=LINE('',#17209,#2138);
#1384=LINE('',#17211,#2139);
#1385=LINE('',#17213,#2140);
#1386=LINE('',#17217,#2141);
#1387=LINE('',#17219,#2142);
#1388=LINE('',#17221,#2143);
#1389=LINE('',#17225,#2144);
#1390=LINE('',#17227,#2145);
#1391=LINE('',#17229,#2146);
#1392=LINE('',#17233,#2147);
#1393=LINE('',#17235,#2148);
#1394=LINE('',#17239,#2149);
#1395=LINE('',#17241,#2150);
#1396=LINE('',#17243,#2151);
#1397=LINE('',#17244,#2152);
#1398=LINE('',#17245,#2153);
#1399=LINE('',#17248,#2154);
#1400=LINE('',#17250,#2155);
#1401=LINE('',#17252,#2156);
#1402=LINE('',#17254,#2157);
#1403=LINE('',#17260,#2158);
#1404=LINE('',#17261,#2159);
#1405=LINE('',#17263,#2160);
#1406=LINE('',#17265,#2161);
#1407=LINE('',#17268,#2162);
#1408=LINE('',#17272,#2163);
#1409=LINE('',#17278,#2164);
#1410=LINE('',#17281,#2165);
#1411=LINE('',#17282,#2166);
#1412=LINE('',#17284,#2167);
#1413=LINE('',#17290,#2168);
#1414=LINE('',#17293,#2169);
#1415=LINE('',#17294,#2170);
#1416=LINE('',#17296,#2171);
#1417=LINE('',#17302,#2172);
#1418=LINE('',#17305,#2173);
#1419=LINE('',#17306,#2174);
#1420=LINE('',#17308,#2175);
#1421=LINE('',#17314,#2176);
#1422=LINE('',#17317,#2177);
#1423=LINE('',#17318,#2178);
#1424=LINE('',#17320,#2179);
#1425=LINE('',#17326,#2180);
#1426=LINE('',#17329,#2181);
#1427=LINE('',#17330,#2182);
#1428=LINE('',#17332,#2183);
#1429=LINE('',#17338,#2184);
#1430=LINE('',#17341,#2185);
#1431=LINE('',#17342,#2186);
#1432=LINE('',#17344,#2187);
#1433=LINE('',#17350,#2188);
#1434=LINE('',#17353,#2189);
#1435=LINE('',#17354,#2190);
#1436=LINE('',#17356,#2191);
#1437=LINE('',#17362,#2192);
#1438=LINE('',#17365,#2193);
#1439=LINE('',#17366,#2194);
#1440=LINE('',#17368,#2195);
#1441=LINE('',#17374,#2196);
#1442=LINE('',#17377,#2197);
#1443=LINE('',#17378,#2198);
#1444=LINE('',#17380,#2199);
#1445=LINE('',#17386,#2200);
#1446=LINE('',#17389,#2201);
#1447=LINE('',#17390,#2202);
#1448=LINE('',#17392,#2203);
#1449=LINE('',#17398,#2204);
#1450=LINE('',#17401,#2205);
#1451=LINE('',#17402,#2206);
#1452=LINE('',#17408,#2207);
#1453=LINE('',#17410,#2208);
#1454=LINE('',#17426,#2209);
#1455=LINE('',#17427,#2210);
#1456=LINE('',#17429,#2211);
#1457=LINE('',#17430,#2212);
#1458=LINE('',#17447,#2213);
#1459=LINE('',#17448,#2214);
#1460=LINE('',#17450,#2215);
#1461=LINE('',#17453,#2216);
#1462=LINE('',#17455,#2217);
#1463=LINE('',#17457,#2218);
#1464=VECTOR('',#9750,1.);
#1465=VECTOR('',#9753,1.);
#1466=VECTOR('',#9756,1.);
#1467=VECTOR('',#9759,1.);
#1468=VECTOR('',#9794,1.);
#1469=VECTOR('',#9795,1.);
#1470=VECTOR('',#9796,1.);
#1471=VECTOR('',#9797,1.);
#1472=VECTOR('',#9798,1.);
#1473=VECTOR('',#9801,1.);
#1474=VECTOR('',#9804,1.);
#1475=VECTOR('',#9807,1.);
#1476=VECTOR('',#9810,1.);
#1477=VECTOR('',#9813,1.);
#1478=VECTOR('',#9816,1.);
#1479=VECTOR('',#9819,1.);
#1480=VECTOR('',#9822,1.);
#1481=VECTOR('',#9825,1.);
#1482=VECTOR('',#9828,1.);
#1483=VECTOR('',#9831,1.);
#1484=VECTOR('',#9834,1.);
#1485=VECTOR('',#9837,1.);
#1486=VECTOR('',#9840,1.);
#1487=VECTOR('',#9843,1.);
#1488=VECTOR('',#9846,1.);
#1489=VECTOR('',#9849,1.);
#1490=VECTOR('',#9852,1.);
#1491=VECTOR('',#9855,1.);
#1492=VECTOR('',#9860,1.);
#1493=VECTOR('',#9863,1.);
#1494=VECTOR('',#9866,1.);
#1495=VECTOR('',#9869,1.);
#1496=VECTOR('',#9872,1.);
#1497=VECTOR('',#9875,1.);
#1498=VECTOR('',#9878,1.);
#1499=VECTOR('',#9881,1.);
#1500=VECTOR('',#9882,1.);
#1501=VECTOR('',#9885,1.);
#1502=VECTOR('',#9888,1.);
#1503=VECTOR('',#9891,1.);
#1504=VECTOR('',#9894,1.);
#1505=VECTOR('',#9897,1.);
#1506=VECTOR('',#9900,1.);
#1507=VECTOR('',#9903,1.);
#1508=VECTOR('',#9906,1.);
#1509=VECTOR('',#9909,1.);
#1510=VECTOR('',#9912,1.);
#1511=VECTOR('',#9915,1.);
#1512=VECTOR('',#9918,1.);
#1513=VECTOR('',#9921,1.);
#1514=VECTOR('',#9924,1.);
#1515=VECTOR('',#9927,1.);
#1516=VECTOR('',#9930,1.);
#1517=VECTOR('',#9933,1.);
#1518=VECTOR('',#9936,1.);
#1519=VECTOR('',#9939,1.);
#1520=VECTOR('',#9942,1.);
#1521=VECTOR('',#9945,1.);
#1522=VECTOR('',#9948,1.);
#1523=VECTOR('',#9951,1.);
#1524=VECTOR('',#9956,1.);
#1525=VECTOR('',#9959,1.);
#1526=VECTOR('',#9962,1.);
#1527=VECTOR('',#9965,1.);
#1528=VECTOR('',#9966,1.);
#1529=VECTOR('',#9969,1.);
#1530=VECTOR('',#9972,1.);
#1531=VECTOR('',#9975,1.);
#1532=VECTOR('',#9980,1.);
#1533=VECTOR('',#9983,1.);
#1534=VECTOR('',#9986,1.);
#1535=VECTOR('',#9989,1.);
#1536=VECTOR('',#9990,1.);
#1537=VECTOR('',#9993,1.);
#1538=VECTOR('',#9996,1.);
#1539=VECTOR('',#9999,1.);
#1540=VECTOR('',#10004,1.);
#1541=VECTOR('',#10007,1.);
#1542=VECTOR('',#10010,1.);
#1543=VECTOR('',#10013,1.);
#1544=VECTOR('',#10014,1.);
#1545=VECTOR('',#10017,1.);
#1546=VECTOR('',#10020,1.);
#1547=VECTOR('',#10023,1.);
#1548=VECTOR('',#10026,1.);
#1549=VECTOR('',#10029,1.);
#1550=VECTOR('',#10032,1.);
#1551=VECTOR('',#10035,1.);
#1552=VECTOR('',#10038,1.);
#1553=VECTOR('',#10041,1.);
#1554=VECTOR('',#10044,1.);
#1555=VECTOR('',#10047,1.);
#1556=VECTOR('',#10050,1.);
#1557=VECTOR('',#10053,1.);
#1558=VECTOR('',#10056,1.);
#1559=VECTOR('',#10059,1.);
#1560=VECTOR('',#10064,1.);
#1561=VECTOR('',#10067,1.);
#1562=VECTOR('',#10070,1.);
#1563=VECTOR('',#10073,1.);
#1564=VECTOR('',#10074,1.);
#1565=VECTOR('',#10077,1.);
#1566=VECTOR('',#10080,1.);
#1567=VECTOR('',#10083,1.);
#1568=VECTOR('',#10086,1.);
#1569=VECTOR('',#10089,1.);
#1570=VECTOR('',#10092,1.);
#1571=VECTOR('',#10095,1.);
#1572=VECTOR('',#10100,1.);
#1573=VECTOR('',#10103,1.);
#1574=VECTOR('',#10106,1.);
#1575=VECTOR('',#10109,1.);
#1576=VECTOR('',#10110,1.);
#1577=VECTOR('',#10113,1.);
#1578=VECTOR('',#10116,1.);
#1579=VECTOR('',#10119,1.);
#1580=VECTOR('',#10122,1.);
#1581=VECTOR('',#10125,1.);
#1582=VECTOR('',#10128,1.);
#1583=VECTOR('',#10131,1.);
#1584=VECTOR('',#10134,1.);
#1585=VECTOR('',#10137,1.);
#1586=VECTOR('',#10140,1.);
#1587=VECTOR('',#10143,1.);
#1588=VECTOR('',#10148,1.);
#1589=VECTOR('',#10149,1.);
#1590=VECTOR('',#10150,1.);
#1591=VECTOR('',#10153,1.);
#1592=VECTOR('',#10154,1.);
#1593=VECTOR('',#10155,1.);
#1594=VECTOR('',#10156,1.);
#1595=VECTOR('',#10157,1.);
#1596=VECTOR('',#10160,1.);
#1597=VECTOR('',#10163,1.);
#1598=VECTOR('',#10166,1.);
#1599=VECTOR('',#10169,1.);
#1600=VECTOR('',#10172,1.);
#1601=VECTOR('',#10175,1.);
#1602=VECTOR('',#10178,1.);
#1603=VECTOR('',#10181,1.);
#1604=VECTOR('',#10184,1.);
#1605=VECTOR('',#10187,1.);
#1606=VECTOR('',#10190,1.);
#1607=VECTOR('',#10193,1.);
#1608=VECTOR('',#10196,1.);
#1609=VECTOR('',#10197,1.);
#1610=VECTOR('',#10200,1.);
#1611=VECTOR('',#10203,1.);
#1612=VECTOR('',#10204,1.);
#1613=VECTOR('',#10205,1.);
#1614=VECTOR('',#10214,1.);
#1615=VECTOR('',#10215,1.);
#1616=VECTOR('',#10216,1.);
#1617=VECTOR('',#10219,1.);
#1618=VECTOR('',#10220,1.);
#1619=VECTOR('',#10221,1.);
#1620=VECTOR('',#10224,1.);
#1621=VECTOR('',#10225,1.);
#1622=VECTOR('',#10226,1.);
#1623=VECTOR('',#10227,1.);
#1624=VECTOR('',#10228,1.);
#1625=VECTOR('',#10229,1.);
#1626=VECTOR('',#10234,1.);
#1627=VECTOR('',#10237,1.);
#1628=VECTOR('',#10240,1.);
#1629=VECTOR('',#10243,1.);
#1630=VECTOR('',#10246,1.);
#1631=VECTOR('',#10249,1.);
#1632=VECTOR('',#10252,1.);
#1633=VECTOR('',#10255,1.);
#1634=VECTOR('',#10256,1.);
#1635=VECTOR('',#10257,1.);
#1636=VECTOR('',#10260,1.);
#1637=VECTOR('',#10263,1.);
#1638=VECTOR('',#10266,1.);
#1639=VECTOR('',#10269,1.);
#1640=VECTOR('',#10272,1.);
#1641=VECTOR('',#10275,1.);
#1642=VECTOR('',#10278,1.);
#1643=VECTOR('',#10281,1.);
#1644=VECTOR('',#10284,1.);
#1645=VECTOR('',#10287,1.);
#1646=VECTOR('',#10290,1.);
#1647=VECTOR('',#10293,1.);
#1648=VECTOR('',#10296,1.);
#1649=VECTOR('',#10297,1.);
#1650=VECTOR('',#10298,1.);
#1651=VECTOR('',#10301,1.);
#1652=VECTOR('',#10304,1.);
#1653=VECTOR('',#10307,1.);
#1654=VECTOR('',#10310,1.);
#1655=VECTOR('',#10313,1.);
#1656=VECTOR('',#10316,1.);
#1657=VECTOR('',#10317,1.);
#1658=VECTOR('',#10318,1.);
#1659=VECTOR('',#10319,1.);
#1660=VECTOR('',#10322,1.);
#1661=VECTOR('',#10323,1.);
#1662=VECTOR('',#10324,1.);
#1663=VECTOR('',#10327,1.);
#1664=VECTOR('',#10328,1.);
#1665=VECTOR('',#10329,1.);
#1666=VECTOR('',#10332,1.);
#1667=VECTOR('',#10333,1.);
#1668=VECTOR('',#10334,1.);
#1669=VECTOR('',#10335,1.);
#1670=VECTOR('',#10338,1.);
#1671=VECTOR('',#10339,1.);
#1672=VECTOR('',#10340,1.);
#1673=VECTOR('',#10341,1.);
#1674=VECTOR('',#10344,1.);
#1675=VECTOR('',#10345,1.);
#1676=VECTOR('',#10346,1.);
#1677=VECTOR('',#10347,1.);
#1678=VECTOR('',#10350,1.);
#1679=VECTOR('',#10351,1.);
#1680=VECTOR('',#10352,1.);
#1681=VECTOR('',#10357,1.);
#1682=VECTOR('',#10358,1.);
#1683=VECTOR('',#10359,1.);
#1684=VECTOR('',#10364,1.);
#1685=VECTOR('',#10365,1.);
#1686=VECTOR('',#10366,1.);
#1687=VECTOR('',#10367,1.);
#1688=VECTOR('',#10370,1.);
#1689=VECTOR('',#10371,1.);
#1690=VECTOR('',#10372,1.);
#1691=VECTOR('',#10375,1.);
#1692=VECTOR('',#10376,1.);
#1693=VECTOR('',#10377,1.);
#1694=VECTOR('',#10378,1.);
#1695=VECTOR('',#10381,1.);
#1696=VECTOR('',#10382,1.);
#1697=VECTOR('',#10383,1.);
#1698=VECTOR('',#10384,1.);
#1699=VECTOR('',#10387,1.);
#1700=VECTOR('',#10388,1.);
#1701=VECTOR('',#10389,1.);
#1702=VECTOR('',#10390,1.);
#1703=VECTOR('',#10393,1.);
#1704=VECTOR('',#10394,1.);
#1705=VECTOR('',#10395,1.);
#1706=VECTOR('',#10400,1.);
#1707=VECTOR('',#10403,1.);
#1708=VECTOR('',#10404,1.);
#1709=VECTOR('',#10409,1.);
#1710=VECTOR('',#10412,1.);
#1711=VECTOR('',#10413,1.);
#1712=VECTOR('',#10418,1.);
#1713=VECTOR('',#10421,1.);
#1714=VECTOR('',#10422,1.);
#1715=VECTOR('',#10425,1.);
#1716=VECTOR('',#10426,1.);
#1717=VECTOR('',#10427,1.);
#1718=VECTOR('',#10432,1.);
#1719=VECTOR('',#10435,1.);
#1720=VECTOR('',#10436,1.);
#1721=VECTOR('',#10441,1.);
#1722=VECTOR('',#10444,1.);
#1723=VECTOR('',#10445,1.);
#1724=VECTOR('',#10450,1.);
#1725=VECTOR('',#10453,1.);
#1726=VECTOR('',#10454,1.);
#1727=VECTOR('',#10457,1.);
#1728=VECTOR('',#10458,1.);
#1729=VECTOR('',#10459,1.);
#1730=VECTOR('',#10464,1.);
#1731=VECTOR('',#10467,1.);
#1732=VECTOR('',#10468,1.);
#1733=VECTOR('',#10473,1.);
#1734=VECTOR('',#10476,1.);
#1735=VECTOR('',#10477,1.);
#1736=VECTOR('',#10482,1.);
#1737=VECTOR('',#10485,1.);
#1738=VECTOR('',#10486,1.);
#1739=VECTOR('',#10489,1.);
#1740=VECTOR('',#10490,1.);
#1741=VECTOR('',#10491,1.);
#1742=VECTOR('',#10496,1.);
#1743=VECTOR('',#10499,1.);
#1744=VECTOR('',#10500,1.);
#1745=VECTOR('',#10505,1.);
#1746=VECTOR('',#10508,1.);
#1747=VECTOR('',#10509,1.);
#1748=VECTOR('',#10514,1.);
#1749=VECTOR('',#10517,1.);
#1750=VECTOR('',#10518,1.);
#1751=VECTOR('',#10521,1.);
#1752=VECTOR('',#10522,1.);
#1753=VECTOR('',#10523,1.);
#1754=VECTOR('',#10528,1.);
#1755=VECTOR('',#10531,1.);
#1756=VECTOR('',#10532,1.);
#1757=VECTOR('',#10537,1.);
#1758=VECTOR('',#10540,1.);
#1759=VECTOR('',#10541,1.);
#1760=VECTOR('',#10546,1.);
#1761=VECTOR('',#10549,1.);
#1762=VECTOR('',#10550,1.);
#1763=VECTOR('',#10555,1.);
#1764=VECTOR('',#10556,1.);
#1765=VECTOR('',#10559,1.);
#1766=VECTOR('',#10560,1.);
#1767=VECTOR('',#10565,1.);
#1768=VECTOR('',#10568,1.);
#1769=VECTOR('',#10569,1.);
#1770=VECTOR('',#10574,1.);
#1771=VECTOR('',#10577,1.);
#1772=VECTOR('',#10578,1.);
#1773=VECTOR('',#10583,1.);
#1774=VECTOR('',#10588,1.);
#1775=VECTOR('',#10589,1.);
#1776=VECTOR('',#10592,1.);
#1777=VECTOR('',#10593,1.);
#1778=VECTOR('',#10598,1.);
#1779=VECTOR('',#10601,1.);
#1780=VECTOR('',#10602,1.);
#1781=VECTOR('',#10607,1.);
#1782=VECTOR('',#10610,1.);
#1783=VECTOR('',#10611,1.);
#1784=VECTOR('',#10616,1.);
#1785=VECTOR('',#10619,1.);
#1786=VECTOR('',#10620,1.);
#1787=VECTOR('',#10621,1.);
#1788=VECTOR('',#10626,1.);
#1789=VECTOR('',#10629,1.);
#1790=VECTOR('',#10630,1.);
#1791=VECTOR('',#10635,1.);
#1792=VECTOR('',#10638,1.);
#1793=VECTOR('',#10639,1.);
#1794=VECTOR('',#10644,1.);
#1795=VECTOR('',#10647,1.);
#1796=VECTOR('',#10648,1.);
#1797=VECTOR('',#10651,1.);
#1798=VECTOR('',#10652,1.);
#1799=VECTOR('',#10653,1.);
#1800=VECTOR('',#10658,1.);
#1801=VECTOR('',#10661,1.);
#1802=VECTOR('',#10662,1.);
#1803=VECTOR('',#10667,1.);
#1804=VECTOR('',#10670,1.);
#1805=VECTOR('',#10671,1.);
#1806=VECTOR('',#10676,1.);
#1807=VECTOR('',#10679,1.);
#1808=VECTOR('',#10680,1.);
#1809=VECTOR('',#10683,1.);
#1810=VECTOR('',#10684,1.);
#1811=VECTOR('',#10685,1.);
#1812=VECTOR('',#10690,1.);
#1813=VECTOR('',#10693,1.);
#1814=VECTOR('',#10694,1.);
#1815=VECTOR('',#10699,1.);
#1816=VECTOR('',#10702,1.);
#1817=VECTOR('',#10703,1.);
#1818=VECTOR('',#10708,1.);
#1819=VECTOR('',#10711,1.);
#1820=VECTOR('',#10712,1.);
#1821=VECTOR('',#10715,1.);
#1822=VECTOR('',#10716,1.);
#1823=VECTOR('',#10717,1.);
#1824=VECTOR('',#10722,1.);
#1825=VECTOR('',#10725,1.);
#1826=VECTOR('',#10726,1.);
#1827=VECTOR('',#10731,1.);
#1828=VECTOR('',#10734,1.);
#1829=VECTOR('',#10735,1.);
#1830=VECTOR('',#10740,1.);
#1831=VECTOR('',#10743,1.);
#1832=VECTOR('',#10744,1.);
#1833=VECTOR('',#10747,1.);
#1834=VECTOR('',#10748,1.);
#1835=VECTOR('',#10749,1.);
#1836=VECTOR('',#10754,1.);
#1837=VECTOR('',#10757,1.);
#1838=VECTOR('',#10758,1.);
#1839=VECTOR('',#10763,1.);
#1840=VECTOR('',#10766,1.);
#1841=VECTOR('',#10767,1.);
#1842=VECTOR('',#10772,1.);
#1843=VECTOR('',#10775,1.);
#1844=VECTOR('',#10776,1.);
#1845=VECTOR('',#10779,1.);
#1846=VECTOR('',#10780,1.);
#1847=VECTOR('',#10781,1.);
#1848=VECTOR('',#10786,1.);
#1849=VECTOR('',#10789,1.);
#1850=VECTOR('',#10790,1.);
#1851=VECTOR('',#10795,1.);
#1852=VECTOR('',#10798,1.);
#1853=VECTOR('',#10799,1.);
#1854=VECTOR('',#10804,1.);
#1855=VECTOR('',#10807,1.);
#1856=VECTOR('',#10808,1.);
#1857=VECTOR('',#10813,1.);
#1858=VECTOR('',#10814,1.);
#1859=VECTOR('',#10817,1.);
#1860=VECTOR('',#10818,1.);
#1861=VECTOR('',#10823,1.);
#1862=VECTOR('',#10826,1.);
#1863=VECTOR('',#10827,1.);
#1864=VECTOR('',#10832,1.);
#1865=VECTOR('',#10835,1.);
#1866=VECTOR('',#10836,1.);
#1867=VECTOR('',#10841,1.);
#1868=VECTOR('',#10844,1.);
#1869=VECTOR('',#10845,1.);
#1870=VECTOR('',#10846,1.);
#1871=VECTOR('',#10851,1.);
#1872=VECTOR('',#10854,1.);
#1873=VECTOR('',#10855,1.);
#1874=VECTOR('',#10860,1.);
#1875=VECTOR('',#10863,1.);
#1876=VECTOR('',#10864,1.);
#1877=VECTOR('',#10869,1.);
#1878=VECTOR('',#10872,1.);
#1879=VECTOR('',#10873,1.);
#1880=VECTOR('',#10878,1.);
#1881=VECTOR('',#10879,1.);
#1882=VECTOR('',#10882,1.);
#1883=VECTOR('',#10883,1.);
#1884=VECTOR('',#10888,1.);
#1885=VECTOR('',#10891,1.);
#1886=VECTOR('',#10892,1.);
#1887=VECTOR('',#10897,1.);
#1888=VECTOR('',#10900,1.);
#1889=VECTOR('',#10901,1.);
#1890=VECTOR('',#10906,1.);
#1891=VECTOR('',#10909,1.);
#1892=VECTOR('',#10910,1.);
#1893=VECTOR('',#10911,1.);
#1894=VECTOR('',#10916,1.);
#1895=VECTOR('',#10919,1.);
#1896=VECTOR('',#10920,1.);
#1897=VECTOR('',#10925,1.);
#1898=VECTOR('',#10928,1.);
#1899=VECTOR('',#10929,1.);
#1900=VECTOR('',#10934,1.);
#1901=VECTOR('',#10937,1.);
#1902=VECTOR('',#10938,1.);
#1903=VECTOR('',#10943,1.);
#1904=VECTOR('',#10944,1.);
#1905=VECTOR('',#10947,1.);
#1906=VECTOR('',#10948,1.);
#1907=VECTOR('',#10953,1.);
#1908=VECTOR('',#10956,1.);
#1909=VECTOR('',#10957,1.);
#1910=VECTOR('',#10962,1.);
#1911=VECTOR('',#10965,1.);
#1912=VECTOR('',#10966,1.);
#1913=VECTOR('',#10971,1.);
#1914=VECTOR('',#10974,1.);
#1915=VECTOR('',#10975,1.);
#1916=VECTOR('',#10976,1.);
#1917=VECTOR('',#10981,1.);
#1918=VECTOR('',#10984,1.);
#1919=VECTOR('',#10985,1.);
#1920=VECTOR('',#10990,1.);
#1921=VECTOR('',#10993,1.);
#1922=VECTOR('',#10994,1.);
#1923=VECTOR('',#10999,1.);
#1924=VECTOR('',#11002,1.);
#1925=VECTOR('',#11003,1.);
#1926=VECTOR('',#11006,1.);
#1927=VECTOR('',#11007,1.);
#1928=VECTOR('',#11008,1.);
#1929=VECTOR('',#11013,1.);
#1930=VECTOR('',#11016,1.);
#1931=VECTOR('',#11017,1.);
#1932=VECTOR('',#11022,1.);
#1933=VECTOR('',#11025,1.);
#1934=VECTOR('',#11026,1.);
#1935=VECTOR('',#11031,1.);
#1936=VECTOR('',#11034,1.);
#1937=VECTOR('',#11035,1.);
#1938=VECTOR('',#11038,1.);
#1939=VECTOR('',#11039,1.);
#1940=VECTOR('',#11040,1.);
#1941=VECTOR('',#11045,1.);
#1942=VECTOR('',#11048,1.);
#1943=VECTOR('',#11049,1.);
#1944=VECTOR('',#11054,1.);
#1945=VECTOR('',#11057,1.);
#1946=VECTOR('',#11058,1.);
#1947=VECTOR('',#11063,1.);
#1948=VECTOR('',#11066,1.);
#1949=VECTOR('',#11067,1.);
#1950=VECTOR('',#11070,1.);
#1951=VECTOR('',#11071,1.);
#1952=VECTOR('',#11072,1.);
#1953=VECTOR('',#11077,1.);
#1954=VECTOR('',#11080,1.);
#1955=VECTOR('',#11081,1.);
#1956=VECTOR('',#11086,1.);
#1957=VECTOR('',#11089,1.);
#1958=VECTOR('',#11090,1.);
#1959=VECTOR('',#11095,1.);
#1960=VECTOR('',#11098,1.);
#1961=VECTOR('',#11099,1.);
#1962=VECTOR('',#11104,1.);
#1963=VECTOR('',#11105,1.);
#1964=VECTOR('',#11108,1.);
#1965=VECTOR('',#11109,1.);
#1966=VECTOR('',#11114,1.);
#1967=VECTOR('',#11117,1.);
#1968=VECTOR('',#11118,1.);
#1969=VECTOR('',#11123,1.);
#1970=VECTOR('',#11126,1.);
#1971=VECTOR('',#11127,1.);
#1972=VECTOR('',#11132,1.);
#1973=VECTOR('',#11135,1.);
#1974=VECTOR('',#11136,1.);
#1975=VECTOR('',#11137,1.);
#1976=VECTOR('',#11142,1.);
#1977=VECTOR('',#11145,1.);
#1978=VECTOR('',#11146,1.);
#1979=VECTOR('',#11151,1.);
#1980=VECTOR('',#11154,1.);
#1981=VECTOR('',#11155,1.);
#1982=VECTOR('',#11160,1.);
#1983=VECTOR('',#11163,1.);
#1984=VECTOR('',#11164,1.);
#1985=VECTOR('',#11167,1.);
#1986=VECTOR('',#11168,1.);
#1987=VECTOR('',#11169,1.);
#1988=VECTOR('',#11174,1.);
#1989=VECTOR('',#11177,1.);
#1990=VECTOR('',#11178,1.);
#1991=VECTOR('',#11183,1.);
#1992=VECTOR('',#11186,1.);
#1993=VECTOR('',#11187,1.);
#1994=VECTOR('',#11192,1.);
#1995=VECTOR('',#11195,1.);
#1996=VECTOR('',#11196,1.);
#1997=VECTOR('',#11201,1.);
#1998=VECTOR('',#11202,1.);
#1999=VECTOR('',#11205,1.);
#2000=VECTOR('',#11206,1.);
#2001=VECTOR('',#11211,1.);
#2002=VECTOR('',#11214,1.);
#2003=VECTOR('',#11215,1.);
#2004=VECTOR('',#11220,1.);
#2005=VECTOR('',#11223,1.);
#2006=VECTOR('',#11224,1.);
#2007=VECTOR('',#11229,1.);
#2008=VECTOR('',#11232,1.);
#2009=VECTOR('',#11233,1.);
#2010=VECTOR('',#11234,1.);
#2011=VECTOR('',#11239,1.);
#2012=VECTOR('',#11242,1.);
#2013=VECTOR('',#11243,1.);
#2014=VECTOR('',#11248,1.);
#2015=VECTOR('',#11251,1.);
#2016=VECTOR('',#11252,1.);
#2017=VECTOR('',#11257,1.);
#2018=VECTOR('',#11260,1.);
#2019=VECTOR('',#11261,1.);
#2020=VECTOR('',#11264,1.);
#2021=VECTOR('',#11265,1.);
#2022=VECTOR('',#11266,1.);
#2023=VECTOR('',#11271,1.);
#2024=VECTOR('',#11274,1.);
#2025=VECTOR('',#11275,1.);
#2026=VECTOR('',#11280,1.);
#2027=VECTOR('',#11283,1.);
#2028=VECTOR('',#11284,1.);
#2029=VECTOR('',#11289,1.);
#2030=VECTOR('',#11292,1.);
#2031=VECTOR('',#11293,1.);
#2032=VECTOR('',#11296,1.);
#2033=VECTOR('',#11297,1.);
#2034=VECTOR('',#11298,1.);
#2035=VECTOR('',#11303,1.);
#2036=VECTOR('',#11306,1.);
#2037=VECTOR('',#11307,1.);
#2038=VECTOR('',#11312,1.);
#2039=VECTOR('',#11315,1.);
#2040=VECTOR('',#11316,1.);
#2041=VECTOR('',#11321,1.);
#2042=VECTOR('',#11324,1.);
#2043=VECTOR('',#11325,1.);
#2044=VECTOR('',#11328,1.);
#2045=VECTOR('',#11329,1.);
#2046=VECTOR('',#11330,1.);
#2047=VECTOR('',#11331,1.);
#2048=VECTOR('',#11354,1.);
#2049=VECTOR('',#11357,1.);
#2050=VECTOR('',#11384,1.);
#2051=VECTOR('',#11391,1.);
#2052=VECTOR('',#11398,1.);
#2053=VECTOR('',#11417,1.);
#2054=VECTOR('',#11428,1.);
#2055=VECTOR('',#11443,1.);
#2056=VECTOR('',#11444,1.);
#2057=VECTOR('',#11447,1.);
#2058=VECTOR('',#11450,1.);
#2059=VECTOR('',#11475,1.);
#2060=VECTOR('',#11478,1.);
#2061=VECTOR('',#11481,1.);
#2062=VECTOR('',#11484,1.);
#2063=VECTOR('',#11487,1.);
#2064=VECTOR('',#11490,1.);
#2065=VECTOR('',#11493,1.);
#2066=VECTOR('',#11496,1.);
#2067=VECTOR('',#11499,1.);
#2068=VECTOR('',#11502,1.);
#2069=VECTOR('',#11505,1.);
#2070=VECTOR('',#11508,1.);
#2071=VECTOR('',#11517,1.);
#2072=VECTOR('',#11518,1.);
#2073=VECTOR('',#11519,1.);
#2074=VECTOR('',#11522,1.);
#2075=VECTOR('',#11523,1.);
#2076=VECTOR('',#11524,1.);
#2077=VECTOR('',#11527,1.);
#2078=VECTOR('',#11528,1.);
#2079=VECTOR('',#11529,1.);
#2080=VECTOR('',#11532,1.);
#2081=VECTOR('',#11533,1.);
#2082=VECTOR('',#11534,1.);
#2083=VECTOR('',#11537,1.);
#2084=VECTOR('',#11538,1.);
#2085=VECTOR('',#11539,1.);
#2086=VECTOR('',#11542,1.);
#2087=VECTOR('',#11543,1.);
#2088=VECTOR('',#11544,1.);
#2089=VECTOR('',#11547,1.);
#2090=VECTOR('',#11548,1.);
#2091=VECTOR('',#11549,1.);
#2092=VECTOR('',#11552,1.);
#2093=VECTOR('',#11553,1.);
#2094=VECTOR('',#11554,1.);
#2095=VECTOR('',#11557,1.);
#2096=VECTOR('',#11562,1.);
#2097=VECTOR('',#11563,1.);
#2098=VECTOR('',#11566,1.);
#2099=VECTOR('',#11567,1.);
#2100=VECTOR('',#11570,1.);
#2101=VECTOR('',#11571,1.);
#2102=VECTOR('',#11582,1.);
#2103=VECTOR('',#11587,1.);
#2104=VECTOR('',#11588,1.);
#2105=VECTOR('',#11611,1.);
#2106=VECTOR('',#11616,1.);
#2107=VECTOR('',#11617,1.);
#2108=VECTOR('',#11624,1.);
#2109=VECTOR('',#11629,1.);
#2110=VECTOR('',#11630,1.);
#2111=VECTOR('',#11637,1.);
#2112=VECTOR('',#11638,1.);
#2113=VECTOR('',#11641,1.);
#2114=VECTOR('',#11646,1.);
#2115=VECTOR('',#11647,1.);
#2116=VECTOR('',#11650,1.);
#2117=VECTOR('',#11655,1.);
#2118=VECTOR('',#11656,1.);
#2119=VECTOR('',#11659,1.);
#2120=VECTOR('',#11664,1.);
#2121=VECTOR('',#11665,1.);
#2122=VECTOR('',#11668,1.);
#2123=VECTOR('',#11673,1.);
#2124=VECTOR('',#11674,1.);
#2125=VECTOR('',#11677,1.);
#2126=VECTOR('',#11682,1.);
#2127=VECTOR('',#11683,1.);
#2128=VECTOR('',#11686,1.);
#2129=VECTOR('',#11691,1.);
#2130=VECTOR('',#11692,1.);
#2131=VECTOR('',#11695,1.);
#2132=VECTOR('',#11700,1.);
#2133=VECTOR('',#11701,1.);
#2134=VECTOR('',#11704,1.);
#2135=VECTOR('',#11709,1.);
#2136=VECTOR('',#11710,1.);
#2137=VECTOR('',#11713,1.);
#2138=VECTOR('',#11718,1.);
#2139=VECTOR('',#11719,1.);
#2140=VECTOR('',#11722,1.);
#2141=VECTOR('',#11727,1.);
#2142=VECTOR('',#11728,1.);
#2143=VECTOR('',#11731,1.);
#2144=VECTOR('',#11736,1.);
#2145=VECTOR('',#11737,1.);
#2146=VECTOR('',#11740,1.);
#2147=VECTOR('',#11745,1.);
#2148=VECTOR('',#11746,1.);
#2149=VECTOR('',#11753,1.);
#2150=VECTOR('',#11754,1.);
#2151=VECTOR('',#11755,1.);
#2152=VECTOR('',#11756,1.);
#2153=VECTOR('',#11757,1.);
#2154=VECTOR('',#11758,1.);
#2155=VECTOR('',#11759,1.);
#2156=VECTOR('',#11760,1.);
#2157=VECTOR('',#11763,1.);
#2158=VECTOR('',#11770,1.);
#2159=VECTOR('',#11771,1.);
#2160=VECTOR('',#11772,1.);
#2161=VECTOR('',#11773,1.);
#2162=VECTOR('',#11776,1.);
#2163=VECTOR('',#11781,1.);
#2164=VECTOR('',#11788,1.);
#2165=VECTOR('',#11789,1.);
#2166=VECTOR('',#11790,1.);
#2167=VECTOR('',#11793,1.);
#2168=VECTOR('',#11800,1.);
#2169=VECTOR('',#11801,1.);
#2170=VECTOR('',#11802,1.);
#2171=VECTOR('',#11805,1.);
#2172=VECTOR('',#11812,1.);
#2173=VECTOR('',#11813,1.);
#2174=VECTOR('',#11814,1.);
#2175=VECTOR('',#11817,1.);
#2176=VECTOR('',#11824,1.);
#2177=VECTOR('',#11825,1.);
#2178=VECTOR('',#11826,1.);
#2179=VECTOR('',#11829,1.);
#2180=VECTOR('',#11836,1.);
#2181=VECTOR('',#11837,1.);
#2182=VECTOR('',#11838,1.);
#2183=VECTOR('',#11841,1.);
#2184=VECTOR('',#11848,1.);
#2185=VECTOR('',#11849,1.);
#2186=VECTOR('',#11850,1.);
#2187=VECTOR('',#11853,1.);
#2188=VECTOR('',#11860,1.);
#2189=VECTOR('',#11861,1.);
#2190=VECTOR('',#11862,1.);
#2191=VECTOR('',#11865,1.);
#2192=VECTOR('',#11872,1.);
#2193=VECTOR('',#11873,1.);
#2194=VECTOR('',#11874,1.);
#2195=VECTOR('',#11877,1.);
#2196=VECTOR('',#11884,1.);
#2197=VECTOR('',#11885,1.);
#2198=VECTOR('',#11886,1.);
#2199=VECTOR('',#11889,1.);
#2200=VECTOR('',#11896,1.);
#2201=VECTOR('',#11897,1.);
#2202=VECTOR('',#11898,1.);
#2203=VECTOR('',#11901,1.);
#2204=VECTOR('',#11908,1.);
#2205=VECTOR('',#11909,1.);
#2206=VECTOR('',#11910,1.);
#2207=VECTOR('',#11921,1.);
#2208=VECTOR('',#11922,1.);
#2209=VECTOR('',#11925,1.);
#2210=VECTOR('',#11926,1.);
#2211=VECTOR('',#11929,1.);
#2212=VECTOR('',#11930,1.);
#2213=VECTOR('',#11933,1.);
#2214=VECTOR('',#11934,1.);
#2215=VECTOR('',#11937,1.);
#2216=VECTOR('',#11938,1.);
#2217=VECTOR('',#11939,1.);
#2218=VECTOR('',#11940,1.);
#2219=CYLINDRICAL_SURFACE('',#8837,0.0012);
#2220=CYLINDRICAL_SURFACE('',#8839,0.0012);
#2221=CYLINDRICAL_SURFACE('',#9040,0.00049999996788343);
#2222=CYLINDRICAL_SURFACE('',#9043,0.00049999996788343);
#2223=CYLINDRICAL_SURFACE('',#9046,0.00049999996788343);
#2224=CYLINDRICAL_SURFACE('',#9050,0.000499999967883428);
#2225=CYLINDRICAL_SURFACE('',#9053,0.000499999967883428);
#2226=CYLINDRICAL_SURFACE('',#9056,0.000499999967883428);
#2227=CYLINDRICAL_SURFACE('',#9060,0.000499999966244722);
#2228=CYLINDRICAL_SURFACE('',#9063,0.000499999984545995);
#2229=CYLINDRICAL_SURFACE('',#9066,0.000500000034545988);
#2230=CYLINDRICAL_SURFACE('',#9070,0.000499999967883428);
#2231=CYLINDRICAL_SURFACE('',#9073,0.000499999967883435);
#2232=CYLINDRICAL_SURFACE('',#9076,0.000499999967883428);
#2233=CYLINDRICAL_SURFACE('',#9080,0.000499999967883418);
#2234=CYLINDRICAL_SURFACE('',#9083,0.000499999967883428);
#2235=CYLINDRICAL_SURFACE('',#9086,0.00049999996788342);
#2236=CYLINDRICAL_SURFACE('',#9089,0.000499999967883439);
#2237=CYLINDRICAL_SURFACE('',#9092,0.000499999967883437);
#2238=CYLINDRICAL_SURFACE('',#9095,0.000499999967883442);
#2239=CYLINDRICAL_SURFACE('',#9098,0.000499999967883437);
#2240=CYLINDRICAL_SURFACE('',#9100,0.000499999967883421);
#2241=CYLINDRICAL_SURFACE('',#9103,0.000499999967883439);
#2242=CYLINDRICAL_SURFACE('',#9106,0.000499999967883425);
#2243=CYLINDRICAL_SURFACE('',#9109,0.000499999967883421);
#2244=CYLINDRICAL_SURFACE('',#9112,0.000499999967883439);
#2245=CYLINDRICAL_SURFACE('',#9115,0.000499999967883439);
#2246=CYLINDRICAL_SURFACE('',#9118,0.000499999967883461);
#2247=CYLINDRICAL_SURFACE('',#9122,0.000499999967883425);
#2248=CYLINDRICAL_SURFACE('',#9125,0.000499999967883425);
#2249=CYLINDRICAL_SURFACE('',#9128,0.000499999967883425);
#2250=CYLINDRICAL_SURFACE('',#9132,0.000499999967883446);
#2251=CYLINDRICAL_SURFACE('',#9135,0.000499999967883411);
#2252=CYLINDRICAL_SURFACE('',#9138,0.000499999967883425);
#2253=CYLINDRICAL_SURFACE('',#9142,0.00049999996788343);
#2254=CYLINDRICAL_SURFACE('',#9145,0.00049999996788343);
#2255=CYLINDRICAL_SURFACE('',#9148,0.000499999967883446);
#2256=CYLINDRICAL_SURFACE('',#9152,0.000499999967883428);
#2257=CYLINDRICAL_SURFACE('',#9155,0.000499999967883433);
#2258=CYLINDRICAL_SURFACE('',#9158,0.00049999996788343);
#2259=CYLINDRICAL_SURFACE('',#9162,0.000499999967883436);
#2260=CYLINDRICAL_SURFACE('',#9165,0.000499999967883426);
#2261=CYLINDRICAL_SURFACE('',#9168,0.000499999967883439);
#2262=CYLINDRICAL_SURFACE('',#9171,0.00049999996788343);
#2263=CYLINDRICAL_SURFACE('',#9174,0.000499999967883436);
#2264=CYLINDRICAL_SURFACE('',#9177,0.00049999996788343);
#2265=CYLINDRICAL_SURFACE('',#9180,0.000499999967883436);
#2266=CYLINDRICAL_SURFACE('',#9183,0.000499999967883433);
#2267=CYLINDRICAL_SURFACE('',#9186,0.000499999967883433);
#2268=CYLINDRICAL_SURFACE('',#9189,0.000499999967883425);
#2269=CYLINDRICAL_SURFACE('',#9192,0.00049999996788343);
#2270=CYLINDRICAL_SURFACE('',#9195,0.000499999967883423);
#2271=CYLINDRICAL_SURFACE('',#9198,0.000499999967883442);
#2272=CYLINDRICAL_SURFACE('',#9201,0.000499999967883414);
#2273=CYLINDRICAL_SURFACE('',#9204,0.000499999967883426);
#2274=CYLINDRICAL_SURFACE('',#9207,0.00049999996788343);
#2275=CYLINDRICAL_SURFACE('',#9210,0.00049999996788343);
#2276=CYLINDRICAL_SURFACE('',#9213,0.000499999967883442);
#2277=CYLINDRICAL_SURFACE('',#9216,0.000499999967883432);
#2278=CYLINDRICAL_SURFACE('',#9219,0.00049999996788342);
#2279=CYLINDRICAL_SURFACE('',#9222,0.000499999967883432);
#2280=CYLINDRICAL_SURFACE('',#9225,0.000499999967883444);
#2281=CYLINDRICAL_SURFACE('',#9228,0.000499999967883428);
#2282=CYLINDRICAL_SURFACE('',#9231,0.000499999967883432);
#2283=CYLINDRICAL_SURFACE('',#9235,0.000499999967883435);
#2284=CYLINDRICAL_SURFACE('',#9238,0.000499999967883435);
#2285=CYLINDRICAL_SURFACE('',#9241,0.00049999996788343);
#2286=CYLINDRICAL_SURFACE('',#9245,0.000499999967883432);
#2287=CYLINDRICAL_SURFACE('',#9248,0.000499999967883433);
#2288=CYLINDRICAL_SURFACE('',#9251,0.000499999967883421);
#2289=CYLINDRICAL_SURFACE('',#9255,0.00049999996788343);
#2290=CYLINDRICAL_SURFACE('',#9258,0.00049999996788343);
#2291=CYLINDRICAL_SURFACE('',#9261,0.000499999967883414);
#2292=CYLINDRICAL_SURFACE('',#9264,0.000499999949350097);
#2293=CYLINDRICAL_SURFACE('',#9267,0.000499999949350086);
#2294=CYLINDRICAL_SURFACE('',#9270,0.000500000010587333);
#2295=CYLINDRICAL_SURFACE('',#9273,0.000499999949350092);
#2296=CYLINDRICAL_SURFACE('',#9276,0.000499999967883439);
#2297=CYLINDRICAL_SURFACE('',#9279,0.000499999967883439);
#2298=CYLINDRICAL_SURFACE('',#9282,0.000499999967883439);
#2299=CYLINDRICAL_SURFACE('',#9286,0.00049999996788343);
#2300=CYLINDRICAL_SURFACE('',#9289,0.000499999967883442);
#2301=CYLINDRICAL_SURFACE('',#9292,0.00049999996788343);
#2302=CYLINDRICAL_SURFACE('',#9295,0.000499999967883439);
#2303=CYLINDRICAL_SURFACE('',#9298,0.00049999996788344);
#2304=CYLINDRICAL_SURFACE('',#9301,0.00049999996788344);
#2305=CYLINDRICAL_SURFACE('',#9304,0.000499999967883437);
#2306=CYLINDRICAL_SURFACE('',#9307,0.000499999967883418);
#2307=CYLINDRICAL_SURFACE('',#9310,0.000499999967883432);
#2308=CYLINDRICAL_SURFACE('',#9313,0.000499999967883442);
#2309=CYLINDRICAL_SURFACE('',#9317,0.000499999967883421);
#2310=CYLINDRICAL_SURFACE('',#9320,0.00049999996788344);
#2311=CYLINDRICAL_SURFACE('',#9323,0.000499999967883435);
#2312=CYLINDRICAL_SURFACE('',#9327,0.000499999967883421);
#2313=CYLINDRICAL_SURFACE('',#9330,0.000499999967883432);
#2314=CYLINDRICAL_SURFACE('',#9333,0.000499999967883428);
#2315=CYLINDRICAL_SURFACE('',#9337,0.00049999996788343);
#2316=CYLINDRICAL_SURFACE('',#9339,0.000499999967883428);
#2317=CYLINDRICAL_SURFACE('',#9341,0.000499999966244721);
#2318=CYLINDRICAL_SURFACE('',#9343,0.000499999967883428);
#2319=CYLINDRICAL_SURFACE('',#9345,0.000499999967883444);
#2320=CYLINDRICAL_SURFACE('',#9349,0.000499999967883461);
#2321=CYLINDRICAL_SURFACE('',#9351,0.000499999967883425);
#2322=CYLINDRICAL_SURFACE('',#9353,0.000499999967883433);
#2323=CYLINDRICAL_SURFACE('',#9355,0.000499999967883433);
#2324=CYLINDRICAL_SURFACE('',#9357,0.00049999996788343);
#2325=CYLINDRICAL_SURFACE('',#9359,0.00049999996788343);
#2326=CYLINDRICAL_SURFACE('',#9362,0.000499999967883411);
#2327=CYLINDRICAL_SURFACE('',#9365,0.000499999967883439);
#2328=CYLINDRICAL_SURFACE('',#9368,0.000499999967883426);
#2329=CYLINDRICAL_SURFACE('',#9370,0.00049999996788343);
#2330=CYLINDRICAL_SURFACE('',#9372,0.000499999967883421);
#2331=CYLINDRICAL_SURFACE('',#9374,0.000499999967883437);
#2332=CYLINDRICAL_SURFACE('',#9377,0.000499999967883435);
#2333=CYLINDRICAL_SURFACE('',#9379,0.00049999996788343);
#2334=CYLINDRICAL_SURFACE('',#9382,0.000499999967883428);
#2335=CYLINDRICAL_SURFACE('',#9384,0.000499999967883428);
#2336=CYLINDRICAL_SURFACE('',#9386,0.000499999967883432);
#2337=CYLINDRICAL_SURFACE('',#9425,0.00600001021235972);
#2338=CYLINDRICAL_SURFACE('',#9430,0.00600050000025815);
#2339=CYLINDRICAL_SURFACE('',#9432,0.00599997117644554);
#2340=CYLINDRICAL_SURFACE('',#9434,0.00600005660948638);
#2341=CYLINDRICAL_SURFACE('',#9437,0.00600000949091333);
#2342=CYLINDRICAL_SURFACE('',#9439,0.00599990000000338);
#2343=CYLINDRICAL_SURFACE('',#9441,0.00599996279424643);
#2344=CYLINDRICAL_SURFACE('',#9443,0.00600040000009613);
#2345=CYLINDRICAL_SURFACE('',#9445,0.00600000000002383);
#2346=CYLINDRICAL_SURFACE('',#9447,0.00599996276287192);
#2347=CYLINDRICAL_SURFACE('',#9450,0.00599994337904301);
#2348=CYLINDRICAL_SURFACE('',#9452,0.00600001006599332);
#2349=CYLINDRICAL_SURFACE('',#9455,0.00599940000007059);
#2350=CYLINDRICAL_SURFACE('',#9458,0.00600001021235972);
#2351=CYLINDRICAL_SURFACE('',#9461,0.00600050000025815);
#2352=CYLINDRICAL_SURFACE('',#9464,0.00599997117644554);
#2353=CYLINDRICAL_SURFACE('',#9467,0.00600005660948638);
#2354=CYLINDRICAL_SURFACE('',#9470,0.00600000949091333);
#2355=CYLINDRICAL_SURFACE('',#9473,0.00599990000000338);
#2356=CYLINDRICAL_SURFACE('',#9476,0.00599996279424643);
#2357=CYLINDRICAL_SURFACE('',#9479,0.00600040000009613);
#2358=CYLINDRICAL_SURFACE('',#9482,0.00600000000002383);
#2359=CYLINDRICAL_SURFACE('',#9485,0.00599996276287192);
#2360=CYLINDRICAL_SURFACE('',#9488,0.00599994337904301);
#2361=CYLINDRICAL_SURFACE('',#9491,0.00600001006599332);
#2362=CYLINDRICAL_SURFACE('',#9494,0.00599940000007059);
#2363=CYLINDRICAL_SURFACE('',#9497,0.00900001021235973);
#2364=CYLINDRICAL_SURFACE('',#9503,0.0089994000000726);
#2365=CYLINDRICAL_SURFACE('',#9507,0.00900001006599345);
#2366=CYLINDRICAL_SURFACE('',#9511,0.008999943379043);
#2367=CYLINDRICAL_SURFACE('',#9515,0.00900000000000013);
#2368=CYLINDRICAL_SURFACE('',#9519,0.00900000000002427);
#2369=CYLINDRICAL_SURFACE('',#9523,0.00300040000009689);
#2370=CYLINDRICAL_SURFACE('',#9527,0.00299996279424704);
#2371=CYLINDRICAL_SURFACE('',#9531,0.00899990000000312);
#2372=CYLINDRICAL_SURFACE('',#9535,0.00900000949091333);
#2373=CYLINDRICAL_SURFACE('',#9539,0.00900005660948636);
#2374=CYLINDRICAL_SURFACE('',#9543,0.00299997117644561);
#2375=CYLINDRICAL_SURFACE('',#9547,0.00900050000026207);
#2376=CYLINDRICAL_SURFACE('',#9556,0.001);
#2377=CYLINDRICAL_SURFACE('',#9559,0.002);
#2378=CYLINDRICAL_SURFACE('',#9563,0.001);
#2379=CYLINDRICAL_SURFACE('',#9566,0.002);
#2380=CYLINDRICAL_SURFACE('',#9570,0.001);
#2381=CYLINDRICAL_SURFACE('',#9573,0.002);
#2382=CYLINDRICAL_SURFACE('',#9577,0.001);
#2383=CYLINDRICAL_SURFACE('',#9580,0.002);
#2384=CYLINDRICAL_SURFACE('',#9584,0.0004);
#2385=CYLINDRICAL_SURFACE('',#9585,0.0004);
#2386=CYLINDRICAL_SURFACE('',#9587,0.0004);
#2387=CYLINDRICAL_SURFACE('',#9589,0.0004);
#2388=CYLINDRICAL_SURFACE('',#9592,0.0004);
#2389=CYLINDRICAL_SURFACE('',#9595,0.0004);
#2390=CYLINDRICAL_SURFACE('',#9597,0.0004);
#2391=CYLINDRICAL_SURFACE('',#9599,0.0004);
#2392=CYLINDRICAL_SURFACE('',#9600,0.0004);
#2393=CYLINDRICAL_SURFACE('',#9601,0.0004);
#2394=CYLINDRICAL_SURFACE('',#9602,0.0004);
#2395=CYLINDRICAL_SURFACE('',#9604,0.0004);
#2396=CYLINDRICAL_SURFACE('',#9606,0.0004);
#2397=CYLINDRICAL_SURFACE('',#9607,0.0004);
#2398=CYLINDRICAL_SURFACE('',#9609,0.0004);
#2399=CYLINDRICAL_SURFACE('',#9611,0.0004);
#2400=CYLINDRICAL_SURFACE('',#9612,0.0004);
#2401=CYLINDRICAL_SURFACE('',#9613,0.0004);
#2402=CYLINDRICAL_SURFACE('',#9616,0.0004);
#2403=CYLINDRICAL_SURFACE('',#9618,0.0004);
#2404=CYLINDRICAL_SURFACE('',#9624,0.0004);
#2405=CYLINDRICAL_SURFACE('',#9625,0.0004);
#2406=CYLINDRICAL_SURFACE('',#9631,0.0004);
#2407=CYLINDRICAL_SURFACE('',#9633,0.0004);
#2408=CYLINDRICAL_SURFACE('',#9639,0.0004);
#2409=CYLINDRICAL_SURFACE('',#9640,0.0004);
#2410=CYLINDRICAL_SURFACE('',#9646,0.0004);
#2411=CYLINDRICAL_SURFACE('',#9648,0.0004);
#2412=CYLINDRICAL_SURFACE('',#9654,0.0004);
#2413=CYLINDRICAL_SURFACE('',#9656,0.0004);
#2414=CYLINDRICAL_SURFACE('',#9662,0.0004);
#2415=CYLINDRICAL_SURFACE('',#9664,0.0004);
#2416=CYLINDRICAL_SURFACE('',#9670,0.0004);
#2417=CYLINDRICAL_SURFACE('',#9672,0.0004);
#2418=CYLINDRICAL_SURFACE('',#9678,0.0004);
#2419=CYLINDRICAL_SURFACE('',#9680,0.0004);
#2420=CYLINDRICAL_SURFACE('',#9686,0.0004);
#2421=CYLINDRICAL_SURFACE('',#9687,0.0004);
#2422=CYLINDRICAL_SURFACE('',#9692,0.0004);
#2423=CYLINDRICAL_SURFACE('',#9694,0.0004);
#2424=CYLINDRICAL_SURFACE('',#9700,0.0004);
#2425=CYLINDRICAL_SURFACE('',#9702,0.0004);
#2426=CYLINDRICAL_SURFACE('',#9708,0.0004);
#2427=CYLINDRICAL_SURFACE('',#9709,0.0004);
#2428=CYLINDRICAL_SURFACE('',#9715,0.0004);
#2429=CYLINDRICAL_SURFACE('',#9717,0.0004);
#2430=CYLINDRICAL_SURFACE('',#9719,0.0004);
#2431=CYLINDRICAL_SURFACE('',#9722,0.0004);
#2432=CYLINDRICAL_SURFACE('',#9724,0.0004);
#2433=CYLINDRICAL_SURFACE('',#9728,0.0004);
#2434=CYLINDRICAL_SURFACE('',#9730,0.0004);
#2435=CYLINDRICAL_SURFACE('',#9732,0.0012);
#2436=CYLINDRICAL_SURFACE('',#9735,0.0012);
#2437=CYLINDRICAL_SURFACE('',#9738,0.0012);
#2438=CYLINDRICAL_SURFACE('',#9739,0.0012);
#2439=CYLINDRICAL_SURFACE('',#9740,0.0012);
#2440=CYLINDRICAL_SURFACE('',#9741,0.0012);
#2441=CYLINDRICAL_SURFACE('',#9742,0.0012);
#2442=CYLINDRICAL_SURFACE('',#9743,0.0012);
#2443=CYLINDRICAL_SURFACE('',#9744,0.0012);
#2444=CYLINDRICAL_SURFACE('',#9745,0.0012);
#2445=ORIENTED_EDGE('',*,*,#5035,.F.);
#2446=ORIENTED_EDGE('',*,*,#5036,.F.);
#2447=ORIENTED_EDGE('',*,*,#5037,.F.);
#2448=ORIENTED_EDGE('',*,*,#5038,.T.);
#2449=ORIENTED_EDGE('',*,*,#5039,.F.);
#2450=ORIENTED_EDGE('',*,*,#5040,.F.);
#2451=ORIENTED_EDGE('',*,*,#5041,.F.);
#2452=ORIENTED_EDGE('',*,*,#5042,.F.);
#2453=ORIENTED_EDGE('',*,*,#5043,.F.);
#2454=ORIENTED_EDGE('',*,*,#5044,.T.);
#2455=ORIENTED_EDGE('',*,*,#5045,.F.);
#2456=ORIENTED_EDGE('',*,*,#5046,.F.);
#2457=ORIENTED_EDGE('',*,*,#5047,.F.);
#2458=ORIENTED_EDGE('',*,*,#5048,.F.);
#2459=ORIENTED_EDGE('',*,*,#5049,.F.);
#2460=ORIENTED_EDGE('',*,*,#5050,.T.);
#2461=ORIENTED_EDGE('',*,*,#5051,.F.);
#2462=ORIENTED_EDGE('',*,*,#5052,.F.);
#2463=ORIENTED_EDGE('',*,*,#5053,.F.);
#2464=ORIENTED_EDGE('',*,*,#5054,.F.);
#2465=ORIENTED_EDGE('',*,*,#5055,.F.);
#2466=ORIENTED_EDGE('',*,*,#5056,.T.);
#2467=ORIENTED_EDGE('',*,*,#5057,.F.);
#2468=ORIENTED_EDGE('',*,*,#5058,.F.);
#2469=ORIENTED_EDGE('',*,*,#5059,.F.);
#2470=ORIENTED_EDGE('',*,*,#5060,.F.);
#2471=ORIENTED_EDGE('',*,*,#5061,.F.);
#2472=ORIENTED_EDGE('',*,*,#5062,.T.);
#2473=ORIENTED_EDGE('',*,*,#5063,.F.);
#2474=ORIENTED_EDGE('',*,*,#5064,.F.);
#2475=ORIENTED_EDGE('',*,*,#5065,.F.);
#2476=ORIENTED_EDGE('',*,*,#5066,.F.);
#2477=ORIENTED_EDGE('',*,*,#5067,.F.);
#2478=ORIENTED_EDGE('',*,*,#5068,.T.);
#2479=ORIENTED_EDGE('',*,*,#5069,.F.);
#2480=ORIENTED_EDGE('',*,*,#5070,.F.);
#2481=ORIENTED_EDGE('',*,*,#5071,.F.);
#2482=ORIENTED_EDGE('',*,*,#5072,.F.);
#2483=ORIENTED_EDGE('',*,*,#5073,.F.);
#2484=ORIENTED_EDGE('',*,*,#5074,.F.);
#2485=ORIENTED_EDGE('',*,*,#5075,.F.);
#2486=ORIENTED_EDGE('',*,*,#5076,.F.);
#2487=ORIENTED_EDGE('',*,*,#5077,.F.);
#2488=ORIENTED_EDGE('',*,*,#5078,.T.);
#2489=ORIENTED_EDGE('',*,*,#5079,.F.);
#2490=ORIENTED_EDGE('',*,*,#5080,.F.);
#2491=ORIENTED_EDGE('',*,*,#5081,.F.);
#2492=ORIENTED_EDGE('',*,*,#5082,.F.);
#2493=ORIENTED_EDGE('',*,*,#5083,.F.);
#2494=ORIENTED_EDGE('',*,*,#5084,.F.);
#2495=ORIENTED_EDGE('',*,*,#5085,.F.);
#2496=ORIENTED_EDGE('',*,*,#5086,.F.);
#2497=ORIENTED_EDGE('',*,*,#5087,.F.);
#2498=ORIENTED_EDGE('',*,*,#5088,.F.);
#2499=ORIENTED_EDGE('',*,*,#5089,.F.);
#2500=ORIENTED_EDGE('',*,*,#5090,.F.);
#2501=ORIENTED_EDGE('',*,*,#5038,.F.);
#2502=ORIENTED_EDGE('',*,*,#5091,.F.);
#2503=ORIENTED_EDGE('',*,*,#5092,.F.);
#2504=ORIENTED_EDGE('',*,*,#5044,.F.);
#2505=ORIENTED_EDGE('',*,*,#5093,.F.);
#2506=ORIENTED_EDGE('',*,*,#5094,.F.);
#2507=ORIENTED_EDGE('',*,*,#5050,.F.);
#2508=ORIENTED_EDGE('',*,*,#5095,.F.);
#2509=ORIENTED_EDGE('',*,*,#5096,.F.);
#2510=ORIENTED_EDGE('',*,*,#5056,.F.);
#2511=ORIENTED_EDGE('',*,*,#5097,.F.);
#2512=ORIENTED_EDGE('',*,*,#5098,.F.);
#2513=ORIENTED_EDGE('',*,*,#5062,.F.);
#2514=ORIENTED_EDGE('',*,*,#5099,.F.);
#2515=ORIENTED_EDGE('',*,*,#5100,.F.);
#2516=ORIENTED_EDGE('',*,*,#5101,.F.);
#2517=ORIENTED_EDGE('',*,*,#5068,.F.);
#2518=ORIENTED_EDGE('',*,*,#5102,.F.);
#2519=ORIENTED_EDGE('',*,*,#5103,.F.);
#2520=ORIENTED_EDGE('',*,*,#5104,.F.);
#2521=ORIENTED_EDGE('',*,*,#5105,.F.);
#2522=ORIENTED_EDGE('',*,*,#5106,.F.);
#2523=ORIENTED_EDGE('',*,*,#5078,.F.);
#2524=ORIENTED_EDGE('',*,*,#5107,.F.);
#2525=ORIENTED_EDGE('',*,*,#5108,.F.);
#2526=ORIENTED_EDGE('',*,*,#5109,.F.);
#2527=ORIENTED_EDGE('',*,*,#5110,.F.);
#2528=ORIENTED_EDGE('',*,*,#5111,.F.);
#2529=ORIENTED_EDGE('',*,*,#5081,.T.);
#2530=ORIENTED_EDGE('',*,*,#5112,.F.);
#2531=ORIENTED_EDGE('',*,*,#5113,.F.);
#2532=ORIENTED_EDGE('',*,*,#5114,.T.);
#2533=ORIENTED_EDGE('',*,*,#5115,.T.);
#2534=ORIENTED_EDGE('',*,*,#5116,.T.);
#2535=ORIENTED_EDGE('',*,*,#5117,.T.);
#2536=ORIENTED_EDGE('',*,*,#5118,.F.);
#2537=ORIENTED_EDGE('',*,*,#5119,.F.);
#2538=ORIENTED_EDGE('',*,*,#5120,.F.);
#2539=ORIENTED_EDGE('',*,*,#5121,.F.);
#2540=ORIENTED_EDGE('',*,*,#5122,.F.);
#2541=ORIENTED_EDGE('',*,*,#5123,.F.);
#2542=ORIENTED_EDGE('',*,*,#5124,.F.);
#2543=ORIENTED_EDGE('',*,*,#5125,.F.);
#2544=ORIENTED_EDGE('',*,*,#5126,.F.);
#2545=ORIENTED_EDGE('',*,*,#5127,.F.);
#2546=ORIENTED_EDGE('',*,*,#5128,.F.);
#2547=ORIENTED_EDGE('',*,*,#5129,.F.);
#2548=ORIENTED_EDGE('',*,*,#5130,.F.);
#2549=ORIENTED_EDGE('',*,*,#5131,.F.);
#2550=ORIENTED_EDGE('',*,*,#5132,.F.);
#2551=ORIENTED_EDGE('',*,*,#5133,.F.);
#2552=ORIENTED_EDGE('',*,*,#5134,.F.);
#2553=ORIENTED_EDGE('',*,*,#5135,.F.);
#2554=ORIENTED_EDGE('',*,*,#5136,.F.);
#2555=ORIENTED_EDGE('',*,*,#5137,.F.);
#2556=ORIENTED_EDGE('',*,*,#5138,.F.);
#2557=ORIENTED_EDGE('',*,*,#5139,.F.);
#2558=ORIENTED_EDGE('',*,*,#5140,.F.);
#2559=ORIENTED_EDGE('',*,*,#5141,.F.);
#2560=ORIENTED_EDGE('',*,*,#5142,.F.);
#2561=ORIENTED_EDGE('',*,*,#5143,.F.);
#2562=ORIENTED_EDGE('',*,*,#5144,.F.);
#2563=ORIENTED_EDGE('',*,*,#5145,.F.);
#2564=ORIENTED_EDGE('',*,*,#5146,.F.);
#2565=ORIENTED_EDGE('',*,*,#5147,.F.);
#2566=ORIENTED_EDGE('',*,*,#5148,.F.);
#2567=ORIENTED_EDGE('',*,*,#5149,.F.);
#2568=ORIENTED_EDGE('',*,*,#5150,.F.);
#2569=ORIENTED_EDGE('',*,*,#5151,.F.);
#2570=ORIENTED_EDGE('',*,*,#5152,.F.);
#2571=ORIENTED_EDGE('',*,*,#5153,.F.);
#2572=ORIENTED_EDGE('',*,*,#5154,.F.);
#2573=ORIENTED_EDGE('',*,*,#5155,.F.);
#2574=ORIENTED_EDGE('',*,*,#5156,.F.);
#2575=ORIENTED_EDGE('',*,*,#5157,.F.);
#2576=ORIENTED_EDGE('',*,*,#5158,.F.);
#2577=ORIENTED_EDGE('',*,*,#5159,.F.);
#2578=ORIENTED_EDGE('',*,*,#5160,.F.);
#2579=ORIENTED_EDGE('',*,*,#5161,.F.);
#2580=ORIENTED_EDGE('',*,*,#5162,.F.);
#2581=ORIENTED_EDGE('',*,*,#5163,.F.);
#2582=ORIENTED_EDGE('',*,*,#5164,.F.);
#2583=ORIENTED_EDGE('',*,*,#5165,.F.);
#2584=ORIENTED_EDGE('',*,*,#5166,.F.);
#2585=ORIENTED_EDGE('',*,*,#5167,.F.);
#2586=ORIENTED_EDGE('',*,*,#5168,.F.);
#2587=ORIENTED_EDGE('',*,*,#5169,.F.);
#2588=ORIENTED_EDGE('',*,*,#5170,.F.);
#2589=ORIENTED_EDGE('',*,*,#5171,.F.);
#2590=ORIENTED_EDGE('',*,*,#5172,.F.);
#2591=ORIENTED_EDGE('',*,*,#5173,.F.);
#2592=ORIENTED_EDGE('',*,*,#5174,.F.);
#2593=ORIENTED_EDGE('',*,*,#5175,.F.);
#2594=ORIENTED_EDGE('',*,*,#5176,.F.);
#2595=ORIENTED_EDGE('',*,*,#5177,.F.);
#2596=ORIENTED_EDGE('',*,*,#5178,.F.);
#2597=ORIENTED_EDGE('',*,*,#5179,.F.);
#2598=ORIENTED_EDGE('',*,*,#5180,.F.);
#2599=ORIENTED_EDGE('',*,*,#5181,.F.);
#2600=ORIENTED_EDGE('',*,*,#5182,.F.);
#2601=ORIENTED_EDGE('',*,*,#5183,.F.);
#2602=ORIENTED_EDGE('',*,*,#5184,.F.);
#2603=ORIENTED_EDGE('',*,*,#5185,.F.);
#2604=ORIENTED_EDGE('',*,*,#5186,.F.);
#2605=ORIENTED_EDGE('',*,*,#5187,.F.);
#2606=ORIENTED_EDGE('',*,*,#5188,.F.);
#2607=ORIENTED_EDGE('',*,*,#5189,.F.);
#2608=ORIENTED_EDGE('',*,*,#5190,.F.);
#2609=ORIENTED_EDGE('',*,*,#5191,.F.);
#2610=ORIENTED_EDGE('',*,*,#5192,.F.);
#2611=ORIENTED_EDGE('',*,*,#5193,.F.);
#2612=ORIENTED_EDGE('',*,*,#5194,.F.);
#2613=ORIENTED_EDGE('',*,*,#5195,.F.);
#2614=ORIENTED_EDGE('',*,*,#5196,.F.);
#2615=ORIENTED_EDGE('',*,*,#5197,.F.);
#2616=ORIENTED_EDGE('',*,*,#5198,.F.);
#2617=ORIENTED_EDGE('',*,*,#5199,.F.);
#2618=ORIENTED_EDGE('',*,*,#5200,.F.);
#2619=ORIENTED_EDGE('',*,*,#5201,.F.);
#2620=ORIENTED_EDGE('',*,*,#5202,.F.);
#2621=ORIENTED_EDGE('',*,*,#5203,.F.);
#2622=ORIENTED_EDGE('',*,*,#5204,.F.);
#2623=ORIENTED_EDGE('',*,*,#5205,.F.);
#2624=ORIENTED_EDGE('',*,*,#5206,.F.);
#2625=ORIENTED_EDGE('',*,*,#5207,.F.);
#2626=ORIENTED_EDGE('',*,*,#5208,.F.);
#2627=ORIENTED_EDGE('',*,*,#5209,.F.);
#2628=ORIENTED_EDGE('',*,*,#5210,.F.);
#2629=ORIENTED_EDGE('',*,*,#5211,.F.);
#2630=ORIENTED_EDGE('',*,*,#5212,.F.);
#2631=ORIENTED_EDGE('',*,*,#5213,.F.);
#2632=ORIENTED_EDGE('',*,*,#5214,.F.);
#2633=ORIENTED_EDGE('',*,*,#5215,.F.);
#2634=ORIENTED_EDGE('',*,*,#5216,.F.);
#2635=ORIENTED_EDGE('',*,*,#5217,.F.);
#2636=ORIENTED_EDGE('',*,*,#5218,.F.);
#2637=ORIENTED_EDGE('',*,*,#5219,.F.);
#2638=ORIENTED_EDGE('',*,*,#5220,.F.);
#2639=ORIENTED_EDGE('',*,*,#5221,.F.);
#2640=ORIENTED_EDGE('',*,*,#5222,.F.);
#2641=ORIENTED_EDGE('',*,*,#5223,.F.);
#2642=ORIENTED_EDGE('',*,*,#5224,.F.);
#2643=ORIENTED_EDGE('',*,*,#5225,.F.);
#2644=ORIENTED_EDGE('',*,*,#5226,.F.);
#2645=ORIENTED_EDGE('',*,*,#5227,.F.);
#2646=ORIENTED_EDGE('',*,*,#5228,.F.);
#2647=ORIENTED_EDGE('',*,*,#5229,.F.);
#2648=ORIENTED_EDGE('',*,*,#5230,.F.);
#2649=ORIENTED_EDGE('',*,*,#5231,.F.);
#2650=ORIENTED_EDGE('',*,*,#5232,.F.);
#2651=ORIENTED_EDGE('',*,*,#5233,.F.);
#2652=ORIENTED_EDGE('',*,*,#5234,.F.);
#2653=ORIENTED_EDGE('',*,*,#5235,.F.);
#2654=ORIENTED_EDGE('',*,*,#5236,.F.);
#2655=ORIENTED_EDGE('',*,*,#5237,.F.);
#2656=ORIENTED_EDGE('',*,*,#5238,.F.);
#2657=ORIENTED_EDGE('',*,*,#5239,.F.);
#2658=ORIENTED_EDGE('',*,*,#5240,.F.);
#2659=ORIENTED_EDGE('',*,*,#5241,.F.);
#2660=ORIENTED_EDGE('',*,*,#5242,.F.);
#2661=ORIENTED_EDGE('',*,*,#5243,.F.);
#2662=ORIENTED_EDGE('',*,*,#5244,.F.);
#2663=ORIENTED_EDGE('',*,*,#5245,.F.);
#2664=ORIENTED_EDGE('',*,*,#5246,.F.);
#2665=ORIENTED_EDGE('',*,*,#5247,.F.);
#2666=ORIENTED_EDGE('',*,*,#5248,.F.);
#2667=ORIENTED_EDGE('',*,*,#5249,.F.);
#2668=ORIENTED_EDGE('',*,*,#5250,.F.);
#2669=ORIENTED_EDGE('',*,*,#5251,.F.);
#2670=ORIENTED_EDGE('',*,*,#5252,.F.);
#2671=ORIENTED_EDGE('',*,*,#5253,.F.);
#2672=ORIENTED_EDGE('',*,*,#5254,.F.);
#2673=ORIENTED_EDGE('',*,*,#5255,.F.);
#2674=ORIENTED_EDGE('',*,*,#5256,.F.);
#2675=ORIENTED_EDGE('',*,*,#5257,.F.);
#2676=ORIENTED_EDGE('',*,*,#5258,.F.);
#2677=ORIENTED_EDGE('',*,*,#5259,.F.);
#2678=ORIENTED_EDGE('',*,*,#5260,.F.);
#2679=ORIENTED_EDGE('',*,*,#5261,.F.);
#2680=ORIENTED_EDGE('',*,*,#5262,.F.);
#2681=ORIENTED_EDGE('',*,*,#5263,.F.);
#2682=ORIENTED_EDGE('',*,*,#5264,.F.);
#2683=ORIENTED_EDGE('',*,*,#5265,.F.);
#2684=ORIENTED_EDGE('',*,*,#5266,.F.);
#2685=ORIENTED_EDGE('',*,*,#5267,.F.);
#2686=ORIENTED_EDGE('',*,*,#5268,.F.);
#2687=ORIENTED_EDGE('',*,*,#5269,.F.);
#2688=ORIENTED_EDGE('',*,*,#5270,.F.);
#2689=ORIENTED_EDGE('',*,*,#5271,.F.);
#2690=ORIENTED_EDGE('',*,*,#5272,.F.);
#2691=ORIENTED_EDGE('',*,*,#5273,.F.);
#2692=ORIENTED_EDGE('',*,*,#5274,.F.);
#2693=ORIENTED_EDGE('',*,*,#5275,.F.);
#2694=ORIENTED_EDGE('',*,*,#5276,.F.);
#2695=ORIENTED_EDGE('',*,*,#5277,.F.);
#2696=ORIENTED_EDGE('',*,*,#5278,.F.);
#2697=ORIENTED_EDGE('',*,*,#5279,.F.);
#2698=ORIENTED_EDGE('',*,*,#5280,.F.);
#2699=ORIENTED_EDGE('',*,*,#5281,.F.);
#2700=ORIENTED_EDGE('',*,*,#5282,.F.);
#2701=ORIENTED_EDGE('',*,*,#5283,.F.);
#2702=ORIENTED_EDGE('',*,*,#5284,.F.);
#2703=ORIENTED_EDGE('',*,*,#5285,.F.);
#2704=ORIENTED_EDGE('',*,*,#5286,.F.);
#2705=ORIENTED_EDGE('',*,*,#5287,.F.);
#2706=ORIENTED_EDGE('',*,*,#5288,.F.);
#2707=ORIENTED_EDGE('',*,*,#5289,.F.);
#2708=ORIENTED_EDGE('',*,*,#5290,.F.);
#2709=ORIENTED_EDGE('',*,*,#5291,.F.);
#2710=ORIENTED_EDGE('',*,*,#5292,.F.);
#2711=ORIENTED_EDGE('',*,*,#5293,.F.);
#2712=ORIENTED_EDGE('',*,*,#5294,.F.);
#2713=ORIENTED_EDGE('',*,*,#5295,.F.);
#2714=ORIENTED_EDGE('',*,*,#5296,.F.);
#2715=ORIENTED_EDGE('',*,*,#5297,.F.);
#2716=ORIENTED_EDGE('',*,*,#5298,.F.);
#2717=ORIENTED_EDGE('',*,*,#5299,.F.);
#2718=ORIENTED_EDGE('',*,*,#5300,.F.);
#2719=ORIENTED_EDGE('',*,*,#5301,.F.);
#2720=ORIENTED_EDGE('',*,*,#5302,.F.);
#2721=ORIENTED_EDGE('',*,*,#5303,.F.);
#2722=ORIENTED_EDGE('',*,*,#5304,.F.);
#2723=ORIENTED_EDGE('',*,*,#5305,.F.);
#2724=ORIENTED_EDGE('',*,*,#5306,.F.);
#2725=ORIENTED_EDGE('',*,*,#5307,.F.);
#2726=ORIENTED_EDGE('',*,*,#5308,.F.);
#2727=ORIENTED_EDGE('',*,*,#5309,.F.);
#2728=ORIENTED_EDGE('',*,*,#5310,.F.);
#2729=ORIENTED_EDGE('',*,*,#5311,.F.);
#2730=ORIENTED_EDGE('',*,*,#5312,.F.);
#2731=ORIENTED_EDGE('',*,*,#5313,.F.);
#2732=ORIENTED_EDGE('',*,*,#5314,.F.);
#2733=ORIENTED_EDGE('',*,*,#5315,.F.);
#2734=ORIENTED_EDGE('',*,*,#5316,.F.);
#2735=ORIENTED_EDGE('',*,*,#5317,.F.);
#2736=ORIENTED_EDGE('',*,*,#5318,.F.);
#2737=ORIENTED_EDGE('',*,*,#5319,.F.);
#2738=ORIENTED_EDGE('',*,*,#5320,.F.);
#2739=ORIENTED_EDGE('',*,*,#5321,.F.);
#2740=ORIENTED_EDGE('',*,*,#5322,.F.);
#2741=ORIENTED_EDGE('',*,*,#5323,.F.);
#2742=ORIENTED_EDGE('',*,*,#5324,.F.);
#2743=ORIENTED_EDGE('',*,*,#5325,.F.);
#2744=ORIENTED_EDGE('',*,*,#5326,.F.);
#2745=ORIENTED_EDGE('',*,*,#5327,.F.);
#2746=ORIENTED_EDGE('',*,*,#5328,.F.);
#2747=ORIENTED_EDGE('',*,*,#5329,.F.);
#2748=ORIENTED_EDGE('',*,*,#5330,.F.);
#2749=ORIENTED_EDGE('',*,*,#5331,.F.);
#2750=ORIENTED_EDGE('',*,*,#5332,.F.);
#2751=ORIENTED_EDGE('',*,*,#5333,.F.);
#2752=ORIENTED_EDGE('',*,*,#5334,.F.);
#2753=ORIENTED_EDGE('',*,*,#5335,.F.);
#2754=ORIENTED_EDGE('',*,*,#5336,.F.);
#2755=ORIENTED_EDGE('',*,*,#5337,.F.);
#2756=ORIENTED_EDGE('',*,*,#5338,.F.);
#2757=ORIENTED_EDGE('',*,*,#5339,.F.);
#2758=ORIENTED_EDGE('',*,*,#5340,.F.);
#2759=ORIENTED_EDGE('',*,*,#5341,.F.);
#2760=ORIENTED_EDGE('',*,*,#5342,.F.);
#2761=ORIENTED_EDGE('',*,*,#5343,.F.);
#2762=ORIENTED_EDGE('',*,*,#5344,.F.);
#2763=ORIENTED_EDGE('',*,*,#5345,.F.);
#2764=ORIENTED_EDGE('',*,*,#5346,.F.);
#2765=ORIENTED_EDGE('',*,*,#5347,.F.);
#2766=ORIENTED_EDGE('',*,*,#5348,.F.);
#2767=ORIENTED_EDGE('',*,*,#5349,.F.);
#2768=ORIENTED_EDGE('',*,*,#5350,.F.);
#2769=ORIENTED_EDGE('',*,*,#5351,.T.);
#2770=ORIENTED_EDGE('',*,*,#5352,.T.);
#2771=ORIENTED_EDGE('',*,*,#5353,.T.);
#2772=ORIENTED_EDGE('',*,*,#5354,.F.);
#2773=ORIENTED_EDGE('',*,*,#5355,.T.);
#2774=ORIENTED_EDGE('',*,*,#5356,.T.);
#2775=ORIENTED_EDGE('',*,*,#5357,.T.);
#2776=ORIENTED_EDGE('',*,*,#5358,.T.);
#2777=ORIENTED_EDGE('',*,*,#5359,.T.);
#2778=ORIENTED_EDGE('',*,*,#5360,.F.);
#2779=ORIENTED_EDGE('',*,*,#5361,.T.);
#2780=ORIENTED_EDGE('',*,*,#5362,.F.);
#2781=ORIENTED_EDGE('',*,*,#5363,.T.);
#2782=ORIENTED_EDGE('',*,*,#5364,.F.);
#2783=ORIENTED_EDGE('',*,*,#5365,.T.);
#2784=ORIENTED_EDGE('',*,*,#5366,.F.);
#2785=ORIENTED_EDGE('',*,*,#5367,.T.);
#2786=ORIENTED_EDGE('',*,*,#5368,.F.);
#2787=ORIENTED_EDGE('',*,*,#5369,.T.);
#2788=ORIENTED_EDGE('',*,*,#5370,.F.);
#2789=ORIENTED_EDGE('',*,*,#5371,.F.);
#2790=ORIENTED_EDGE('',*,*,#5372,.F.);
#2791=ORIENTED_EDGE('',*,*,#5373,.F.);
#2792=ORIENTED_EDGE('',*,*,#5374,.F.);
#2793=ORIENTED_EDGE('',*,*,#5375,.T.);
#2794=ORIENTED_EDGE('',*,*,#5376,.F.);
#2795=ORIENTED_EDGE('',*,*,#5377,.T.);
#2796=ORIENTED_EDGE('',*,*,#5378,.F.);
#2797=ORIENTED_EDGE('',*,*,#5379,.T.);
#2798=ORIENTED_EDGE('',*,*,#5380,.F.);
#2799=ORIENTED_EDGE('',*,*,#5381,.F.);
#2800=ORIENTED_EDGE('',*,*,#5382,.F.);
#2801=ORIENTED_EDGE('',*,*,#5383,.T.);
#2802=ORIENTED_EDGE('',*,*,#5384,.F.);
#2803=ORIENTED_EDGE('',*,*,#5385,.T.);
#2804=ORIENTED_EDGE('',*,*,#5386,.T.);
#2805=ORIENTED_EDGE('',*,*,#5387,.T.);
#2806=ORIENTED_EDGE('',*,*,#5388,.T.);
#2807=ORIENTED_EDGE('',*,*,#5389,.T.);
#2808=ORIENTED_EDGE('',*,*,#5390,.T.);
#2809=ORIENTED_EDGE('',*,*,#5391,.F.);
#2810=ORIENTED_EDGE('',*,*,#5392,.F.);
#2811=ORIENTED_EDGE('',*,*,#5393,.T.);
#2812=ORIENTED_EDGE('',*,*,#5394,.T.);
#2813=ORIENTED_EDGE('',*,*,#5358,.F.);
#2814=ORIENTED_EDGE('',*,*,#5395,.T.);
#2815=ORIENTED_EDGE('',*,*,#5396,.T.);
#2816=ORIENTED_EDGE('',*,*,#5397,.T.);
#2817=ORIENTED_EDGE('',*,*,#5398,.F.);
#2818=ORIENTED_EDGE('',*,*,#5399,.T.);
#2819=ORIENTED_EDGE('',*,*,#5400,.T.);
#2820=ORIENTED_EDGE('',*,*,#5401,.F.);
#2821=ORIENTED_EDGE('',*,*,#5360,.T.);
#2822=ORIENTED_EDGE('',*,*,#5402,.F.);
#2823=ORIENTED_EDGE('',*,*,#5390,.F.);
#2824=ORIENTED_EDGE('',*,*,#5403,.T.);
#2825=ORIENTED_EDGE('',*,*,#5404,.T.);
#2826=ORIENTED_EDGE('',*,*,#5405,.T.);
#2827=ORIENTED_EDGE('',*,*,#5398,.T.);
#2828=ORIENTED_EDGE('',*,*,#5406,.F.);
#2829=ORIENTED_EDGE('',*,*,#5407,.F.);
#2830=ORIENTED_EDGE('',*,*,#5408,.T.);
#2831=ORIENTED_EDGE('',*,*,#5409,.T.);
#2832=ORIENTED_EDGE('',*,*,#5410,.F.);
#2833=ORIENTED_EDGE('',*,*,#5411,.T.);
#2834=ORIENTED_EDGE('',*,*,#5412,.T.);
#2835=ORIENTED_EDGE('',*,*,#5413,.T.);
#2836=ORIENTED_EDGE('',*,*,#5414,.T.);
#2837=ORIENTED_EDGE('',*,*,#5415,.T.);
#2838=ORIENTED_EDGE('',*,*,#5416,.T.);
#2839=ORIENTED_EDGE('',*,*,#5417,.T.);
#2840=ORIENTED_EDGE('',*,*,#5418,.T.);
#2841=ORIENTED_EDGE('',*,*,#5419,.T.);
#2842=ORIENTED_EDGE('',*,*,#5420,.T.);
#2843=ORIENTED_EDGE('',*,*,#5421,.T.);
#2844=ORIENTED_EDGE('',*,*,#5422,.T.);
#2845=ORIENTED_EDGE('',*,*,#5423,.T.);
#2846=ORIENTED_EDGE('',*,*,#5424,.T.);
#2847=ORIENTED_EDGE('',*,*,#5425,.T.);
#2848=ORIENTED_EDGE('',*,*,#5426,.T.);
#2849=ORIENTED_EDGE('',*,*,#5427,.T.);
#2850=ORIENTED_EDGE('',*,*,#5428,.T.);
#2851=ORIENTED_EDGE('',*,*,#5429,.T.);
#2852=ORIENTED_EDGE('',*,*,#5430,.T.);
#2853=ORIENTED_EDGE('',*,*,#5431,.T.);
#2854=ORIENTED_EDGE('',*,*,#5432,.T.);
#2855=ORIENTED_EDGE('',*,*,#5433,.T.);
#2856=ORIENTED_EDGE('',*,*,#5434,.T.);
#2857=ORIENTED_EDGE('',*,*,#5435,.T.);
#2858=ORIENTED_EDGE('',*,*,#5436,.T.);
#2859=ORIENTED_EDGE('',*,*,#5437,.T.);
#2860=ORIENTED_EDGE('',*,*,#5438,.T.);
#2861=ORIENTED_EDGE('',*,*,#5439,.T.);
#2862=ORIENTED_EDGE('',*,*,#5440,.T.);
#2863=ORIENTED_EDGE('',*,*,#5441,.T.);
#2864=ORIENTED_EDGE('',*,*,#5442,.T.);
#2865=ORIENTED_EDGE('',*,*,#5443,.T.);
#2866=ORIENTED_EDGE('',*,*,#5444,.T.);
#2867=ORIENTED_EDGE('',*,*,#5445,.T.);
#2868=ORIENTED_EDGE('',*,*,#5446,.T.);
#2869=ORIENTED_EDGE('',*,*,#5447,.T.);
#2870=ORIENTED_EDGE('',*,*,#5448,.T.);
#2871=ORIENTED_EDGE('',*,*,#5449,.T.);
#2872=ORIENTED_EDGE('',*,*,#5450,.T.);
#2873=ORIENTED_EDGE('',*,*,#5451,.T.);
#2874=ORIENTED_EDGE('',*,*,#5452,.T.);
#2875=ORIENTED_EDGE('',*,*,#5453,.T.);
#2876=ORIENTED_EDGE('',*,*,#5454,.T.);
#2877=ORIENTED_EDGE('',*,*,#5455,.T.);
#2878=ORIENTED_EDGE('',*,*,#5456,.T.);
#2879=ORIENTED_EDGE('',*,*,#5457,.T.);
#2880=ORIENTED_EDGE('',*,*,#5458,.T.);
#2881=ORIENTED_EDGE('',*,*,#5459,.T.);
#2882=ORIENTED_EDGE('',*,*,#5460,.T.);
#2883=ORIENTED_EDGE('',*,*,#5461,.T.);
#2884=ORIENTED_EDGE('',*,*,#5462,.T.);
#2885=ORIENTED_EDGE('',*,*,#5463,.T.);
#2886=ORIENTED_EDGE('',*,*,#5464,.T.);
#2887=ORIENTED_EDGE('',*,*,#5465,.T.);
#2888=ORIENTED_EDGE('',*,*,#5466,.T.);
#2889=ORIENTED_EDGE('',*,*,#5467,.F.);
#2890=ORIENTED_EDGE('',*,*,#5468,.T.);
#2891=ORIENTED_EDGE('',*,*,#5469,.T.);
#2892=ORIENTED_EDGE('',*,*,#5470,.T.);
#2893=ORIENTED_EDGE('',*,*,#5471,.F.);
#2894=ORIENTED_EDGE('',*,*,#5472,.T.);
#2895=ORIENTED_EDGE('',*,*,#5467,.T.);
#2896=ORIENTED_EDGE('',*,*,#5473,.T.);
#2897=ORIENTED_EDGE('',*,*,#5474,.F.);
#2898=ORIENTED_EDGE('',*,*,#5475,.T.);
#2899=ORIENTED_EDGE('',*,*,#5471,.T.);
#2900=ORIENTED_EDGE('',*,*,#5476,.T.);
#2901=ORIENTED_EDGE('',*,*,#5477,.T.);
#2902=ORIENTED_EDGE('',*,*,#5478,.T.);
#2903=ORIENTED_EDGE('',*,*,#5479,.T.);
#2904=ORIENTED_EDGE('',*,*,#5042,.T.);
#2905=ORIENTED_EDGE('',*,*,#5480,.T.);
#2906=ORIENTED_EDGE('',*,*,#5481,.T.);
#2907=ORIENTED_EDGE('',*,*,#5482,.T.);
#2908=ORIENTED_EDGE('',*,*,#5052,.T.);
#2909=ORIENTED_EDGE('',*,*,#5483,.T.);
#2910=ORIENTED_EDGE('',*,*,#5484,.T.);
#2911=ORIENTED_EDGE('',*,*,#5485,.T.);
#2912=ORIENTED_EDGE('',*,*,#5486,.T.);
#2913=ORIENTED_EDGE('',*,*,#5070,.T.);
#2914=ORIENTED_EDGE('',*,*,#5487,.T.);
#2915=ORIENTED_EDGE('',*,*,#5048,.T.);
#2916=ORIENTED_EDGE('',*,*,#5488,.T.);
#2917=ORIENTED_EDGE('',*,*,#5489,.T.);
#2918=ORIENTED_EDGE('',*,*,#5066,.T.);
#2919=ORIENTED_EDGE('',*,*,#5490,.T.);
#2920=ORIENTED_EDGE('',*,*,#5491,.T.);
#2921=ORIENTED_EDGE('',*,*,#5396,.F.);
#2922=ORIENTED_EDGE('',*,*,#5399,.F.);
#2923=ORIENTED_EDGE('',*,*,#5492,.T.);
#2924=ORIENTED_EDGE('',*,*,#5493,.T.);
#2925=ORIENTED_EDGE('',*,*,#5494,.T.);
#2926=ORIENTED_EDGE('',*,*,#5495,.T.);
#2927=ORIENTED_EDGE('',*,*,#5496,.T.);
#2928=ORIENTED_EDGE('',*,*,#5497,.T.);
#2929=ORIENTED_EDGE('',*,*,#5498,.T.);
#2930=ORIENTED_EDGE('',*,*,#5499,.T.);
#2931=ORIENTED_EDGE('',*,*,#5500,.F.);
#2932=ORIENTED_EDGE('',*,*,#5501,.T.);
#2933=ORIENTED_EDGE('',*,*,#5502,.T.);
#2934=ORIENTED_EDGE('',*,*,#5503,.T.);
#2935=ORIENTED_EDGE('',*,*,#5504,.T.);
#2936=ORIENTED_EDGE('',*,*,#5064,.T.);
#2937=ORIENTED_EDGE('',*,*,#5505,.T.);
#2938=ORIENTED_EDGE('',*,*,#5392,.T.);
#2939=ORIENTED_EDGE('',*,*,#5506,.T.);
#2940=ORIENTED_EDGE('',*,*,#5060,.T.);
#2941=ORIENTED_EDGE('',*,*,#5507,.T.);
#2942=ORIENTED_EDGE('',*,*,#5508,.T.);
#2943=ORIENTED_EDGE('',*,*,#5509,.T.);
#2944=ORIENTED_EDGE('',*,*,#5058,.T.);
#2945=ORIENTED_EDGE('',*,*,#5510,.T.);
#2946=ORIENTED_EDGE('',*,*,#5054,.T.);
#2947=ORIENTED_EDGE('',*,*,#5511,.T.);
#2948=ORIENTED_EDGE('',*,*,#5512,.T.);
#2949=ORIENTED_EDGE('',*,*,#5513,.T.);
#2950=ORIENTED_EDGE('',*,*,#5514,.T.);
#2951=ORIENTED_EDGE('',*,*,#5515,.T.);
#2952=ORIENTED_EDGE('',*,*,#5040,.T.);
#2953=ORIENTED_EDGE('',*,*,#5516,.T.);
#2954=ORIENTED_EDGE('',*,*,#5517,.T.);
#2955=ORIENTED_EDGE('',*,*,#5518,.F.);
#2956=ORIENTED_EDGE('',*,*,#5519,.F.);
#2957=ORIENTED_EDGE('',*,*,#5118,.T.);
#2958=ORIENTED_EDGE('',*,*,#5520,.T.);
#2959=ORIENTED_EDGE('',*,*,#5521,.F.);
#2960=ORIENTED_EDGE('',*,*,#5522,.F.);
#2961=ORIENTED_EDGE('',*,*,#5119,.T.);
#2962=ORIENTED_EDGE('',*,*,#5519,.T.);
#2963=ORIENTED_EDGE('',*,*,#5523,.F.);
#2964=ORIENTED_EDGE('',*,*,#5524,.F.);
#2965=ORIENTED_EDGE('',*,*,#5120,.T.);
#2966=ORIENTED_EDGE('',*,*,#5522,.T.);
#2967=ORIENTED_EDGE('',*,*,#5525,.F.);
#2968=ORIENTED_EDGE('',*,*,#5526,.F.);
#2969=ORIENTED_EDGE('',*,*,#5121,.T.);
#2970=ORIENTED_EDGE('',*,*,#5524,.T.);
#2971=ORIENTED_EDGE('',*,*,#5527,.F.);
#2972=ORIENTED_EDGE('',*,*,#5528,.F.);
#2973=ORIENTED_EDGE('',*,*,#5122,.T.);
#2974=ORIENTED_EDGE('',*,*,#5526,.T.);
#2975=ORIENTED_EDGE('',*,*,#5529,.F.);
#2976=ORIENTED_EDGE('',*,*,#5530,.F.);
#2977=ORIENTED_EDGE('',*,*,#5123,.T.);
#2978=ORIENTED_EDGE('',*,*,#5528,.T.);
#2979=ORIENTED_EDGE('',*,*,#5531,.F.);
#2980=ORIENTED_EDGE('',*,*,#5532,.F.);
#2981=ORIENTED_EDGE('',*,*,#5124,.T.);
#2982=ORIENTED_EDGE('',*,*,#5530,.T.);
#2983=ORIENTED_EDGE('',*,*,#5533,.F.);
#2984=ORIENTED_EDGE('',*,*,#5534,.F.);
#2985=ORIENTED_EDGE('',*,*,#5126,.T.);
#2986=ORIENTED_EDGE('',*,*,#5535,.T.);
#2987=ORIENTED_EDGE('',*,*,#5536,.F.);
#2988=ORIENTED_EDGE('',*,*,#5537,.F.);
#2989=ORIENTED_EDGE('',*,*,#5127,.T.);
#2990=ORIENTED_EDGE('',*,*,#5534,.T.);
#2991=ORIENTED_EDGE('',*,*,#5538,.F.);
#2992=ORIENTED_EDGE('',*,*,#5539,.F.);
#2993=ORIENTED_EDGE('',*,*,#5128,.T.);
#2994=ORIENTED_EDGE('',*,*,#5537,.T.);
#2995=ORIENTED_EDGE('',*,*,#5540,.F.);
#2996=ORIENTED_EDGE('',*,*,#5541,.F.);
#2997=ORIENTED_EDGE('',*,*,#5129,.T.);
#2998=ORIENTED_EDGE('',*,*,#5539,.T.);
#2999=ORIENTED_EDGE('',*,*,#5542,.F.);
#3000=ORIENTED_EDGE('',*,*,#5543,.F.);
#3001=ORIENTED_EDGE('',*,*,#5130,.T.);
#3002=ORIENTED_EDGE('',*,*,#5541,.T.);
#3003=ORIENTED_EDGE('',*,*,#5544,.F.);
#3004=ORIENTED_EDGE('',*,*,#5545,.F.);
#3005=ORIENTED_EDGE('',*,*,#5131,.T.);
#3006=ORIENTED_EDGE('',*,*,#5543,.T.);
#3007=ORIENTED_EDGE('',*,*,#5546,.F.);
#3008=ORIENTED_EDGE('',*,*,#5547,.F.);
#3009=ORIENTED_EDGE('',*,*,#5132,.T.);
#3010=ORIENTED_EDGE('',*,*,#5545,.T.);
#3011=ORIENTED_EDGE('',*,*,#5548,.F.);
#3012=ORIENTED_EDGE('',*,*,#5549,.F.);
#3013=ORIENTED_EDGE('',*,*,#5134,.T.);
#3014=ORIENTED_EDGE('',*,*,#5550,.T.);
#3015=ORIENTED_EDGE('',*,*,#5551,.F.);
#3016=ORIENTED_EDGE('',*,*,#5552,.F.);
#3017=ORIENTED_EDGE('',*,*,#5135,.T.);
#3018=ORIENTED_EDGE('',*,*,#5549,.T.);
#3019=ORIENTED_EDGE('',*,*,#5553,.F.);
#3020=ORIENTED_EDGE('',*,*,#5554,.F.);
#3021=ORIENTED_EDGE('',*,*,#5136,.T.);
#3022=ORIENTED_EDGE('',*,*,#5552,.T.);
#3023=ORIENTED_EDGE('',*,*,#5555,.F.);
#3024=ORIENTED_EDGE('',*,*,#5556,.F.);
#3025=ORIENTED_EDGE('',*,*,#5137,.T.);
#3026=ORIENTED_EDGE('',*,*,#5554,.T.);
#3027=ORIENTED_EDGE('',*,*,#5557,.F.);
#3028=ORIENTED_EDGE('',*,*,#5558,.F.);
#3029=ORIENTED_EDGE('',*,*,#5138,.T.);
#3030=ORIENTED_EDGE('',*,*,#5556,.T.);
#3031=ORIENTED_EDGE('',*,*,#5559,.F.);
#3032=ORIENTED_EDGE('',*,*,#5560,.F.);
#3033=ORIENTED_EDGE('',*,*,#5139,.T.);
#3034=ORIENTED_EDGE('',*,*,#5558,.T.);
#3035=ORIENTED_EDGE('',*,*,#5561,.F.);
#3036=ORIENTED_EDGE('',*,*,#5562,.F.);
#3037=ORIENTED_EDGE('',*,*,#5140,.T.);
#3038=ORIENTED_EDGE('',*,*,#5560,.T.);
#3039=ORIENTED_EDGE('',*,*,#5563,.F.);
#3040=ORIENTED_EDGE('',*,*,#5564,.F.);
#3041=ORIENTED_EDGE('',*,*,#5142,.T.);
#3042=ORIENTED_EDGE('',*,*,#5565,.T.);
#3043=ORIENTED_EDGE('',*,*,#5566,.F.);
#3044=ORIENTED_EDGE('',*,*,#5567,.F.);
#3045=ORIENTED_EDGE('',*,*,#5143,.T.);
#3046=ORIENTED_EDGE('',*,*,#5564,.T.);
#3047=ORIENTED_EDGE('',*,*,#5568,.F.);
#3048=ORIENTED_EDGE('',*,*,#5569,.F.);
#3049=ORIENTED_EDGE('',*,*,#5144,.T.);
#3050=ORIENTED_EDGE('',*,*,#5567,.T.);
#3051=ORIENTED_EDGE('',*,*,#5570,.F.);
#3052=ORIENTED_EDGE('',*,*,#5571,.F.);
#3053=ORIENTED_EDGE('',*,*,#5145,.T.);
#3054=ORIENTED_EDGE('',*,*,#5569,.T.);
#3055=ORIENTED_EDGE('',*,*,#5572,.F.);
#3056=ORIENTED_EDGE('',*,*,#5573,.F.);
#3057=ORIENTED_EDGE('',*,*,#5146,.T.);
#3058=ORIENTED_EDGE('',*,*,#5571,.T.);
#3059=ORIENTED_EDGE('',*,*,#5574,.F.);
#3060=ORIENTED_EDGE('',*,*,#5575,.F.);
#3061=ORIENTED_EDGE('',*,*,#5147,.T.);
#3062=ORIENTED_EDGE('',*,*,#5573,.T.);
#3063=ORIENTED_EDGE('',*,*,#5576,.F.);
#3064=ORIENTED_EDGE('',*,*,#5577,.F.);
#3065=ORIENTED_EDGE('',*,*,#5148,.T.);
#3066=ORIENTED_EDGE('',*,*,#5575,.T.);
#3067=ORIENTED_EDGE('',*,*,#5578,.F.);
#3068=ORIENTED_EDGE('',*,*,#5579,.F.);
#3069=ORIENTED_EDGE('',*,*,#5150,.T.);
#3070=ORIENTED_EDGE('',*,*,#5580,.T.);
#3071=ORIENTED_EDGE('',*,*,#5581,.F.);
#3072=ORIENTED_EDGE('',*,*,#5582,.F.);
#3073=ORIENTED_EDGE('',*,*,#5151,.T.);
#3074=ORIENTED_EDGE('',*,*,#5579,.T.);
#3075=ORIENTED_EDGE('',*,*,#5583,.F.);
#3076=ORIENTED_EDGE('',*,*,#5584,.F.);
#3077=ORIENTED_EDGE('',*,*,#5152,.T.);
#3078=ORIENTED_EDGE('',*,*,#5582,.T.);
#3079=ORIENTED_EDGE('',*,*,#5585,.F.);
#3080=ORIENTED_EDGE('',*,*,#5586,.F.);
#3081=ORIENTED_EDGE('',*,*,#5153,.T.);
#3082=ORIENTED_EDGE('',*,*,#5584,.T.);
#3083=ORIENTED_EDGE('',*,*,#5587,.F.);
#3084=ORIENTED_EDGE('',*,*,#5588,.F.);
#3085=ORIENTED_EDGE('',*,*,#5154,.T.);
#3086=ORIENTED_EDGE('',*,*,#5586,.T.);
#3087=ORIENTED_EDGE('',*,*,#5589,.F.);
#3088=ORIENTED_EDGE('',*,*,#5590,.F.);
#3089=ORIENTED_EDGE('',*,*,#5155,.T.);
#3090=ORIENTED_EDGE('',*,*,#5588,.T.);
#3091=ORIENTED_EDGE('',*,*,#5591,.F.);
#3092=ORIENTED_EDGE('',*,*,#5592,.F.);
#3093=ORIENTED_EDGE('',*,*,#5156,.T.);
#3094=ORIENTED_EDGE('',*,*,#5590,.T.);
#3095=ORIENTED_EDGE('',*,*,#5593,.F.);
#3096=ORIENTED_EDGE('',*,*,#5594,.F.);
#3097=ORIENTED_EDGE('',*,*,#5158,.T.);
#3098=ORIENTED_EDGE('',*,*,#5595,.T.);
#3099=ORIENTED_EDGE('',*,*,#5596,.F.);
#3100=ORIENTED_EDGE('',*,*,#5597,.F.);
#3101=ORIENTED_EDGE('',*,*,#5159,.T.);
#3102=ORIENTED_EDGE('',*,*,#5594,.T.);
#3103=ORIENTED_EDGE('',*,*,#5598,.F.);
#3104=ORIENTED_EDGE('',*,*,#5599,.F.);
#3105=ORIENTED_EDGE('',*,*,#5160,.T.);
#3106=ORIENTED_EDGE('',*,*,#5597,.T.);
#3107=ORIENTED_EDGE('',*,*,#5600,.F.);
#3108=ORIENTED_EDGE('',*,*,#5601,.F.);
#3109=ORIENTED_EDGE('',*,*,#5161,.T.);
#3110=ORIENTED_EDGE('',*,*,#5599,.T.);
#3111=ORIENTED_EDGE('',*,*,#5602,.F.);
#3112=ORIENTED_EDGE('',*,*,#5603,.F.);
#3113=ORIENTED_EDGE('',*,*,#5162,.T.);
#3114=ORIENTED_EDGE('',*,*,#5601,.T.);
#3115=ORIENTED_EDGE('',*,*,#5604,.F.);
#3116=ORIENTED_EDGE('',*,*,#5605,.F.);
#3117=ORIENTED_EDGE('',*,*,#5163,.T.);
#3118=ORIENTED_EDGE('',*,*,#5603,.T.);
#3119=ORIENTED_EDGE('',*,*,#5606,.F.);
#3120=ORIENTED_EDGE('',*,*,#5607,.F.);
#3121=ORIENTED_EDGE('',*,*,#5164,.T.);
#3122=ORIENTED_EDGE('',*,*,#5605,.T.);
#3123=ORIENTED_EDGE('',*,*,#5608,.F.);
#3124=ORIENTED_EDGE('',*,*,#5609,.F.);
#3125=ORIENTED_EDGE('',*,*,#5166,.T.);
#3126=ORIENTED_EDGE('',*,*,#5610,.T.);
#3127=ORIENTED_EDGE('',*,*,#5611,.F.);
#3128=ORIENTED_EDGE('',*,*,#5612,.F.);
#3129=ORIENTED_EDGE('',*,*,#5167,.T.);
#3130=ORIENTED_EDGE('',*,*,#5609,.T.);
#3131=ORIENTED_EDGE('',*,*,#5613,.F.);
#3132=ORIENTED_EDGE('',*,*,#5614,.F.);
#3133=ORIENTED_EDGE('',*,*,#5168,.T.);
#3134=ORIENTED_EDGE('',*,*,#5612,.T.);
#3135=ORIENTED_EDGE('',*,*,#5615,.F.);
#3136=ORIENTED_EDGE('',*,*,#5616,.F.);
#3137=ORIENTED_EDGE('',*,*,#5169,.T.);
#3138=ORIENTED_EDGE('',*,*,#5614,.T.);
#3139=ORIENTED_EDGE('',*,*,#5617,.F.);
#3140=ORIENTED_EDGE('',*,*,#5618,.F.);
#3141=ORIENTED_EDGE('',*,*,#5170,.T.);
#3142=ORIENTED_EDGE('',*,*,#5616,.T.);
#3143=ORIENTED_EDGE('',*,*,#5619,.F.);
#3144=ORIENTED_EDGE('',*,*,#5620,.F.);
#3145=ORIENTED_EDGE('',*,*,#5171,.T.);
#3146=ORIENTED_EDGE('',*,*,#5618,.T.);
#3147=ORIENTED_EDGE('',*,*,#5621,.F.);
#3148=ORIENTED_EDGE('',*,*,#5622,.F.);
#3149=ORIENTED_EDGE('',*,*,#5172,.T.);
#3150=ORIENTED_EDGE('',*,*,#5620,.T.);
#3151=ORIENTED_EDGE('',*,*,#5623,.F.);
#3152=ORIENTED_EDGE('',*,*,#5624,.F.);
#3153=ORIENTED_EDGE('',*,*,#5174,.T.);
#3154=ORIENTED_EDGE('',*,*,#5625,.T.);
#3155=ORIENTED_EDGE('',*,*,#5626,.F.);
#3156=ORIENTED_EDGE('',*,*,#5627,.F.);
#3157=ORIENTED_EDGE('',*,*,#5175,.T.);
#3158=ORIENTED_EDGE('',*,*,#5624,.T.);
#3159=ORIENTED_EDGE('',*,*,#5628,.F.);
#3160=ORIENTED_EDGE('',*,*,#5629,.F.);
#3161=ORIENTED_EDGE('',*,*,#5176,.T.);
#3162=ORIENTED_EDGE('',*,*,#5627,.T.);
#3163=ORIENTED_EDGE('',*,*,#5630,.F.);
#3164=ORIENTED_EDGE('',*,*,#5631,.F.);
#3165=ORIENTED_EDGE('',*,*,#5177,.T.);
#3166=ORIENTED_EDGE('',*,*,#5629,.T.);
#3167=ORIENTED_EDGE('',*,*,#5632,.F.);
#3168=ORIENTED_EDGE('',*,*,#5633,.F.);
#3169=ORIENTED_EDGE('',*,*,#5178,.T.);
#3170=ORIENTED_EDGE('',*,*,#5631,.T.);
#3171=ORIENTED_EDGE('',*,*,#5634,.F.);
#3172=ORIENTED_EDGE('',*,*,#5635,.F.);
#3173=ORIENTED_EDGE('',*,*,#5179,.T.);
#3174=ORIENTED_EDGE('',*,*,#5633,.T.);
#3175=ORIENTED_EDGE('',*,*,#5636,.F.);
#3176=ORIENTED_EDGE('',*,*,#5637,.F.);
#3177=ORIENTED_EDGE('',*,*,#5180,.T.);
#3178=ORIENTED_EDGE('',*,*,#5635,.T.);
#3179=ORIENTED_EDGE('',*,*,#5638,.F.);
#3180=ORIENTED_EDGE('',*,*,#5639,.F.);
#3181=ORIENTED_EDGE('',*,*,#5182,.T.);
#3182=ORIENTED_EDGE('',*,*,#5640,.T.);
#3183=ORIENTED_EDGE('',*,*,#5641,.F.);
#3184=ORIENTED_EDGE('',*,*,#5642,.F.);
#3185=ORIENTED_EDGE('',*,*,#5183,.T.);
#3186=ORIENTED_EDGE('',*,*,#5639,.T.);
#3187=ORIENTED_EDGE('',*,*,#5643,.F.);
#3188=ORIENTED_EDGE('',*,*,#5644,.F.);
#3189=ORIENTED_EDGE('',*,*,#5184,.T.);
#3190=ORIENTED_EDGE('',*,*,#5642,.T.);
#3191=ORIENTED_EDGE('',*,*,#5645,.F.);
#3192=ORIENTED_EDGE('',*,*,#5646,.F.);
#3193=ORIENTED_EDGE('',*,*,#5185,.T.);
#3194=ORIENTED_EDGE('',*,*,#5644,.T.);
#3195=ORIENTED_EDGE('',*,*,#5647,.F.);
#3196=ORIENTED_EDGE('',*,*,#5648,.F.);
#3197=ORIENTED_EDGE('',*,*,#5186,.T.);
#3198=ORIENTED_EDGE('',*,*,#5646,.T.);
#3199=ORIENTED_EDGE('',*,*,#5649,.F.);
#3200=ORIENTED_EDGE('',*,*,#5650,.F.);
#3201=ORIENTED_EDGE('',*,*,#5187,.T.);
#3202=ORIENTED_EDGE('',*,*,#5648,.T.);
#3203=ORIENTED_EDGE('',*,*,#5651,.F.);
#3204=ORIENTED_EDGE('',*,*,#5652,.F.);
#3205=ORIENTED_EDGE('',*,*,#5188,.T.);
#3206=ORIENTED_EDGE('',*,*,#5650,.T.);
#3207=ORIENTED_EDGE('',*,*,#5653,.F.);
#3208=ORIENTED_EDGE('',*,*,#5654,.F.);
#3209=ORIENTED_EDGE('',*,*,#5190,.T.);
#3210=ORIENTED_EDGE('',*,*,#5655,.T.);
#3211=ORIENTED_EDGE('',*,*,#5656,.F.);
#3212=ORIENTED_EDGE('',*,*,#5657,.F.);
#3213=ORIENTED_EDGE('',*,*,#5191,.T.);
#3214=ORIENTED_EDGE('',*,*,#5654,.T.);
#3215=ORIENTED_EDGE('',*,*,#5658,.F.);
#3216=ORIENTED_EDGE('',*,*,#5659,.F.);
#3217=ORIENTED_EDGE('',*,*,#5192,.T.);
#3218=ORIENTED_EDGE('',*,*,#5657,.T.);
#3219=ORIENTED_EDGE('',*,*,#5660,.F.);
#3220=ORIENTED_EDGE('',*,*,#5661,.F.);
#3221=ORIENTED_EDGE('',*,*,#5193,.T.);
#3222=ORIENTED_EDGE('',*,*,#5659,.T.);
#3223=ORIENTED_EDGE('',*,*,#5662,.F.);
#3224=ORIENTED_EDGE('',*,*,#5663,.F.);
#3225=ORIENTED_EDGE('',*,*,#5194,.T.);
#3226=ORIENTED_EDGE('',*,*,#5661,.T.);
#3227=ORIENTED_EDGE('',*,*,#5664,.F.);
#3228=ORIENTED_EDGE('',*,*,#5665,.F.);
#3229=ORIENTED_EDGE('',*,*,#5195,.T.);
#3230=ORIENTED_EDGE('',*,*,#5663,.T.);
#3231=ORIENTED_EDGE('',*,*,#5666,.F.);
#3232=ORIENTED_EDGE('',*,*,#5667,.F.);
#3233=ORIENTED_EDGE('',*,*,#5196,.T.);
#3234=ORIENTED_EDGE('',*,*,#5665,.T.);
#3235=ORIENTED_EDGE('',*,*,#5668,.F.);
#3236=ORIENTED_EDGE('',*,*,#5669,.F.);
#3237=ORIENTED_EDGE('',*,*,#5198,.T.);
#3238=ORIENTED_EDGE('',*,*,#5670,.T.);
#3239=ORIENTED_EDGE('',*,*,#5671,.F.);
#3240=ORIENTED_EDGE('',*,*,#5672,.F.);
#3241=ORIENTED_EDGE('',*,*,#5199,.T.);
#3242=ORIENTED_EDGE('',*,*,#5669,.T.);
#3243=ORIENTED_EDGE('',*,*,#5673,.F.);
#3244=ORIENTED_EDGE('',*,*,#5674,.F.);
#3245=ORIENTED_EDGE('',*,*,#5200,.T.);
#3246=ORIENTED_EDGE('',*,*,#5672,.T.);
#3247=ORIENTED_EDGE('',*,*,#5675,.F.);
#3248=ORIENTED_EDGE('',*,*,#5676,.F.);
#3249=ORIENTED_EDGE('',*,*,#5201,.T.);
#3250=ORIENTED_EDGE('',*,*,#5674,.T.);
#3251=ORIENTED_EDGE('',*,*,#5677,.F.);
#3252=ORIENTED_EDGE('',*,*,#5678,.F.);
#3253=ORIENTED_EDGE('',*,*,#5202,.T.);
#3254=ORIENTED_EDGE('',*,*,#5676,.T.);
#3255=ORIENTED_EDGE('',*,*,#5679,.F.);
#3256=ORIENTED_EDGE('',*,*,#5680,.F.);
#3257=ORIENTED_EDGE('',*,*,#5203,.T.);
#3258=ORIENTED_EDGE('',*,*,#5678,.T.);
#3259=ORIENTED_EDGE('',*,*,#5681,.F.);
#3260=ORIENTED_EDGE('',*,*,#5682,.F.);
#3261=ORIENTED_EDGE('',*,*,#5204,.T.);
#3262=ORIENTED_EDGE('',*,*,#5680,.T.);
#3263=ORIENTED_EDGE('',*,*,#5683,.F.);
#3264=ORIENTED_EDGE('',*,*,#5684,.F.);
#3265=ORIENTED_EDGE('',*,*,#5206,.T.);
#3266=ORIENTED_EDGE('',*,*,#5685,.T.);
#3267=ORIENTED_EDGE('',*,*,#5686,.F.);
#3268=ORIENTED_EDGE('',*,*,#5687,.F.);
#3269=ORIENTED_EDGE('',*,*,#5207,.T.);
#3270=ORIENTED_EDGE('',*,*,#5684,.T.);
#3271=ORIENTED_EDGE('',*,*,#5688,.F.);
#3272=ORIENTED_EDGE('',*,*,#5689,.F.);
#3273=ORIENTED_EDGE('',*,*,#5208,.T.);
#3274=ORIENTED_EDGE('',*,*,#5687,.T.);
#3275=ORIENTED_EDGE('',*,*,#5690,.F.);
#3276=ORIENTED_EDGE('',*,*,#5691,.F.);
#3277=ORIENTED_EDGE('',*,*,#5209,.T.);
#3278=ORIENTED_EDGE('',*,*,#5689,.T.);
#3279=ORIENTED_EDGE('',*,*,#5692,.F.);
#3280=ORIENTED_EDGE('',*,*,#5693,.F.);
#3281=ORIENTED_EDGE('',*,*,#5210,.T.);
#3282=ORIENTED_EDGE('',*,*,#5691,.T.);
#3283=ORIENTED_EDGE('',*,*,#5694,.F.);
#3284=ORIENTED_EDGE('',*,*,#5695,.F.);
#3285=ORIENTED_EDGE('',*,*,#5211,.T.);
#3286=ORIENTED_EDGE('',*,*,#5693,.T.);
#3287=ORIENTED_EDGE('',*,*,#5696,.F.);
#3288=ORIENTED_EDGE('',*,*,#5697,.F.);
#3289=ORIENTED_EDGE('',*,*,#5212,.T.);
#3290=ORIENTED_EDGE('',*,*,#5695,.T.);
#3291=ORIENTED_EDGE('',*,*,#5698,.F.);
#3292=ORIENTED_EDGE('',*,*,#5699,.F.);
#3293=ORIENTED_EDGE('',*,*,#5214,.T.);
#3294=ORIENTED_EDGE('',*,*,#5700,.T.);
#3295=ORIENTED_EDGE('',*,*,#5701,.F.);
#3296=ORIENTED_EDGE('',*,*,#5702,.F.);
#3297=ORIENTED_EDGE('',*,*,#5215,.T.);
#3298=ORIENTED_EDGE('',*,*,#5699,.T.);
#3299=ORIENTED_EDGE('',*,*,#5703,.F.);
#3300=ORIENTED_EDGE('',*,*,#5704,.F.);
#3301=ORIENTED_EDGE('',*,*,#5216,.T.);
#3302=ORIENTED_EDGE('',*,*,#5702,.T.);
#3303=ORIENTED_EDGE('',*,*,#5705,.F.);
#3304=ORIENTED_EDGE('',*,*,#5706,.F.);
#3305=ORIENTED_EDGE('',*,*,#5217,.T.);
#3306=ORIENTED_EDGE('',*,*,#5704,.T.);
#3307=ORIENTED_EDGE('',*,*,#5707,.F.);
#3308=ORIENTED_EDGE('',*,*,#5708,.F.);
#3309=ORIENTED_EDGE('',*,*,#5218,.T.);
#3310=ORIENTED_EDGE('',*,*,#5706,.T.);
#3311=ORIENTED_EDGE('',*,*,#5709,.F.);
#3312=ORIENTED_EDGE('',*,*,#5710,.F.);
#3313=ORIENTED_EDGE('',*,*,#5219,.T.);
#3314=ORIENTED_EDGE('',*,*,#5708,.T.);
#3315=ORIENTED_EDGE('',*,*,#5711,.F.);
#3316=ORIENTED_EDGE('',*,*,#5712,.F.);
#3317=ORIENTED_EDGE('',*,*,#5220,.T.);
#3318=ORIENTED_EDGE('',*,*,#5710,.T.);
#3319=ORIENTED_EDGE('',*,*,#5713,.F.);
#3320=ORIENTED_EDGE('',*,*,#5714,.F.);
#3321=ORIENTED_EDGE('',*,*,#5222,.T.);
#3322=ORIENTED_EDGE('',*,*,#5715,.T.);
#3323=ORIENTED_EDGE('',*,*,#5716,.F.);
#3324=ORIENTED_EDGE('',*,*,#5717,.F.);
#3325=ORIENTED_EDGE('',*,*,#5223,.T.);
#3326=ORIENTED_EDGE('',*,*,#5714,.T.);
#3327=ORIENTED_EDGE('',*,*,#5718,.F.);
#3328=ORIENTED_EDGE('',*,*,#5719,.F.);
#3329=ORIENTED_EDGE('',*,*,#5224,.T.);
#3330=ORIENTED_EDGE('',*,*,#5717,.T.);
#3331=ORIENTED_EDGE('',*,*,#5720,.F.);
#3332=ORIENTED_EDGE('',*,*,#5721,.F.);
#3333=ORIENTED_EDGE('',*,*,#5225,.T.);
#3334=ORIENTED_EDGE('',*,*,#5719,.T.);
#3335=ORIENTED_EDGE('',*,*,#5722,.F.);
#3336=ORIENTED_EDGE('',*,*,#5723,.F.);
#3337=ORIENTED_EDGE('',*,*,#5226,.T.);
#3338=ORIENTED_EDGE('',*,*,#5721,.T.);
#3339=ORIENTED_EDGE('',*,*,#5724,.F.);
#3340=ORIENTED_EDGE('',*,*,#5725,.F.);
#3341=ORIENTED_EDGE('',*,*,#5227,.T.);
#3342=ORIENTED_EDGE('',*,*,#5723,.T.);
#3343=ORIENTED_EDGE('',*,*,#5726,.F.);
#3344=ORIENTED_EDGE('',*,*,#5727,.F.);
#3345=ORIENTED_EDGE('',*,*,#5228,.T.);
#3346=ORIENTED_EDGE('',*,*,#5725,.T.);
#3347=ORIENTED_EDGE('',*,*,#5728,.F.);
#3348=ORIENTED_EDGE('',*,*,#5729,.F.);
#3349=ORIENTED_EDGE('',*,*,#5230,.T.);
#3350=ORIENTED_EDGE('',*,*,#5730,.T.);
#3351=ORIENTED_EDGE('',*,*,#5731,.F.);
#3352=ORIENTED_EDGE('',*,*,#5732,.F.);
#3353=ORIENTED_EDGE('',*,*,#5231,.T.);
#3354=ORIENTED_EDGE('',*,*,#5729,.T.);
#3355=ORIENTED_EDGE('',*,*,#5733,.F.);
#3356=ORIENTED_EDGE('',*,*,#5734,.F.);
#3357=ORIENTED_EDGE('',*,*,#5232,.T.);
#3358=ORIENTED_EDGE('',*,*,#5732,.T.);
#3359=ORIENTED_EDGE('',*,*,#5735,.F.);
#3360=ORIENTED_EDGE('',*,*,#5736,.F.);
#3361=ORIENTED_EDGE('',*,*,#5233,.T.);
#3362=ORIENTED_EDGE('',*,*,#5734,.T.);
#3363=ORIENTED_EDGE('',*,*,#5737,.F.);
#3364=ORIENTED_EDGE('',*,*,#5738,.F.);
#3365=ORIENTED_EDGE('',*,*,#5234,.T.);
#3366=ORIENTED_EDGE('',*,*,#5736,.T.);
#3367=ORIENTED_EDGE('',*,*,#5739,.F.);
#3368=ORIENTED_EDGE('',*,*,#5740,.F.);
#3369=ORIENTED_EDGE('',*,*,#5235,.T.);
#3370=ORIENTED_EDGE('',*,*,#5738,.T.);
#3371=ORIENTED_EDGE('',*,*,#5741,.F.);
#3372=ORIENTED_EDGE('',*,*,#5742,.F.);
#3373=ORIENTED_EDGE('',*,*,#5236,.T.);
#3374=ORIENTED_EDGE('',*,*,#5740,.T.);
#3375=ORIENTED_EDGE('',*,*,#5743,.F.);
#3376=ORIENTED_EDGE('',*,*,#5744,.F.);
#3377=ORIENTED_EDGE('',*,*,#5238,.T.);
#3378=ORIENTED_EDGE('',*,*,#5745,.T.);
#3379=ORIENTED_EDGE('',*,*,#5746,.F.);
#3380=ORIENTED_EDGE('',*,*,#5747,.F.);
#3381=ORIENTED_EDGE('',*,*,#5239,.T.);
#3382=ORIENTED_EDGE('',*,*,#5744,.T.);
#3383=ORIENTED_EDGE('',*,*,#5748,.F.);
#3384=ORIENTED_EDGE('',*,*,#5749,.F.);
#3385=ORIENTED_EDGE('',*,*,#5240,.T.);
#3386=ORIENTED_EDGE('',*,*,#5747,.T.);
#3387=ORIENTED_EDGE('',*,*,#5750,.F.);
#3388=ORIENTED_EDGE('',*,*,#5751,.F.);
#3389=ORIENTED_EDGE('',*,*,#5241,.T.);
#3390=ORIENTED_EDGE('',*,*,#5749,.T.);
#3391=ORIENTED_EDGE('',*,*,#5752,.F.);
#3392=ORIENTED_EDGE('',*,*,#5753,.F.);
#3393=ORIENTED_EDGE('',*,*,#5242,.T.);
#3394=ORIENTED_EDGE('',*,*,#5751,.T.);
#3395=ORIENTED_EDGE('',*,*,#5754,.F.);
#3396=ORIENTED_EDGE('',*,*,#5755,.F.);
#3397=ORIENTED_EDGE('',*,*,#5243,.T.);
#3398=ORIENTED_EDGE('',*,*,#5753,.T.);
#3399=ORIENTED_EDGE('',*,*,#5756,.F.);
#3400=ORIENTED_EDGE('',*,*,#5757,.F.);
#3401=ORIENTED_EDGE('',*,*,#5244,.T.);
#3402=ORIENTED_EDGE('',*,*,#5755,.T.);
#3403=ORIENTED_EDGE('',*,*,#5758,.F.);
#3404=ORIENTED_EDGE('',*,*,#5759,.F.);
#3405=ORIENTED_EDGE('',*,*,#5246,.T.);
#3406=ORIENTED_EDGE('',*,*,#5760,.T.);
#3407=ORIENTED_EDGE('',*,*,#5761,.F.);
#3408=ORIENTED_EDGE('',*,*,#5762,.F.);
#3409=ORIENTED_EDGE('',*,*,#5247,.T.);
#3410=ORIENTED_EDGE('',*,*,#5759,.T.);
#3411=ORIENTED_EDGE('',*,*,#5763,.F.);
#3412=ORIENTED_EDGE('',*,*,#5764,.F.);
#3413=ORIENTED_EDGE('',*,*,#5248,.T.);
#3414=ORIENTED_EDGE('',*,*,#5762,.T.);
#3415=ORIENTED_EDGE('',*,*,#5765,.F.);
#3416=ORIENTED_EDGE('',*,*,#5766,.F.);
#3417=ORIENTED_EDGE('',*,*,#5249,.T.);
#3418=ORIENTED_EDGE('',*,*,#5764,.T.);
#3419=ORIENTED_EDGE('',*,*,#5767,.F.);
#3420=ORIENTED_EDGE('',*,*,#5768,.F.);
#3421=ORIENTED_EDGE('',*,*,#5250,.T.);
#3422=ORIENTED_EDGE('',*,*,#5766,.T.);
#3423=ORIENTED_EDGE('',*,*,#5769,.F.);
#3424=ORIENTED_EDGE('',*,*,#5770,.F.);
#3425=ORIENTED_EDGE('',*,*,#5251,.T.);
#3426=ORIENTED_EDGE('',*,*,#5768,.T.);
#3427=ORIENTED_EDGE('',*,*,#5771,.F.);
#3428=ORIENTED_EDGE('',*,*,#5772,.F.);
#3429=ORIENTED_EDGE('',*,*,#5252,.T.);
#3430=ORIENTED_EDGE('',*,*,#5770,.T.);
#3431=ORIENTED_EDGE('',*,*,#5773,.F.);
#3432=ORIENTED_EDGE('',*,*,#5774,.F.);
#3433=ORIENTED_EDGE('',*,*,#5254,.T.);
#3434=ORIENTED_EDGE('',*,*,#5775,.T.);
#3435=ORIENTED_EDGE('',*,*,#5776,.F.);
#3436=ORIENTED_EDGE('',*,*,#5777,.F.);
#3437=ORIENTED_EDGE('',*,*,#5255,.T.);
#3438=ORIENTED_EDGE('',*,*,#5774,.T.);
#3439=ORIENTED_EDGE('',*,*,#5778,.F.);
#3440=ORIENTED_EDGE('',*,*,#5779,.F.);
#3441=ORIENTED_EDGE('',*,*,#5256,.T.);
#3442=ORIENTED_EDGE('',*,*,#5777,.T.);
#3443=ORIENTED_EDGE('',*,*,#5780,.F.);
#3444=ORIENTED_EDGE('',*,*,#5781,.F.);
#3445=ORIENTED_EDGE('',*,*,#5257,.T.);
#3446=ORIENTED_EDGE('',*,*,#5779,.T.);
#3447=ORIENTED_EDGE('',*,*,#5782,.F.);
#3448=ORIENTED_EDGE('',*,*,#5783,.F.);
#3449=ORIENTED_EDGE('',*,*,#5258,.T.);
#3450=ORIENTED_EDGE('',*,*,#5781,.T.);
#3451=ORIENTED_EDGE('',*,*,#5784,.F.);
#3452=ORIENTED_EDGE('',*,*,#5785,.F.);
#3453=ORIENTED_EDGE('',*,*,#5259,.T.);
#3454=ORIENTED_EDGE('',*,*,#5783,.T.);
#3455=ORIENTED_EDGE('',*,*,#5786,.F.);
#3456=ORIENTED_EDGE('',*,*,#5787,.F.);
#3457=ORIENTED_EDGE('',*,*,#5260,.T.);
#3458=ORIENTED_EDGE('',*,*,#5785,.T.);
#3459=ORIENTED_EDGE('',*,*,#5788,.F.);
#3460=ORIENTED_EDGE('',*,*,#5789,.F.);
#3461=ORIENTED_EDGE('',*,*,#5262,.T.);
#3462=ORIENTED_EDGE('',*,*,#5790,.T.);
#3463=ORIENTED_EDGE('',*,*,#5791,.F.);
#3464=ORIENTED_EDGE('',*,*,#5792,.F.);
#3465=ORIENTED_EDGE('',*,*,#5263,.T.);
#3466=ORIENTED_EDGE('',*,*,#5789,.T.);
#3467=ORIENTED_EDGE('',*,*,#5793,.F.);
#3468=ORIENTED_EDGE('',*,*,#5794,.F.);
#3469=ORIENTED_EDGE('',*,*,#5264,.T.);
#3470=ORIENTED_EDGE('',*,*,#5792,.T.);
#3471=ORIENTED_EDGE('',*,*,#5795,.F.);
#3472=ORIENTED_EDGE('',*,*,#5796,.F.);
#3473=ORIENTED_EDGE('',*,*,#5265,.T.);
#3474=ORIENTED_EDGE('',*,*,#5794,.T.);
#3475=ORIENTED_EDGE('',*,*,#5797,.F.);
#3476=ORIENTED_EDGE('',*,*,#5798,.F.);
#3477=ORIENTED_EDGE('',*,*,#5266,.T.);
#3478=ORIENTED_EDGE('',*,*,#5796,.T.);
#3479=ORIENTED_EDGE('',*,*,#5799,.F.);
#3480=ORIENTED_EDGE('',*,*,#5800,.F.);
#3481=ORIENTED_EDGE('',*,*,#5267,.T.);
#3482=ORIENTED_EDGE('',*,*,#5798,.T.);
#3483=ORIENTED_EDGE('',*,*,#5801,.F.);
#3484=ORIENTED_EDGE('',*,*,#5802,.F.);
#3485=ORIENTED_EDGE('',*,*,#5268,.T.);
#3486=ORIENTED_EDGE('',*,*,#5800,.T.);
#3487=ORIENTED_EDGE('',*,*,#5803,.F.);
#3488=ORIENTED_EDGE('',*,*,#5804,.F.);
#3489=ORIENTED_EDGE('',*,*,#5270,.T.);
#3490=ORIENTED_EDGE('',*,*,#5805,.T.);
#3491=ORIENTED_EDGE('',*,*,#5806,.F.);
#3492=ORIENTED_EDGE('',*,*,#5807,.F.);
#3493=ORIENTED_EDGE('',*,*,#5271,.T.);
#3494=ORIENTED_EDGE('',*,*,#5804,.T.);
#3495=ORIENTED_EDGE('',*,*,#5808,.F.);
#3496=ORIENTED_EDGE('',*,*,#5809,.F.);
#3497=ORIENTED_EDGE('',*,*,#5272,.T.);
#3498=ORIENTED_EDGE('',*,*,#5807,.T.);
#3499=ORIENTED_EDGE('',*,*,#5810,.F.);
#3500=ORIENTED_EDGE('',*,*,#5811,.F.);
#3501=ORIENTED_EDGE('',*,*,#5273,.T.);
#3502=ORIENTED_EDGE('',*,*,#5809,.T.);
#3503=ORIENTED_EDGE('',*,*,#5812,.F.);
#3504=ORIENTED_EDGE('',*,*,#5813,.F.);
#3505=ORIENTED_EDGE('',*,*,#5274,.T.);
#3506=ORIENTED_EDGE('',*,*,#5811,.T.);
#3507=ORIENTED_EDGE('',*,*,#5814,.F.);
#3508=ORIENTED_EDGE('',*,*,#5815,.F.);
#3509=ORIENTED_EDGE('',*,*,#5275,.T.);
#3510=ORIENTED_EDGE('',*,*,#5813,.T.);
#3511=ORIENTED_EDGE('',*,*,#5816,.F.);
#3512=ORIENTED_EDGE('',*,*,#5817,.F.);
#3513=ORIENTED_EDGE('',*,*,#5276,.T.);
#3514=ORIENTED_EDGE('',*,*,#5815,.T.);
#3515=ORIENTED_EDGE('',*,*,#5818,.F.);
#3516=ORIENTED_EDGE('',*,*,#5819,.F.);
#3517=ORIENTED_EDGE('',*,*,#5278,.T.);
#3518=ORIENTED_EDGE('',*,*,#5820,.T.);
#3519=ORIENTED_EDGE('',*,*,#5821,.F.);
#3520=ORIENTED_EDGE('',*,*,#5822,.F.);
#3521=ORIENTED_EDGE('',*,*,#5279,.T.);
#3522=ORIENTED_EDGE('',*,*,#5819,.T.);
#3523=ORIENTED_EDGE('',*,*,#5823,.F.);
#3524=ORIENTED_EDGE('',*,*,#5824,.F.);
#3525=ORIENTED_EDGE('',*,*,#5280,.T.);
#3526=ORIENTED_EDGE('',*,*,#5822,.T.);
#3527=ORIENTED_EDGE('',*,*,#5825,.F.);
#3528=ORIENTED_EDGE('',*,*,#5826,.F.);
#3529=ORIENTED_EDGE('',*,*,#5281,.T.);
#3530=ORIENTED_EDGE('',*,*,#5824,.T.);
#3531=ORIENTED_EDGE('',*,*,#5827,.F.);
#3532=ORIENTED_EDGE('',*,*,#5828,.F.);
#3533=ORIENTED_EDGE('',*,*,#5282,.T.);
#3534=ORIENTED_EDGE('',*,*,#5826,.T.);
#3535=ORIENTED_EDGE('',*,*,#5829,.F.);
#3536=ORIENTED_EDGE('',*,*,#5830,.F.);
#3537=ORIENTED_EDGE('',*,*,#5283,.T.);
#3538=ORIENTED_EDGE('',*,*,#5828,.T.);
#3539=ORIENTED_EDGE('',*,*,#5831,.F.);
#3540=ORIENTED_EDGE('',*,*,#5832,.F.);
#3541=ORIENTED_EDGE('',*,*,#5284,.T.);
#3542=ORIENTED_EDGE('',*,*,#5830,.T.);
#3543=ORIENTED_EDGE('',*,*,#5833,.F.);
#3544=ORIENTED_EDGE('',*,*,#5834,.F.);
#3545=ORIENTED_EDGE('',*,*,#5286,.T.);
#3546=ORIENTED_EDGE('',*,*,#5835,.T.);
#3547=ORIENTED_EDGE('',*,*,#5836,.F.);
#3548=ORIENTED_EDGE('',*,*,#5837,.F.);
#3549=ORIENTED_EDGE('',*,*,#5287,.T.);
#3550=ORIENTED_EDGE('',*,*,#5834,.T.);
#3551=ORIENTED_EDGE('',*,*,#5838,.F.);
#3552=ORIENTED_EDGE('',*,*,#5839,.F.);
#3553=ORIENTED_EDGE('',*,*,#5288,.T.);
#3554=ORIENTED_EDGE('',*,*,#5837,.T.);
#3555=ORIENTED_EDGE('',*,*,#5840,.F.);
#3556=ORIENTED_EDGE('',*,*,#5841,.F.);
#3557=ORIENTED_EDGE('',*,*,#5289,.T.);
#3558=ORIENTED_EDGE('',*,*,#5839,.T.);
#3559=ORIENTED_EDGE('',*,*,#5842,.F.);
#3560=ORIENTED_EDGE('',*,*,#5843,.F.);
#3561=ORIENTED_EDGE('',*,*,#5290,.T.);
#3562=ORIENTED_EDGE('',*,*,#5841,.T.);
#3563=ORIENTED_EDGE('',*,*,#5844,.F.);
#3564=ORIENTED_EDGE('',*,*,#5845,.F.);
#3565=ORIENTED_EDGE('',*,*,#5291,.T.);
#3566=ORIENTED_EDGE('',*,*,#5843,.T.);
#3567=ORIENTED_EDGE('',*,*,#5846,.F.);
#3568=ORIENTED_EDGE('',*,*,#5847,.F.);
#3569=ORIENTED_EDGE('',*,*,#5292,.T.);
#3570=ORIENTED_EDGE('',*,*,#5845,.T.);
#3571=ORIENTED_EDGE('',*,*,#5848,.F.);
#3572=ORIENTED_EDGE('',*,*,#5849,.F.);
#3573=ORIENTED_EDGE('',*,*,#5294,.T.);
#3574=ORIENTED_EDGE('',*,*,#5850,.T.);
#3575=ORIENTED_EDGE('',*,*,#5851,.F.);
#3576=ORIENTED_EDGE('',*,*,#5852,.F.);
#3577=ORIENTED_EDGE('',*,*,#5295,.T.);
#3578=ORIENTED_EDGE('',*,*,#5849,.T.);
#3579=ORIENTED_EDGE('',*,*,#5853,.F.);
#3580=ORIENTED_EDGE('',*,*,#5854,.F.);
#3581=ORIENTED_EDGE('',*,*,#5296,.T.);
#3582=ORIENTED_EDGE('',*,*,#5852,.T.);
#3583=ORIENTED_EDGE('',*,*,#5855,.F.);
#3584=ORIENTED_EDGE('',*,*,#5856,.F.);
#3585=ORIENTED_EDGE('',*,*,#5297,.T.);
#3586=ORIENTED_EDGE('',*,*,#5854,.T.);
#3587=ORIENTED_EDGE('',*,*,#5857,.F.);
#3588=ORIENTED_EDGE('',*,*,#5858,.F.);
#3589=ORIENTED_EDGE('',*,*,#5298,.T.);
#3590=ORIENTED_EDGE('',*,*,#5856,.T.);
#3591=ORIENTED_EDGE('',*,*,#5859,.F.);
#3592=ORIENTED_EDGE('',*,*,#5860,.F.);
#3593=ORIENTED_EDGE('',*,*,#5299,.T.);
#3594=ORIENTED_EDGE('',*,*,#5858,.T.);
#3595=ORIENTED_EDGE('',*,*,#5861,.F.);
#3596=ORIENTED_EDGE('',*,*,#5862,.F.);
#3597=ORIENTED_EDGE('',*,*,#5300,.T.);
#3598=ORIENTED_EDGE('',*,*,#5860,.T.);
#3599=ORIENTED_EDGE('',*,*,#5863,.F.);
#3600=ORIENTED_EDGE('',*,*,#5864,.F.);
#3601=ORIENTED_EDGE('',*,*,#5302,.T.);
#3602=ORIENTED_EDGE('',*,*,#5865,.T.);
#3603=ORIENTED_EDGE('',*,*,#5866,.F.);
#3604=ORIENTED_EDGE('',*,*,#5867,.F.);
#3605=ORIENTED_EDGE('',*,*,#5303,.T.);
#3606=ORIENTED_EDGE('',*,*,#5864,.T.);
#3607=ORIENTED_EDGE('',*,*,#5868,.F.);
#3608=ORIENTED_EDGE('',*,*,#5869,.F.);
#3609=ORIENTED_EDGE('',*,*,#5304,.T.);
#3610=ORIENTED_EDGE('',*,*,#5867,.T.);
#3611=ORIENTED_EDGE('',*,*,#5870,.F.);
#3612=ORIENTED_EDGE('',*,*,#5871,.F.);
#3613=ORIENTED_EDGE('',*,*,#5305,.T.);
#3614=ORIENTED_EDGE('',*,*,#5869,.T.);
#3615=ORIENTED_EDGE('',*,*,#5872,.F.);
#3616=ORIENTED_EDGE('',*,*,#5873,.F.);
#3617=ORIENTED_EDGE('',*,*,#5306,.T.);
#3618=ORIENTED_EDGE('',*,*,#5871,.T.);
#3619=ORIENTED_EDGE('',*,*,#5874,.F.);
#3620=ORIENTED_EDGE('',*,*,#5875,.F.);
#3621=ORIENTED_EDGE('',*,*,#5307,.T.);
#3622=ORIENTED_EDGE('',*,*,#5873,.T.);
#3623=ORIENTED_EDGE('',*,*,#5876,.F.);
#3624=ORIENTED_EDGE('',*,*,#5877,.F.);
#3625=ORIENTED_EDGE('',*,*,#5308,.T.);
#3626=ORIENTED_EDGE('',*,*,#5875,.T.);
#3627=ORIENTED_EDGE('',*,*,#5878,.F.);
#3628=ORIENTED_EDGE('',*,*,#5879,.F.);
#3629=ORIENTED_EDGE('',*,*,#5310,.T.);
#3630=ORIENTED_EDGE('',*,*,#5880,.T.);
#3631=ORIENTED_EDGE('',*,*,#5881,.F.);
#3632=ORIENTED_EDGE('',*,*,#5882,.F.);
#3633=ORIENTED_EDGE('',*,*,#5311,.T.);
#3634=ORIENTED_EDGE('',*,*,#5879,.T.);
#3635=ORIENTED_EDGE('',*,*,#5883,.F.);
#3636=ORIENTED_EDGE('',*,*,#5884,.F.);
#3637=ORIENTED_EDGE('',*,*,#5312,.T.);
#3638=ORIENTED_EDGE('',*,*,#5882,.T.);
#3639=ORIENTED_EDGE('',*,*,#5885,.F.);
#3640=ORIENTED_EDGE('',*,*,#5886,.F.);
#3641=ORIENTED_EDGE('',*,*,#5313,.T.);
#3642=ORIENTED_EDGE('',*,*,#5884,.T.);
#3643=ORIENTED_EDGE('',*,*,#5887,.F.);
#3644=ORIENTED_EDGE('',*,*,#5888,.F.);
#3645=ORIENTED_EDGE('',*,*,#5314,.T.);
#3646=ORIENTED_EDGE('',*,*,#5886,.T.);
#3647=ORIENTED_EDGE('',*,*,#5889,.F.);
#3648=ORIENTED_EDGE('',*,*,#5890,.F.);
#3649=ORIENTED_EDGE('',*,*,#5315,.T.);
#3650=ORIENTED_EDGE('',*,*,#5888,.T.);
#3651=ORIENTED_EDGE('',*,*,#5891,.F.);
#3652=ORIENTED_EDGE('',*,*,#5892,.F.);
#3653=ORIENTED_EDGE('',*,*,#5316,.T.);
#3654=ORIENTED_EDGE('',*,*,#5890,.T.);
#3655=ORIENTED_EDGE('',*,*,#5893,.F.);
#3656=ORIENTED_EDGE('',*,*,#5894,.F.);
#3657=ORIENTED_EDGE('',*,*,#5318,.T.);
#3658=ORIENTED_EDGE('',*,*,#5895,.T.);
#3659=ORIENTED_EDGE('',*,*,#5896,.F.);
#3660=ORIENTED_EDGE('',*,*,#5897,.F.);
#3661=ORIENTED_EDGE('',*,*,#5319,.T.);
#3662=ORIENTED_EDGE('',*,*,#5894,.T.);
#3663=ORIENTED_EDGE('',*,*,#5898,.F.);
#3664=ORIENTED_EDGE('',*,*,#5899,.F.);
#3665=ORIENTED_EDGE('',*,*,#5320,.T.);
#3666=ORIENTED_EDGE('',*,*,#5897,.T.);
#3667=ORIENTED_EDGE('',*,*,#5900,.F.);
#3668=ORIENTED_EDGE('',*,*,#5901,.F.);
#3669=ORIENTED_EDGE('',*,*,#5321,.T.);
#3670=ORIENTED_EDGE('',*,*,#5899,.T.);
#3671=ORIENTED_EDGE('',*,*,#5902,.F.);
#3672=ORIENTED_EDGE('',*,*,#5903,.F.);
#3673=ORIENTED_EDGE('',*,*,#5322,.T.);
#3674=ORIENTED_EDGE('',*,*,#5901,.T.);
#3675=ORIENTED_EDGE('',*,*,#5904,.F.);
#3676=ORIENTED_EDGE('',*,*,#5905,.F.);
#3677=ORIENTED_EDGE('',*,*,#5323,.T.);
#3678=ORIENTED_EDGE('',*,*,#5903,.T.);
#3679=ORIENTED_EDGE('',*,*,#5906,.F.);
#3680=ORIENTED_EDGE('',*,*,#5907,.F.);
#3681=ORIENTED_EDGE('',*,*,#5324,.T.);
#3682=ORIENTED_EDGE('',*,*,#5905,.T.);
#3683=ORIENTED_EDGE('',*,*,#5908,.F.);
#3684=ORIENTED_EDGE('',*,*,#5909,.F.);
#3685=ORIENTED_EDGE('',*,*,#5326,.T.);
#3686=ORIENTED_EDGE('',*,*,#5910,.T.);
#3687=ORIENTED_EDGE('',*,*,#5911,.F.);
#3688=ORIENTED_EDGE('',*,*,#5912,.F.);
#3689=ORIENTED_EDGE('',*,*,#5327,.T.);
#3690=ORIENTED_EDGE('',*,*,#5909,.T.);
#3691=ORIENTED_EDGE('',*,*,#5913,.F.);
#3692=ORIENTED_EDGE('',*,*,#5914,.F.);
#3693=ORIENTED_EDGE('',*,*,#5328,.T.);
#3694=ORIENTED_EDGE('',*,*,#5912,.T.);
#3695=ORIENTED_EDGE('',*,*,#5915,.F.);
#3696=ORIENTED_EDGE('',*,*,#5916,.F.);
#3697=ORIENTED_EDGE('',*,*,#5329,.T.);
#3698=ORIENTED_EDGE('',*,*,#5914,.T.);
#3699=ORIENTED_EDGE('',*,*,#5917,.F.);
#3700=ORIENTED_EDGE('',*,*,#5918,.F.);
#3701=ORIENTED_EDGE('',*,*,#5330,.T.);
#3702=ORIENTED_EDGE('',*,*,#5916,.T.);
#3703=ORIENTED_EDGE('',*,*,#5919,.F.);
#3704=ORIENTED_EDGE('',*,*,#5920,.F.);
#3705=ORIENTED_EDGE('',*,*,#5331,.T.);
#3706=ORIENTED_EDGE('',*,*,#5918,.T.);
#3707=ORIENTED_EDGE('',*,*,#5921,.F.);
#3708=ORIENTED_EDGE('',*,*,#5922,.F.);
#3709=ORIENTED_EDGE('',*,*,#5332,.T.);
#3710=ORIENTED_EDGE('',*,*,#5920,.T.);
#3711=ORIENTED_EDGE('',*,*,#5923,.F.);
#3712=ORIENTED_EDGE('',*,*,#5924,.F.);
#3713=ORIENTED_EDGE('',*,*,#5334,.T.);
#3714=ORIENTED_EDGE('',*,*,#5925,.T.);
#3715=ORIENTED_EDGE('',*,*,#5926,.F.);
#3716=ORIENTED_EDGE('',*,*,#5927,.F.);
#3717=ORIENTED_EDGE('',*,*,#5335,.T.);
#3718=ORIENTED_EDGE('',*,*,#5924,.T.);
#3719=ORIENTED_EDGE('',*,*,#5928,.F.);
#3720=ORIENTED_EDGE('',*,*,#5929,.F.);
#3721=ORIENTED_EDGE('',*,*,#5336,.T.);
#3722=ORIENTED_EDGE('',*,*,#5927,.T.);
#3723=ORIENTED_EDGE('',*,*,#5930,.F.);
#3724=ORIENTED_EDGE('',*,*,#5931,.F.);
#3725=ORIENTED_EDGE('',*,*,#5337,.T.);
#3726=ORIENTED_EDGE('',*,*,#5929,.T.);
#3727=ORIENTED_EDGE('',*,*,#5932,.F.);
#3728=ORIENTED_EDGE('',*,*,#5933,.F.);
#3729=ORIENTED_EDGE('',*,*,#5338,.T.);
#3730=ORIENTED_EDGE('',*,*,#5931,.T.);
#3731=ORIENTED_EDGE('',*,*,#5934,.F.);
#3732=ORIENTED_EDGE('',*,*,#5935,.F.);
#3733=ORIENTED_EDGE('',*,*,#5339,.T.);
#3734=ORIENTED_EDGE('',*,*,#5933,.T.);
#3735=ORIENTED_EDGE('',*,*,#5936,.F.);
#3736=ORIENTED_EDGE('',*,*,#5937,.F.);
#3737=ORIENTED_EDGE('',*,*,#5340,.T.);
#3738=ORIENTED_EDGE('',*,*,#5935,.T.);
#3739=ORIENTED_EDGE('',*,*,#5938,.F.);
#3740=ORIENTED_EDGE('',*,*,#5939,.F.);
#3741=ORIENTED_EDGE('',*,*,#5342,.T.);
#3742=ORIENTED_EDGE('',*,*,#5940,.T.);
#3743=ORIENTED_EDGE('',*,*,#5941,.F.);
#3744=ORIENTED_EDGE('',*,*,#5942,.F.);
#3745=ORIENTED_EDGE('',*,*,#5343,.T.);
#3746=ORIENTED_EDGE('',*,*,#5939,.T.);
#3747=ORIENTED_EDGE('',*,*,#5943,.F.);
#3748=ORIENTED_EDGE('',*,*,#5944,.F.);
#3749=ORIENTED_EDGE('',*,*,#5344,.T.);
#3750=ORIENTED_EDGE('',*,*,#5942,.T.);
#3751=ORIENTED_EDGE('',*,*,#5945,.F.);
#3752=ORIENTED_EDGE('',*,*,#5946,.F.);
#3753=ORIENTED_EDGE('',*,*,#5345,.T.);
#3754=ORIENTED_EDGE('',*,*,#5944,.T.);
#3755=ORIENTED_EDGE('',*,*,#5947,.F.);
#3756=ORIENTED_EDGE('',*,*,#5948,.F.);
#3757=ORIENTED_EDGE('',*,*,#5346,.T.);
#3758=ORIENTED_EDGE('',*,*,#5946,.T.);
#3759=ORIENTED_EDGE('',*,*,#5949,.F.);
#3760=ORIENTED_EDGE('',*,*,#5950,.F.);
#3761=ORIENTED_EDGE('',*,*,#5347,.T.);
#3762=ORIENTED_EDGE('',*,*,#5948,.T.);
#3763=ORIENTED_EDGE('',*,*,#5951,.F.);
#3764=ORIENTED_EDGE('',*,*,#5952,.F.);
#3765=ORIENTED_EDGE('',*,*,#5348,.T.);
#3766=ORIENTED_EDGE('',*,*,#5950,.T.);
#3767=ORIENTED_EDGE('',*,*,#5953,.T.);
#3768=ORIENTED_EDGE('',*,*,#5954,.T.);
#3769=ORIENTED_EDGE('',*,*,#5046,.T.);
#3770=ORIENTED_EDGE('',*,*,#5955,.T.);
#3771=ORIENTED_EDGE('',*,*,#5036,.T.);
#3772=ORIENTED_EDGE('',*,*,#5956,.T.);
#3773=ORIENTED_EDGE('',*,*,#5957,.F.);
#3774=ORIENTED_EDGE('',*,*,#5520,.F.);
#3775=ORIENTED_EDGE('',*,*,#5125,.T.);
#3776=ORIENTED_EDGE('',*,*,#5532,.T.);
#3777=ORIENTED_EDGE('',*,*,#5958,.F.);
#3778=ORIENTED_EDGE('',*,*,#5535,.F.);
#3779=ORIENTED_EDGE('',*,*,#5133,.T.);
#3780=ORIENTED_EDGE('',*,*,#5547,.T.);
#3781=ORIENTED_EDGE('',*,*,#5959,.F.);
#3782=ORIENTED_EDGE('',*,*,#5550,.F.);
#3783=ORIENTED_EDGE('',*,*,#5141,.T.);
#3784=ORIENTED_EDGE('',*,*,#5562,.T.);
#3785=ORIENTED_EDGE('',*,*,#5960,.F.);
#3786=ORIENTED_EDGE('',*,*,#5565,.F.);
#3787=ORIENTED_EDGE('',*,*,#5149,.T.);
#3788=ORIENTED_EDGE('',*,*,#5577,.T.);
#3789=ORIENTED_EDGE('',*,*,#5961,.F.);
#3790=ORIENTED_EDGE('',*,*,#5580,.F.);
#3791=ORIENTED_EDGE('',*,*,#5157,.T.);
#3792=ORIENTED_EDGE('',*,*,#5592,.T.);
#3793=ORIENTED_EDGE('',*,*,#5962,.F.);
#3794=ORIENTED_EDGE('',*,*,#5595,.F.);
#3795=ORIENTED_EDGE('',*,*,#5165,.T.);
#3796=ORIENTED_EDGE('',*,*,#5607,.T.);
#3797=ORIENTED_EDGE('',*,*,#5963,.F.);
#3798=ORIENTED_EDGE('',*,*,#5610,.F.);
#3799=ORIENTED_EDGE('',*,*,#5173,.T.);
#3800=ORIENTED_EDGE('',*,*,#5622,.T.);
#3801=ORIENTED_EDGE('',*,*,#5964,.F.);
#3802=ORIENTED_EDGE('',*,*,#5625,.F.);
#3803=ORIENTED_EDGE('',*,*,#5181,.T.);
#3804=ORIENTED_EDGE('',*,*,#5637,.T.);
#3805=ORIENTED_EDGE('',*,*,#5965,.F.);
#3806=ORIENTED_EDGE('',*,*,#5640,.F.);
#3807=ORIENTED_EDGE('',*,*,#5189,.T.);
#3808=ORIENTED_EDGE('',*,*,#5652,.T.);
#3809=ORIENTED_EDGE('',*,*,#5966,.F.);
#3810=ORIENTED_EDGE('',*,*,#5655,.F.);
#3811=ORIENTED_EDGE('',*,*,#5197,.T.);
#3812=ORIENTED_EDGE('',*,*,#5667,.T.);
#3813=ORIENTED_EDGE('',*,*,#5967,.F.);
#3814=ORIENTED_EDGE('',*,*,#5670,.F.);
#3815=ORIENTED_EDGE('',*,*,#5205,.T.);
#3816=ORIENTED_EDGE('',*,*,#5682,.T.);
#3817=ORIENTED_EDGE('',*,*,#5968,.F.);
#3818=ORIENTED_EDGE('',*,*,#5685,.F.);
#3819=ORIENTED_EDGE('',*,*,#5213,.T.);
#3820=ORIENTED_EDGE('',*,*,#5697,.T.);
#3821=ORIENTED_EDGE('',*,*,#5969,.F.);
#3822=ORIENTED_EDGE('',*,*,#5700,.F.);
#3823=ORIENTED_EDGE('',*,*,#5221,.T.);
#3824=ORIENTED_EDGE('',*,*,#5712,.T.);
#3825=ORIENTED_EDGE('',*,*,#5970,.F.);
#3826=ORIENTED_EDGE('',*,*,#5715,.F.);
#3827=ORIENTED_EDGE('',*,*,#5229,.T.);
#3828=ORIENTED_EDGE('',*,*,#5727,.T.);
#3829=ORIENTED_EDGE('',*,*,#5971,.F.);
#3830=ORIENTED_EDGE('',*,*,#5730,.F.);
#3831=ORIENTED_EDGE('',*,*,#5237,.T.);
#3832=ORIENTED_EDGE('',*,*,#5742,.T.);
#3833=ORIENTED_EDGE('',*,*,#5972,.F.);
#3834=ORIENTED_EDGE('',*,*,#5745,.F.);
#3835=ORIENTED_EDGE('',*,*,#5245,.T.);
#3836=ORIENTED_EDGE('',*,*,#5757,.T.);
#3837=ORIENTED_EDGE('',*,*,#5973,.F.);
#3838=ORIENTED_EDGE('',*,*,#5760,.F.);
#3839=ORIENTED_EDGE('',*,*,#5253,.T.);
#3840=ORIENTED_EDGE('',*,*,#5772,.T.);
#3841=ORIENTED_EDGE('',*,*,#5974,.F.);
#3842=ORIENTED_EDGE('',*,*,#5775,.F.);
#3843=ORIENTED_EDGE('',*,*,#5261,.T.);
#3844=ORIENTED_EDGE('',*,*,#5787,.T.);
#3845=ORIENTED_EDGE('',*,*,#5975,.F.);
#3846=ORIENTED_EDGE('',*,*,#5790,.F.);
#3847=ORIENTED_EDGE('',*,*,#5269,.T.);
#3848=ORIENTED_EDGE('',*,*,#5802,.T.);
#3849=ORIENTED_EDGE('',*,*,#5976,.F.);
#3850=ORIENTED_EDGE('',*,*,#5805,.F.);
#3851=ORIENTED_EDGE('',*,*,#5277,.T.);
#3852=ORIENTED_EDGE('',*,*,#5817,.T.);
#3853=ORIENTED_EDGE('',*,*,#5977,.F.);
#3854=ORIENTED_EDGE('',*,*,#5820,.F.);
#3855=ORIENTED_EDGE('',*,*,#5285,.T.);
#3856=ORIENTED_EDGE('',*,*,#5832,.T.);
#3857=ORIENTED_EDGE('',*,*,#5978,.F.);
#3858=ORIENTED_EDGE('',*,*,#5835,.F.);
#3859=ORIENTED_EDGE('',*,*,#5293,.T.);
#3860=ORIENTED_EDGE('',*,*,#5847,.T.);
#3861=ORIENTED_EDGE('',*,*,#5979,.F.);
#3862=ORIENTED_EDGE('',*,*,#5850,.F.);
#3863=ORIENTED_EDGE('',*,*,#5301,.T.);
#3864=ORIENTED_EDGE('',*,*,#5862,.T.);
#3865=ORIENTED_EDGE('',*,*,#5980,.F.);
#3866=ORIENTED_EDGE('',*,*,#5865,.F.);
#3867=ORIENTED_EDGE('',*,*,#5309,.T.);
#3868=ORIENTED_EDGE('',*,*,#5877,.T.);
#3869=ORIENTED_EDGE('',*,*,#5981,.F.);
#3870=ORIENTED_EDGE('',*,*,#5880,.F.);
#3871=ORIENTED_EDGE('',*,*,#5317,.T.);
#3872=ORIENTED_EDGE('',*,*,#5892,.T.);
#3873=ORIENTED_EDGE('',*,*,#5982,.F.);
#3874=ORIENTED_EDGE('',*,*,#5895,.F.);
#3875=ORIENTED_EDGE('',*,*,#5325,.T.);
#3876=ORIENTED_EDGE('',*,*,#5907,.T.);
#3877=ORIENTED_EDGE('',*,*,#5983,.F.);
#3878=ORIENTED_EDGE('',*,*,#5910,.F.);
#3879=ORIENTED_EDGE('',*,*,#5333,.T.);
#3880=ORIENTED_EDGE('',*,*,#5922,.T.);
#3881=ORIENTED_EDGE('',*,*,#5984,.F.);
#3882=ORIENTED_EDGE('',*,*,#5925,.F.);
#3883=ORIENTED_EDGE('',*,*,#5341,.T.);
#3884=ORIENTED_EDGE('',*,*,#5937,.T.);
#3885=ORIENTED_EDGE('',*,*,#5985,.F.);
#3886=ORIENTED_EDGE('',*,*,#5940,.F.);
#3887=ORIENTED_EDGE('',*,*,#5349,.T.);
#3888=ORIENTED_EDGE('',*,*,#5952,.T.);
#3889=ORIENTED_EDGE('',*,*,#5469,.F.);
#3890=ORIENTED_EDGE('',*,*,#5986,.T.);
#3891=ORIENTED_EDGE('',*,*,#5474,.T.);
#3892=ORIENTED_EDGE('',*,*,#5987,.T.);
#3893=ORIENTED_EDGE('',*,*,#5388,.F.);
#3894=ORIENTED_EDGE('',*,*,#5988,.T.);
#3895=ORIENTED_EDGE('',*,*,#5989,.T.);
#3896=ORIENTED_EDGE('',*,*,#5990,.F.);
#3897=ORIENTED_EDGE('',*,*,#5991,.F.);
#3898=ORIENTED_EDGE('',*,*,#5992,.T.);
#3899=ORIENTED_EDGE('',*,*,#5993,.T.);
#3900=ORIENTED_EDGE('',*,*,#5994,.T.);
#3901=ORIENTED_EDGE('',*,*,#5995,.T.);
#3902=ORIENTED_EDGE('',*,*,#5938,.T.);
#3903=ORIENTED_EDGE('',*,*,#5985,.T.);
#3904=ORIENTED_EDGE('',*,*,#5951,.T.);
#3905=ORIENTED_EDGE('',*,*,#5949,.T.);
#3906=ORIENTED_EDGE('',*,*,#5947,.T.);
#3907=ORIENTED_EDGE('',*,*,#5945,.T.);
#3908=ORIENTED_EDGE('',*,*,#5943,.T.);
#3909=ORIENTED_EDGE('',*,*,#5941,.T.);
#3910=ORIENTED_EDGE('',*,*,#5923,.T.);
#3911=ORIENTED_EDGE('',*,*,#5984,.T.);
#3912=ORIENTED_EDGE('',*,*,#5936,.T.);
#3913=ORIENTED_EDGE('',*,*,#5934,.T.);
#3914=ORIENTED_EDGE('',*,*,#5932,.T.);
#3915=ORIENTED_EDGE('',*,*,#5930,.T.);
#3916=ORIENTED_EDGE('',*,*,#5928,.T.);
#3917=ORIENTED_EDGE('',*,*,#5926,.T.);
#3918=ORIENTED_EDGE('',*,*,#5908,.T.);
#3919=ORIENTED_EDGE('',*,*,#5983,.T.);
#3920=ORIENTED_EDGE('',*,*,#5921,.T.);
#3921=ORIENTED_EDGE('',*,*,#5919,.T.);
#3922=ORIENTED_EDGE('',*,*,#5917,.T.);
#3923=ORIENTED_EDGE('',*,*,#5915,.T.);
#3924=ORIENTED_EDGE('',*,*,#5913,.T.);
#3925=ORIENTED_EDGE('',*,*,#5911,.T.);
#3926=ORIENTED_EDGE('',*,*,#5893,.T.);
#3927=ORIENTED_EDGE('',*,*,#5982,.T.);
#3928=ORIENTED_EDGE('',*,*,#5906,.T.);
#3929=ORIENTED_EDGE('',*,*,#5904,.T.);
#3930=ORIENTED_EDGE('',*,*,#5902,.T.);
#3931=ORIENTED_EDGE('',*,*,#5900,.T.);
#3932=ORIENTED_EDGE('',*,*,#5898,.T.);
#3933=ORIENTED_EDGE('',*,*,#5896,.T.);
#3934=ORIENTED_EDGE('',*,*,#5878,.T.);
#3935=ORIENTED_EDGE('',*,*,#5981,.T.);
#3936=ORIENTED_EDGE('',*,*,#5891,.T.);
#3937=ORIENTED_EDGE('',*,*,#5889,.T.);
#3938=ORIENTED_EDGE('',*,*,#5887,.T.);
#3939=ORIENTED_EDGE('',*,*,#5885,.T.);
#3940=ORIENTED_EDGE('',*,*,#5883,.T.);
#3941=ORIENTED_EDGE('',*,*,#5881,.T.);
#3942=ORIENTED_EDGE('',*,*,#5863,.T.);
#3943=ORIENTED_EDGE('',*,*,#5980,.T.);
#3944=ORIENTED_EDGE('',*,*,#5876,.T.);
#3945=ORIENTED_EDGE('',*,*,#5874,.T.);
#3946=ORIENTED_EDGE('',*,*,#5872,.T.);
#3947=ORIENTED_EDGE('',*,*,#5870,.T.);
#3948=ORIENTED_EDGE('',*,*,#5868,.T.);
#3949=ORIENTED_EDGE('',*,*,#5866,.T.);
#3950=ORIENTED_EDGE('',*,*,#5848,.T.);
#3951=ORIENTED_EDGE('',*,*,#5979,.T.);
#3952=ORIENTED_EDGE('',*,*,#5861,.T.);
#3953=ORIENTED_EDGE('',*,*,#5859,.T.);
#3954=ORIENTED_EDGE('',*,*,#5857,.T.);
#3955=ORIENTED_EDGE('',*,*,#5855,.T.);
#3956=ORIENTED_EDGE('',*,*,#5853,.T.);
#3957=ORIENTED_EDGE('',*,*,#5851,.T.);
#3958=ORIENTED_EDGE('',*,*,#5833,.T.);
#3959=ORIENTED_EDGE('',*,*,#5978,.T.);
#3960=ORIENTED_EDGE('',*,*,#5846,.T.);
#3961=ORIENTED_EDGE('',*,*,#5844,.T.);
#3962=ORIENTED_EDGE('',*,*,#5842,.T.);
#3963=ORIENTED_EDGE('',*,*,#5840,.T.);
#3964=ORIENTED_EDGE('',*,*,#5838,.T.);
#3965=ORIENTED_EDGE('',*,*,#5836,.T.);
#3966=ORIENTED_EDGE('',*,*,#5818,.T.);
#3967=ORIENTED_EDGE('',*,*,#5977,.T.);
#3968=ORIENTED_EDGE('',*,*,#5831,.T.);
#3969=ORIENTED_EDGE('',*,*,#5829,.T.);
#3970=ORIENTED_EDGE('',*,*,#5827,.T.);
#3971=ORIENTED_EDGE('',*,*,#5825,.T.);
#3972=ORIENTED_EDGE('',*,*,#5823,.T.);
#3973=ORIENTED_EDGE('',*,*,#5821,.T.);
#3974=ORIENTED_EDGE('',*,*,#5803,.T.);
#3975=ORIENTED_EDGE('',*,*,#5976,.T.);
#3976=ORIENTED_EDGE('',*,*,#5816,.T.);
#3977=ORIENTED_EDGE('',*,*,#5814,.T.);
#3978=ORIENTED_EDGE('',*,*,#5812,.T.);
#3979=ORIENTED_EDGE('',*,*,#5810,.T.);
#3980=ORIENTED_EDGE('',*,*,#5808,.T.);
#3981=ORIENTED_EDGE('',*,*,#5806,.T.);
#3982=ORIENTED_EDGE('',*,*,#5788,.T.);
#3983=ORIENTED_EDGE('',*,*,#5975,.T.);
#3984=ORIENTED_EDGE('',*,*,#5801,.T.);
#3985=ORIENTED_EDGE('',*,*,#5799,.T.);
#3986=ORIENTED_EDGE('',*,*,#5797,.T.);
#3987=ORIENTED_EDGE('',*,*,#5795,.T.);
#3988=ORIENTED_EDGE('',*,*,#5793,.T.);
#3989=ORIENTED_EDGE('',*,*,#5791,.T.);
#3990=ORIENTED_EDGE('',*,*,#5773,.T.);
#3991=ORIENTED_EDGE('',*,*,#5974,.T.);
#3992=ORIENTED_EDGE('',*,*,#5786,.T.);
#3993=ORIENTED_EDGE('',*,*,#5784,.T.);
#3994=ORIENTED_EDGE('',*,*,#5782,.T.);
#3995=ORIENTED_EDGE('',*,*,#5780,.T.);
#3996=ORIENTED_EDGE('',*,*,#5778,.T.);
#3997=ORIENTED_EDGE('',*,*,#5776,.T.);
#3998=ORIENTED_EDGE('',*,*,#5758,.T.);
#3999=ORIENTED_EDGE('',*,*,#5973,.T.);
#4000=ORIENTED_EDGE('',*,*,#5771,.T.);
#4001=ORIENTED_EDGE('',*,*,#5769,.T.);
#4002=ORIENTED_EDGE('',*,*,#5767,.T.);
#4003=ORIENTED_EDGE('',*,*,#5765,.T.);
#4004=ORIENTED_EDGE('',*,*,#5763,.T.);
#4005=ORIENTED_EDGE('',*,*,#5761,.T.);
#4006=ORIENTED_EDGE('',*,*,#5743,.T.);
#4007=ORIENTED_EDGE('',*,*,#5972,.T.);
#4008=ORIENTED_EDGE('',*,*,#5756,.T.);
#4009=ORIENTED_EDGE('',*,*,#5754,.T.);
#4010=ORIENTED_EDGE('',*,*,#5752,.T.);
#4011=ORIENTED_EDGE('',*,*,#5750,.T.);
#4012=ORIENTED_EDGE('',*,*,#5748,.T.);
#4013=ORIENTED_EDGE('',*,*,#5746,.T.);
#4014=ORIENTED_EDGE('',*,*,#5728,.T.);
#4015=ORIENTED_EDGE('',*,*,#5971,.T.);
#4016=ORIENTED_EDGE('',*,*,#5741,.T.);
#4017=ORIENTED_EDGE('',*,*,#5739,.T.);
#4018=ORIENTED_EDGE('',*,*,#5737,.T.);
#4019=ORIENTED_EDGE('',*,*,#5735,.T.);
#4020=ORIENTED_EDGE('',*,*,#5733,.T.);
#4021=ORIENTED_EDGE('',*,*,#5731,.T.);
#4022=ORIENTED_EDGE('',*,*,#5713,.T.);
#4023=ORIENTED_EDGE('',*,*,#5970,.T.);
#4024=ORIENTED_EDGE('',*,*,#5726,.T.);
#4025=ORIENTED_EDGE('',*,*,#5724,.T.);
#4026=ORIENTED_EDGE('',*,*,#5722,.T.);
#4027=ORIENTED_EDGE('',*,*,#5720,.T.);
#4028=ORIENTED_EDGE('',*,*,#5718,.T.);
#4029=ORIENTED_EDGE('',*,*,#5716,.T.);
#4030=ORIENTED_EDGE('',*,*,#5698,.T.);
#4031=ORIENTED_EDGE('',*,*,#5969,.T.);
#4032=ORIENTED_EDGE('',*,*,#5711,.T.);
#4033=ORIENTED_EDGE('',*,*,#5709,.T.);
#4034=ORIENTED_EDGE('',*,*,#5707,.T.);
#4035=ORIENTED_EDGE('',*,*,#5705,.T.);
#4036=ORIENTED_EDGE('',*,*,#5703,.T.);
#4037=ORIENTED_EDGE('',*,*,#5701,.T.);
#4038=ORIENTED_EDGE('',*,*,#5683,.T.);
#4039=ORIENTED_EDGE('',*,*,#5968,.T.);
#4040=ORIENTED_EDGE('',*,*,#5696,.T.);
#4041=ORIENTED_EDGE('',*,*,#5694,.T.);
#4042=ORIENTED_EDGE('',*,*,#5692,.T.);
#4043=ORIENTED_EDGE('',*,*,#5690,.T.);
#4044=ORIENTED_EDGE('',*,*,#5688,.T.);
#4045=ORIENTED_EDGE('',*,*,#5686,.T.);
#4046=ORIENTED_EDGE('',*,*,#5668,.T.);
#4047=ORIENTED_EDGE('',*,*,#5967,.T.);
#4048=ORIENTED_EDGE('',*,*,#5681,.T.);
#4049=ORIENTED_EDGE('',*,*,#5679,.T.);
#4050=ORIENTED_EDGE('',*,*,#5677,.T.);
#4051=ORIENTED_EDGE('',*,*,#5675,.T.);
#4052=ORIENTED_EDGE('',*,*,#5673,.T.);
#4053=ORIENTED_EDGE('',*,*,#5671,.T.);
#4054=ORIENTED_EDGE('',*,*,#5653,.T.);
#4055=ORIENTED_EDGE('',*,*,#5966,.T.);
#4056=ORIENTED_EDGE('',*,*,#5666,.T.);
#4057=ORIENTED_EDGE('',*,*,#5664,.T.);
#4058=ORIENTED_EDGE('',*,*,#5662,.T.);
#4059=ORIENTED_EDGE('',*,*,#5660,.T.);
#4060=ORIENTED_EDGE('',*,*,#5658,.T.);
#4061=ORIENTED_EDGE('',*,*,#5656,.T.);
#4062=ORIENTED_EDGE('',*,*,#5638,.T.);
#4063=ORIENTED_EDGE('',*,*,#5965,.T.);
#4064=ORIENTED_EDGE('',*,*,#5651,.T.);
#4065=ORIENTED_EDGE('',*,*,#5649,.T.);
#4066=ORIENTED_EDGE('',*,*,#5647,.T.);
#4067=ORIENTED_EDGE('',*,*,#5645,.T.);
#4068=ORIENTED_EDGE('',*,*,#5643,.T.);
#4069=ORIENTED_EDGE('',*,*,#5641,.T.);
#4070=ORIENTED_EDGE('',*,*,#5623,.T.);
#4071=ORIENTED_EDGE('',*,*,#5964,.T.);
#4072=ORIENTED_EDGE('',*,*,#5636,.T.);
#4073=ORIENTED_EDGE('',*,*,#5634,.T.);
#4074=ORIENTED_EDGE('',*,*,#5632,.T.);
#4075=ORIENTED_EDGE('',*,*,#5630,.T.);
#4076=ORIENTED_EDGE('',*,*,#5628,.T.);
#4077=ORIENTED_EDGE('',*,*,#5626,.T.);
#4078=ORIENTED_EDGE('',*,*,#5608,.T.);
#4079=ORIENTED_EDGE('',*,*,#5963,.T.);
#4080=ORIENTED_EDGE('',*,*,#5621,.T.);
#4081=ORIENTED_EDGE('',*,*,#5619,.T.);
#4082=ORIENTED_EDGE('',*,*,#5617,.T.);
#4083=ORIENTED_EDGE('',*,*,#5615,.T.);
#4084=ORIENTED_EDGE('',*,*,#5613,.T.);
#4085=ORIENTED_EDGE('',*,*,#5611,.T.);
#4086=ORIENTED_EDGE('',*,*,#5593,.T.);
#4087=ORIENTED_EDGE('',*,*,#5962,.T.);
#4088=ORIENTED_EDGE('',*,*,#5606,.T.);
#4089=ORIENTED_EDGE('',*,*,#5604,.T.);
#4090=ORIENTED_EDGE('',*,*,#5602,.T.);
#4091=ORIENTED_EDGE('',*,*,#5600,.T.);
#4092=ORIENTED_EDGE('',*,*,#5598,.T.);
#4093=ORIENTED_EDGE('',*,*,#5596,.T.);
#4094=ORIENTED_EDGE('',*,*,#5578,.T.);
#4095=ORIENTED_EDGE('',*,*,#5961,.T.);
#4096=ORIENTED_EDGE('',*,*,#5591,.T.);
#4097=ORIENTED_EDGE('',*,*,#5589,.T.);
#4098=ORIENTED_EDGE('',*,*,#5587,.T.);
#4099=ORIENTED_EDGE('',*,*,#5585,.T.);
#4100=ORIENTED_EDGE('',*,*,#5583,.T.);
#4101=ORIENTED_EDGE('',*,*,#5581,.T.);
#4102=ORIENTED_EDGE('',*,*,#5563,.T.);
#4103=ORIENTED_EDGE('',*,*,#5960,.T.);
#4104=ORIENTED_EDGE('',*,*,#5576,.T.);
#4105=ORIENTED_EDGE('',*,*,#5574,.T.);
#4106=ORIENTED_EDGE('',*,*,#5572,.T.);
#4107=ORIENTED_EDGE('',*,*,#5570,.T.);
#4108=ORIENTED_EDGE('',*,*,#5568,.T.);
#4109=ORIENTED_EDGE('',*,*,#5566,.T.);
#4110=ORIENTED_EDGE('',*,*,#5548,.T.);
#4111=ORIENTED_EDGE('',*,*,#5959,.T.);
#4112=ORIENTED_EDGE('',*,*,#5561,.T.);
#4113=ORIENTED_EDGE('',*,*,#5559,.T.);
#4114=ORIENTED_EDGE('',*,*,#5557,.T.);
#4115=ORIENTED_EDGE('',*,*,#5555,.T.);
#4116=ORIENTED_EDGE('',*,*,#5553,.T.);
#4117=ORIENTED_EDGE('',*,*,#5551,.T.);
#4118=ORIENTED_EDGE('',*,*,#5533,.T.);
#4119=ORIENTED_EDGE('',*,*,#5958,.T.);
#4120=ORIENTED_EDGE('',*,*,#5546,.T.);
#4121=ORIENTED_EDGE('',*,*,#5544,.T.);
#4122=ORIENTED_EDGE('',*,*,#5542,.T.);
#4123=ORIENTED_EDGE('',*,*,#5540,.T.);
#4124=ORIENTED_EDGE('',*,*,#5538,.T.);
#4125=ORIENTED_EDGE('',*,*,#5536,.T.);
#4126=ORIENTED_EDGE('',*,*,#5518,.T.);
#4127=ORIENTED_EDGE('',*,*,#5957,.T.);
#4128=ORIENTED_EDGE('',*,*,#5531,.T.);
#4129=ORIENTED_EDGE('',*,*,#5529,.T.);
#4130=ORIENTED_EDGE('',*,*,#5527,.T.);
#4131=ORIENTED_EDGE('',*,*,#5525,.T.);
#4132=ORIENTED_EDGE('',*,*,#5523,.T.);
#4133=ORIENTED_EDGE('',*,*,#5521,.T.);
#4134=ORIENTED_EDGE('',*,*,#5481,.F.);
#4135=ORIENTED_EDGE('',*,*,#5996,.T.);
#4136=ORIENTED_EDGE('',*,*,#5477,.F.);
#4137=ORIENTED_EDGE('',*,*,#5997,.T.);
#4138=ORIENTED_EDGE('',*,*,#5953,.F.);
#4139=ORIENTED_EDGE('',*,*,#5998,.T.);
#4140=ORIENTED_EDGE('',*,*,#5514,.F.);
#4141=ORIENTED_EDGE('',*,*,#5999,.T.);
#4142=ORIENTED_EDGE('',*,*,#5512,.F.);
#4143=ORIENTED_EDGE('',*,*,#6000,.T.);
#4144=ORIENTED_EDGE('',*,*,#5508,.F.);
#4145=ORIENTED_EDGE('',*,*,#6001,.T.);
#4146=ORIENTED_EDGE('',*,*,#5503,.F.);
#4147=ORIENTED_EDGE('',*,*,#5391,.T.);
#4148=ORIENTED_EDGE('',*,*,#5410,.T.);
#4149=ORIENTED_EDGE('',*,*,#6002,.F.);
#4150=ORIENTED_EDGE('',*,*,#6003,.T.);
#4151=ORIENTED_EDGE('',*,*,#6004,.F.);
#4152=ORIENTED_EDGE('',*,*,#6005,.T.);
#4153=ORIENTED_EDGE('',*,*,#6006,.T.);
#4154=ORIENTED_EDGE('',*,*,#6007,.T.);
#4155=ORIENTED_EDGE('',*,*,#6008,.F.);
#4156=ORIENTED_EDGE('',*,*,#6009,.T.);
#4157=ORIENTED_EDGE('',*,*,#6010,.F.);
#4158=ORIENTED_EDGE('',*,*,#6011,.T.);
#4159=ORIENTED_EDGE('',*,*,#6012,.F.);
#4160=ORIENTED_EDGE('',*,*,#6013,.T.);
#4161=ORIENTED_EDGE('',*,*,#6014,.T.);
#4162=ORIENTED_EDGE('',*,*,#6015,.T.);
#4163=ORIENTED_EDGE('',*,*,#6016,.T.);
#4164=ORIENTED_EDGE('',*,*,#6017,.T.);
#4165=ORIENTED_EDGE('',*,*,#6018,.F.);
#4166=ORIENTED_EDGE('',*,*,#6019,.T.);
#4167=ORIENTED_EDGE('',*,*,#6020,.F.);
#4168=ORIENTED_EDGE('',*,*,#6021,.T.);
#4169=ORIENTED_EDGE('',*,*,#6022,.F.);
#4170=ORIENTED_EDGE('',*,*,#6023,.T.);
#4171=ORIENTED_EDGE('',*,*,#6024,.F.);
#4172=ORIENTED_EDGE('',*,*,#6025,.T.);
#4173=ORIENTED_EDGE('',*,*,#6026,.F.);
#4174=ORIENTED_EDGE('',*,*,#5406,.T.);
#4175=ORIENTED_EDGE('',*,*,#5397,.F.);
#4176=ORIENTED_EDGE('',*,*,#5491,.F.);
#4177=ORIENTED_EDGE('',*,*,#6027,.T.);
#4178=ORIENTED_EDGE('',*,*,#5485,.F.);
#4179=ORIENTED_EDGE('',*,*,#6028,.T.);
#4180=ORIENTED_EDGE('',*,*,#5470,.F.);
#4181=ORIENTED_EDGE('',*,*,#5987,.F.);
#4182=ORIENTED_EDGE('',*,*,#5476,.F.);
#4183=ORIENTED_EDGE('',*,*,#5473,.F.);
#4184=ORIENTED_EDGE('',*,*,#6023,.F.);
#4185=ORIENTED_EDGE('',*,*,#6029,.F.);
#4186=ORIENTED_EDGE('',*,*,#6030,.T.);
#4187=ORIENTED_EDGE('',*,*,#6031,.T.);
#4188=ORIENTED_EDGE('',*,*,#6019,.F.);
#4189=ORIENTED_EDGE('',*,*,#6032,.F.);
#4190=ORIENTED_EDGE('',*,*,#6033,.T.);
#4191=ORIENTED_EDGE('',*,*,#6034,.T.);
#4192=ORIENTED_EDGE('',*,*,#6017,.F.);
#4193=ORIENTED_EDGE('',*,*,#6035,.F.);
#4194=ORIENTED_EDGE('',*,*,#6036,.T.);
#4195=ORIENTED_EDGE('',*,*,#6037,.T.);
#4196=ORIENTED_EDGE('',*,*,#6015,.F.);
#4197=ORIENTED_EDGE('',*,*,#6038,.F.);
#4198=ORIENTED_EDGE('',*,*,#6039,.T.);
#4199=ORIENTED_EDGE('',*,*,#6040,.T.);
#4200=ORIENTED_EDGE('',*,*,#6013,.F.);
#4201=ORIENTED_EDGE('',*,*,#6041,.F.);
#4202=ORIENTED_EDGE('',*,*,#6042,.T.);
#4203=ORIENTED_EDGE('',*,*,#6043,.T.);
#4204=ORIENTED_EDGE('',*,*,#6011,.F.);
#4205=ORIENTED_EDGE('',*,*,#6044,.F.);
#4206=ORIENTED_EDGE('',*,*,#6045,.T.);
#4207=ORIENTED_EDGE('',*,*,#6046,.T.);
#4208=ORIENTED_EDGE('',*,*,#6007,.F.);
#4209=ORIENTED_EDGE('',*,*,#6047,.F.);
#4210=ORIENTED_EDGE('',*,*,#6048,.T.);
#4211=ORIENTED_EDGE('',*,*,#6049,.T.);
#4212=ORIENTED_EDGE('',*,*,#6005,.F.);
#4213=ORIENTED_EDGE('',*,*,#6050,.F.);
#4214=ORIENTED_EDGE('',*,*,#6051,.T.);
#4215=ORIENTED_EDGE('',*,*,#6052,.T.);
#4216=ORIENTED_EDGE('',*,*,#6053,.T.);
#4217=ORIENTED_EDGE('',*,*,#6002,.T.);
#4218=ORIENTED_EDGE('',*,*,#5409,.F.);
#4219=ORIENTED_EDGE('',*,*,#6054,.F.);
#4220=ORIENTED_EDGE('',*,*,#6055,.F.);
#4221=ORIENTED_EDGE('',*,*,#5073,.T.);
#4222=ORIENTED_EDGE('',*,*,#6056,.T.);
#4223=ORIENTED_EDGE('',*,*,#6057,.T.);
#4224=ORIENTED_EDGE('',*,*,#6058,.T.);
#4225=ORIENTED_EDGE('',*,*,#5083,.T.);
#4226=ORIENTED_EDGE('',*,*,#6059,.F.);
#4227=ORIENTED_EDGE('',*,*,#6060,.T.);
#4228=ORIENTED_EDGE('',*,*,#6003,.F.);
#4229=ORIENTED_EDGE('',*,*,#6053,.F.);
#4230=ORIENTED_EDGE('',*,*,#6061,.T.);
#4231=ORIENTED_EDGE('',*,*,#6062,.T.);
#4232=ORIENTED_EDGE('',*,*,#6050,.T.);
#4233=ORIENTED_EDGE('',*,*,#6004,.T.);
#4234=ORIENTED_EDGE('',*,*,#6062,.F.);
#4235=ORIENTED_EDGE('',*,*,#6063,.F.);
#4236=ORIENTED_EDGE('',*,*,#6006,.F.);
#4237=ORIENTED_EDGE('',*,*,#6052,.F.);
#4238=ORIENTED_EDGE('',*,*,#6064,.T.);
#4239=ORIENTED_EDGE('',*,*,#6047,.T.);
#4240=ORIENTED_EDGE('',*,*,#6065,.T.);
#4241=ORIENTED_EDGE('',*,*,#6008,.T.);
#4242=ORIENTED_EDGE('',*,*,#6049,.F.);
#4243=ORIENTED_EDGE('',*,*,#6066,.F.);
#4244=ORIENTED_EDGE('',*,*,#6009,.F.);
#4245=ORIENTED_EDGE('',*,*,#6065,.F.);
#4246=ORIENTED_EDGE('',*,*,#6067,.T.);
#4247=ORIENTED_EDGE('',*,*,#6068,.T.);
#4248=ORIENTED_EDGE('',*,*,#6044,.T.);
#4249=ORIENTED_EDGE('',*,*,#6010,.T.);
#4250=ORIENTED_EDGE('',*,*,#6068,.F.);
#4251=ORIENTED_EDGE('',*,*,#6069,.F.);
#4252=ORIENTED_EDGE('',*,*,#6041,.T.);
#4253=ORIENTED_EDGE('',*,*,#6012,.T.);
#4254=ORIENTED_EDGE('',*,*,#6046,.F.);
#4255=ORIENTED_EDGE('',*,*,#6070,.F.);
#4256=ORIENTED_EDGE('',*,*,#6014,.F.);
#4257=ORIENTED_EDGE('',*,*,#6043,.F.);
#4258=ORIENTED_EDGE('',*,*,#6071,.T.);
#4259=ORIENTED_EDGE('',*,*,#6038,.T.);
#4260=ORIENTED_EDGE('',*,*,#6016,.F.);
#4261=ORIENTED_EDGE('',*,*,#6040,.F.);
#4262=ORIENTED_EDGE('',*,*,#6072,.T.);
#4263=ORIENTED_EDGE('',*,*,#6035,.T.);
#4264=ORIENTED_EDGE('',*,*,#6032,.T.);
#4265=ORIENTED_EDGE('',*,*,#6018,.T.);
#4266=ORIENTED_EDGE('',*,*,#6037,.F.);
#4267=ORIENTED_EDGE('',*,*,#6073,.F.);
#4268=ORIENTED_EDGE('',*,*,#6074,.T.);
#4269=ORIENTED_EDGE('',*,*,#6020,.T.);
#4270=ORIENTED_EDGE('',*,*,#6034,.F.);
#4271=ORIENTED_EDGE('',*,*,#6075,.F.);
#4272=ORIENTED_EDGE('',*,*,#6021,.F.);
#4273=ORIENTED_EDGE('',*,*,#6074,.F.);
#4274=ORIENTED_EDGE('',*,*,#6076,.T.);
#4275=ORIENTED_EDGE('',*,*,#6077,.T.);
#4276=ORIENTED_EDGE('',*,*,#6029,.T.);
#4277=ORIENTED_EDGE('',*,*,#6022,.T.);
#4278=ORIENTED_EDGE('',*,*,#6077,.F.);
#4279=ORIENTED_EDGE('',*,*,#6078,.F.);
#4280=ORIENTED_EDGE('',*,*,#6079,.T.);
#4281=ORIENTED_EDGE('',*,*,#6024,.T.);
#4282=ORIENTED_EDGE('',*,*,#6031,.F.);
#4283=ORIENTED_EDGE('',*,*,#6080,.F.);
#4284=ORIENTED_EDGE('',*,*,#6025,.F.);
#4285=ORIENTED_EDGE('',*,*,#6079,.F.);
#4286=ORIENTED_EDGE('',*,*,#6081,.T.);
#4287=ORIENTED_EDGE('',*,*,#6082,.T.);
#4288=ORIENTED_EDGE('',*,*,#5407,.T.);
#4289=ORIENTED_EDGE('',*,*,#6026,.T.);
#4290=ORIENTED_EDGE('',*,*,#6082,.F.);
#4291=ORIENTED_EDGE('',*,*,#6083,.F.);
#4292=ORIENTED_EDGE('',*,*,#6084,.T.);
#4293=ORIENTED_EDGE('',*,*,#6085,.T.);
#4294=ORIENTED_EDGE('',*,*,#5498,.F.);
#4295=ORIENTED_EDGE('',*,*,#6086,.T.);
#4296=ORIENTED_EDGE('',*,*,#5990,.T.);
#4297=ORIENTED_EDGE('',*,*,#6087,.T.);
#4298=ORIENTED_EDGE('',*,*,#5100,.T.);
#4299=ORIENTED_EDGE('',*,*,#6088,.T.);
#4300=ORIENTED_EDGE('',*,*,#5385,.F.);
#4301=ORIENTED_EDGE('',*,*,#6089,.T.);
#4302=ORIENTED_EDGE('',*,*,#6090,.T.);
#4303=ORIENTED_EDGE('',*,*,#6084,.F.);
#4304=ORIENTED_EDGE('',*,*,#5989,.F.);
#4305=ORIENTED_EDGE('',*,*,#6091,.T.);
#4306=ORIENTED_EDGE('',*,*,#6092,.T.);
#4307=ORIENTED_EDGE('',*,*,#6089,.F.);
#4308=ORIENTED_EDGE('',*,*,#5384,.T.);
#4309=ORIENTED_EDGE('',*,*,#6093,.T.);
#4310=ORIENTED_EDGE('',*,*,#6094,.T.);
#4311=ORIENTED_EDGE('',*,*,#6091,.F.);
#4312=ORIENTED_EDGE('',*,*,#5383,.F.);
#4313=ORIENTED_EDGE('',*,*,#6095,.T.);
#4314=ORIENTED_EDGE('',*,*,#6096,.T.);
#4315=ORIENTED_EDGE('',*,*,#6093,.F.);
#4316=ORIENTED_EDGE('',*,*,#5382,.T.);
#4317=ORIENTED_EDGE('',*,*,#6097,.T.);
#4318=ORIENTED_EDGE('',*,*,#6098,.T.);
#4319=ORIENTED_EDGE('',*,*,#6095,.F.);
#4320=ORIENTED_EDGE('',*,*,#5381,.T.);
#4321=ORIENTED_EDGE('',*,*,#6099,.T.);
#4322=ORIENTED_EDGE('',*,*,#6100,.T.);
#4323=ORIENTED_EDGE('',*,*,#6097,.F.);
#4324=ORIENTED_EDGE('',*,*,#5380,.T.);
#4325=ORIENTED_EDGE('',*,*,#6101,.T.);
#4326=ORIENTED_EDGE('',*,*,#6102,.T.);
#4327=ORIENTED_EDGE('',*,*,#6099,.F.);
#4328=ORIENTED_EDGE('',*,*,#5379,.F.);
#4329=ORIENTED_EDGE('',*,*,#6103,.T.);
#4330=ORIENTED_EDGE('',*,*,#6104,.T.);
#4331=ORIENTED_EDGE('',*,*,#6101,.F.);
#4332=ORIENTED_EDGE('',*,*,#5378,.T.);
#4333=ORIENTED_EDGE('',*,*,#6105,.T.);
#4334=ORIENTED_EDGE('',*,*,#6106,.T.);
#4335=ORIENTED_EDGE('',*,*,#6103,.F.);
#4336=ORIENTED_EDGE('',*,*,#5377,.F.);
#4337=ORIENTED_EDGE('',*,*,#6107,.T.);
#4338=ORIENTED_EDGE('',*,*,#6108,.T.);
#4339=ORIENTED_EDGE('',*,*,#6105,.F.);
#4340=ORIENTED_EDGE('',*,*,#5376,.T.);
#4341=ORIENTED_EDGE('',*,*,#6109,.T.);
#4342=ORIENTED_EDGE('',*,*,#6110,.T.);
#4343=ORIENTED_EDGE('',*,*,#6107,.F.);
#4344=ORIENTED_EDGE('',*,*,#5375,.F.);
#4345=ORIENTED_EDGE('',*,*,#6111,.T.);
#4346=ORIENTED_EDGE('',*,*,#6112,.T.);
#4347=ORIENTED_EDGE('',*,*,#6109,.F.);
#4348=ORIENTED_EDGE('',*,*,#5374,.T.);
#4349=ORIENTED_EDGE('',*,*,#6113,.T.);
#4350=ORIENTED_EDGE('',*,*,#6114,.T.);
#4351=ORIENTED_EDGE('',*,*,#6111,.F.);
#4352=ORIENTED_EDGE('',*,*,#5373,.T.);
#4353=ORIENTED_EDGE('',*,*,#6115,.T.);
#4354=ORIENTED_EDGE('',*,*,#6116,.T.);
#4355=ORIENTED_EDGE('',*,*,#6113,.F.);
#4356=ORIENTED_EDGE('',*,*,#5372,.T.);
#4357=ORIENTED_EDGE('',*,*,#6117,.T.);
#4358=ORIENTED_EDGE('',*,*,#6118,.T.);
#4359=ORIENTED_EDGE('',*,*,#6115,.F.);
#4360=ORIENTED_EDGE('',*,*,#5371,.T.);
#4361=ORIENTED_EDGE('',*,*,#6119,.T.);
#4362=ORIENTED_EDGE('',*,*,#6120,.T.);
#4363=ORIENTED_EDGE('',*,*,#6117,.F.);
#4364=ORIENTED_EDGE('',*,*,#5370,.T.);
#4365=ORIENTED_EDGE('',*,*,#6121,.T.);
#4366=ORIENTED_EDGE('',*,*,#6122,.T.);
#4367=ORIENTED_EDGE('',*,*,#6119,.F.);
#4368=ORIENTED_EDGE('',*,*,#5369,.F.);
#4369=ORIENTED_EDGE('',*,*,#6123,.T.);
#4370=ORIENTED_EDGE('',*,*,#6124,.T.);
#4371=ORIENTED_EDGE('',*,*,#6121,.F.);
#4372=ORIENTED_EDGE('',*,*,#5368,.T.);
#4373=ORIENTED_EDGE('',*,*,#6125,.T.);
#4374=ORIENTED_EDGE('',*,*,#6126,.T.);
#4375=ORIENTED_EDGE('',*,*,#6123,.F.);
#4376=ORIENTED_EDGE('',*,*,#5367,.F.);
#4377=ORIENTED_EDGE('',*,*,#6127,.T.);
#4378=ORIENTED_EDGE('',*,*,#6128,.T.);
#4379=ORIENTED_EDGE('',*,*,#6125,.F.);
#4380=ORIENTED_EDGE('',*,*,#5366,.T.);
#4381=ORIENTED_EDGE('',*,*,#6129,.T.);
#4382=ORIENTED_EDGE('',*,*,#6130,.T.);
#4383=ORIENTED_EDGE('',*,*,#6127,.F.);
#4384=ORIENTED_EDGE('',*,*,#5365,.F.);
#4385=ORIENTED_EDGE('',*,*,#6131,.T.);
#4386=ORIENTED_EDGE('',*,*,#6132,.T.);
#4387=ORIENTED_EDGE('',*,*,#6129,.F.);
#4388=ORIENTED_EDGE('',*,*,#5364,.T.);
#4389=ORIENTED_EDGE('',*,*,#6133,.T.);
#4390=ORIENTED_EDGE('',*,*,#6134,.T.);
#4391=ORIENTED_EDGE('',*,*,#6131,.F.);
#4392=ORIENTED_EDGE('',*,*,#5363,.F.);
#4393=ORIENTED_EDGE('',*,*,#6135,.T.);
#4394=ORIENTED_EDGE('',*,*,#6136,.T.);
#4395=ORIENTED_EDGE('',*,*,#6133,.F.);
#4396=ORIENTED_EDGE('',*,*,#5362,.T.);
#4397=ORIENTED_EDGE('',*,*,#5401,.T.);
#4398=ORIENTED_EDGE('',*,*,#6137,.T.);
#4399=ORIENTED_EDGE('',*,*,#6135,.F.);
#4400=ORIENTED_EDGE('',*,*,#5361,.F.);
#4401=ORIENTED_EDGE('',*,*,#6138,.T.);
#4402=ORIENTED_EDGE('',*,*,#6139,.T.);
#4403=ORIENTED_EDGE('',*,*,#6140,.T.);
#4404=ORIENTED_EDGE('',*,*,#6141,.T.);
#4405=ORIENTED_EDGE('',*,*,#6142,.T.);
#4406=ORIENTED_EDGE('',*,*,#6143,.T.);
#4407=ORIENTED_EDGE('',*,*,#6144,.F.);
#4408=ORIENTED_EDGE('',*,*,#6145,.F.);
#4409=ORIENTED_EDGE('',*,*,#6146,.T.);
#4410=ORIENTED_EDGE('',*,*,#6147,.T.);
#4411=ORIENTED_EDGE('',*,*,#6142,.F.);
#4412=ORIENTED_EDGE('',*,*,#6148,.T.);
#4413=ORIENTED_EDGE('',*,*,#5500,.T.);
#4414=ORIENTED_EDGE('',*,*,#6149,.T.);
#4415=ORIENTED_EDGE('',*,*,#6146,.F.);
#4416=ORIENTED_EDGE('',*,*,#6150,.F.);
#4417=ORIENTED_EDGE('',*,*,#6151,.T.);
#4418=ORIENTED_EDGE('',*,*,#6152,.T.);
#4419=ORIENTED_EDGE('',*,*,#5495,.F.);
#4420=ORIENTED_EDGE('',*,*,#6153,.T.);
#4421=ORIENTED_EDGE('',*,*,#6154,.T.);
#4422=ORIENTED_EDGE('',*,*,#6155,.T.);
#4423=ORIENTED_EDGE('',*,*,#6156,.T.);
#4424=ORIENTED_EDGE('',*,*,#6157,.T.);
#4425=ORIENTED_EDGE('',*,*,#6151,.F.);
#4426=ORIENTED_EDGE('',*,*,#6158,.T.);
#4427=ORIENTED_EDGE('',*,*,#6159,.T.);
#4428=ORIENTED_EDGE('',*,*,#6160,.T.);
#4429=ORIENTED_EDGE('',*,*,#6156,.F.);
#4430=ORIENTED_EDGE('',*,*,#6161,.F.);
#4431=ORIENTED_EDGE('',*,*,#6162,.T.);
#4432=ORIENTED_EDGE('',*,*,#6163,.T.);
#4433=ORIENTED_EDGE('',*,*,#6159,.F.);
#4434=ORIENTED_EDGE('',*,*,#6164,.T.);
#4435=ORIENTED_EDGE('',*,*,#6165,.T.);
#4436=ORIENTED_EDGE('',*,*,#6166,.T.);
#4437=ORIENTED_EDGE('',*,*,#6162,.F.);
#4438=ORIENTED_EDGE('',*,*,#6167,.F.);
#4439=ORIENTED_EDGE('',*,*,#6168,.T.);
#4440=ORIENTED_EDGE('',*,*,#6169,.T.);
#4441=ORIENTED_EDGE('',*,*,#6165,.F.);
#4442=ORIENTED_EDGE('',*,*,#6170,.T.);
#4443=ORIENTED_EDGE('',*,*,#6171,.T.);
#4444=ORIENTED_EDGE('',*,*,#6172,.T.);
#4445=ORIENTED_EDGE('',*,*,#6168,.F.);
#4446=ORIENTED_EDGE('',*,*,#6173,.F.);
#4447=ORIENTED_EDGE('',*,*,#6174,.T.);
#4448=ORIENTED_EDGE('',*,*,#6175,.T.);
#4449=ORIENTED_EDGE('',*,*,#6171,.F.);
#4450=ORIENTED_EDGE('',*,*,#6176,.T.);
#4451=ORIENTED_EDGE('',*,*,#6177,.T.);
#4452=ORIENTED_EDGE('',*,*,#6178,.T.);
#4453=ORIENTED_EDGE('',*,*,#6174,.F.);
#4454=ORIENTED_EDGE('',*,*,#6179,.F.);
#4455=ORIENTED_EDGE('',*,*,#6180,.T.);
#4456=ORIENTED_EDGE('',*,*,#6181,.T.);
#4457=ORIENTED_EDGE('',*,*,#6177,.F.);
#4458=ORIENTED_EDGE('',*,*,#6182,.T.);
#4459=ORIENTED_EDGE('',*,*,#6183,.T.);
#4460=ORIENTED_EDGE('',*,*,#6184,.T.);
#4461=ORIENTED_EDGE('',*,*,#6180,.F.);
#4462=ORIENTED_EDGE('',*,*,#6185,.F.);
#4463=ORIENTED_EDGE('',*,*,#6186,.T.);
#4464=ORIENTED_EDGE('',*,*,#6187,.T.);
#4465=ORIENTED_EDGE('',*,*,#6183,.F.);
#4466=ORIENTED_EDGE('',*,*,#6188,.F.);
#4467=ORIENTED_EDGE('',*,*,#6189,.T.);
#4468=ORIENTED_EDGE('',*,*,#6190,.T.);
#4469=ORIENTED_EDGE('',*,*,#6186,.F.);
#4470=ORIENTED_EDGE('',*,*,#6191,.F.);
#4471=ORIENTED_EDGE('',*,*,#6192,.T.);
#4472=ORIENTED_EDGE('',*,*,#6193,.T.);
#4473=ORIENTED_EDGE('',*,*,#6189,.F.);
#4474=ORIENTED_EDGE('',*,*,#6194,.F.);
#4475=ORIENTED_EDGE('',*,*,#6195,.T.);
#4476=ORIENTED_EDGE('',*,*,#6196,.T.);
#4477=ORIENTED_EDGE('',*,*,#6192,.F.);
#4478=ORIENTED_EDGE('',*,*,#6197,.F.);
#4479=ORIENTED_EDGE('',*,*,#6198,.T.);
#4480=ORIENTED_EDGE('',*,*,#6199,.T.);
#4481=ORIENTED_EDGE('',*,*,#6195,.F.);
#4482=ORIENTED_EDGE('',*,*,#6200,.T.);
#4483=ORIENTED_EDGE('',*,*,#6201,.T.);
#4484=ORIENTED_EDGE('',*,*,#6202,.T.);
#4485=ORIENTED_EDGE('',*,*,#6198,.F.);
#4486=ORIENTED_EDGE('',*,*,#6203,.F.);
#4487=ORIENTED_EDGE('',*,*,#6204,.T.);
#4488=ORIENTED_EDGE('',*,*,#6205,.T.);
#4489=ORIENTED_EDGE('',*,*,#6201,.F.);
#4490=ORIENTED_EDGE('',*,*,#6206,.T.);
#4491=ORIENTED_EDGE('',*,*,#6207,.T.);
#4492=ORIENTED_EDGE('',*,*,#6208,.T.);
#4493=ORIENTED_EDGE('',*,*,#6204,.F.);
#4494=ORIENTED_EDGE('',*,*,#6209,.F.);
#4495=ORIENTED_EDGE('',*,*,#6210,.T.);
#4496=ORIENTED_EDGE('',*,*,#6211,.T.);
#4497=ORIENTED_EDGE('',*,*,#6207,.F.);
#4498=ORIENTED_EDGE('',*,*,#6212,.T.);
#4499=ORIENTED_EDGE('',*,*,#6213,.T.);
#4500=ORIENTED_EDGE('',*,*,#6214,.T.);
#4501=ORIENTED_EDGE('',*,*,#6210,.F.);
#4502=ORIENTED_EDGE('',*,*,#6215,.F.);
#4503=ORIENTED_EDGE('',*,*,#6216,.T.);
#4504=ORIENTED_EDGE('',*,*,#6217,.T.);
#4505=ORIENTED_EDGE('',*,*,#6213,.F.);
#4506=ORIENTED_EDGE('',*,*,#6218,.F.);
#4507=ORIENTED_EDGE('',*,*,#6219,.T.);
#4508=ORIENTED_EDGE('',*,*,#6220,.T.);
#4509=ORIENTED_EDGE('',*,*,#6216,.F.);
#4510=ORIENTED_EDGE('',*,*,#6221,.F.);
#4511=ORIENTED_EDGE('',*,*,#6144,.T.);
#4512=ORIENTED_EDGE('',*,*,#6222,.T.);
#4513=ORIENTED_EDGE('',*,*,#6219,.F.);
#4514=ORIENTED_EDGE('',*,*,#6223,.T.);
#4515=ORIENTED_EDGE('',*,*,#6145,.T.);
#4516=ORIENTED_EDGE('',*,*,#6223,.F.);
#4517=ORIENTED_EDGE('',*,*,#6221,.T.);
#4518=ORIENTED_EDGE('',*,*,#6218,.T.);
#4519=ORIENTED_EDGE('',*,*,#6215,.T.);
#4520=ORIENTED_EDGE('',*,*,#6212,.F.);
#4521=ORIENTED_EDGE('',*,*,#6209,.T.);
#4522=ORIENTED_EDGE('',*,*,#6206,.F.);
#4523=ORIENTED_EDGE('',*,*,#6203,.T.);
#4524=ORIENTED_EDGE('',*,*,#6200,.F.);
#4525=ORIENTED_EDGE('',*,*,#6197,.T.);
#4526=ORIENTED_EDGE('',*,*,#6194,.T.);
#4527=ORIENTED_EDGE('',*,*,#6191,.T.);
#4528=ORIENTED_EDGE('',*,*,#6188,.T.);
#4529=ORIENTED_EDGE('',*,*,#6185,.T.);
#4530=ORIENTED_EDGE('',*,*,#6182,.F.);
#4531=ORIENTED_EDGE('',*,*,#6179,.T.);
#4532=ORIENTED_EDGE('',*,*,#6176,.F.);
#4533=ORIENTED_EDGE('',*,*,#6173,.T.);
#4534=ORIENTED_EDGE('',*,*,#6170,.F.);
#4535=ORIENTED_EDGE('',*,*,#6167,.T.);
#4536=ORIENTED_EDGE('',*,*,#6164,.F.);
#4537=ORIENTED_EDGE('',*,*,#6161,.T.);
#4538=ORIENTED_EDGE('',*,*,#6158,.F.);
#4539=ORIENTED_EDGE('',*,*,#6150,.T.);
#4540=ORIENTED_EDGE('',*,*,#6148,.F.);
#4541=ORIENTED_EDGE('',*,*,#6054,.T.);
#4542=ORIENTED_EDGE('',*,*,#5408,.F.);
#4543=ORIENTED_EDGE('',*,*,#6083,.T.);
#4544=ORIENTED_EDGE('',*,*,#6081,.F.);
#4545=ORIENTED_EDGE('',*,*,#6080,.T.);
#4546=ORIENTED_EDGE('',*,*,#6030,.F.);
#4547=ORIENTED_EDGE('',*,*,#6078,.T.);
#4548=ORIENTED_EDGE('',*,*,#6076,.F.);
#4549=ORIENTED_EDGE('',*,*,#6075,.T.);
#4550=ORIENTED_EDGE('',*,*,#6033,.F.);
#4551=ORIENTED_EDGE('',*,*,#6073,.T.);
#4552=ORIENTED_EDGE('',*,*,#6036,.F.);
#4553=ORIENTED_EDGE('',*,*,#6072,.F.);
#4554=ORIENTED_EDGE('',*,*,#6039,.F.);
#4555=ORIENTED_EDGE('',*,*,#6071,.F.);
#4556=ORIENTED_EDGE('',*,*,#6042,.F.);
#4557=ORIENTED_EDGE('',*,*,#6070,.T.);
#4558=ORIENTED_EDGE('',*,*,#6045,.F.);
#4559=ORIENTED_EDGE('',*,*,#6069,.T.);
#4560=ORIENTED_EDGE('',*,*,#6067,.F.);
#4561=ORIENTED_EDGE('',*,*,#6066,.T.);
#4562=ORIENTED_EDGE('',*,*,#6048,.F.);
#4563=ORIENTED_EDGE('',*,*,#6064,.F.);
#4564=ORIENTED_EDGE('',*,*,#6051,.F.);
#4565=ORIENTED_EDGE('',*,*,#6063,.T.);
#4566=ORIENTED_EDGE('',*,*,#6061,.F.);
#4567=ORIENTED_EDGE('',*,*,#6224,.T.);
#4568=ORIENTED_EDGE('',*,*,#5076,.T.);
#4569=ORIENTED_EDGE('',*,*,#6225,.T.);
#4570=ORIENTED_EDGE('',*,*,#6056,.F.);
#4571=ORIENTED_EDGE('',*,*,#5072,.T.);
#4572=ORIENTED_EDGE('',*,*,#6226,.T.);
#4573=ORIENTED_EDGE('',*,*,#6227,.T.);
#4574=ORIENTED_EDGE('',*,*,#5086,.T.);
#4575=ORIENTED_EDGE('',*,*,#6228,.T.);
#4576=ORIENTED_EDGE('',*,*,#6059,.T.);
#4577=ORIENTED_EDGE('',*,*,#5082,.T.);
#4578=ORIENTED_EDGE('',*,*,#5111,.T.);
#4579=ORIENTED_EDGE('',*,*,#6055,.T.);
#4580=ORIENTED_EDGE('',*,*,#6229,.T.);
#4581=ORIENTED_EDGE('',*,*,#5090,.T.);
#4582=ORIENTED_EDGE('',*,*,#6230,.T.);
#4583=ORIENTED_EDGE('',*,*,#6231,.T.);
#4584=ORIENTED_EDGE('',*,*,#5074,.T.);
#4585=ORIENTED_EDGE('',*,*,#6232,.T.);
#4586=ORIENTED_EDGE('',*,*,#5112,.T.);
#4587=ORIENTED_EDGE('',*,*,#5084,.T.);
#4588=ORIENTED_EDGE('',*,*,#6058,.F.);
#4589=ORIENTED_EDGE('',*,*,#6233,.T.);
#4590=ORIENTED_EDGE('',*,*,#5080,.T.);
#4591=ORIENTED_EDGE('',*,*,#6234,.T.);
#4592=ORIENTED_EDGE('',*,*,#6235,.T.);
#4593=ORIENTED_EDGE('',*,*,#6236,.T.);
#4594=ORIENTED_EDGE('',*,*,#6237,.T.);
#4595=ORIENTED_EDGE('',*,*,#6238,.F.);
#4596=ORIENTED_EDGE('',*,*,#6239,.T.);
#4597=ORIENTED_EDGE('',*,*,#6240,.T.);
#4598=ORIENTED_EDGE('',*,*,#5995,.F.);
#4599=ORIENTED_EDGE('',*,*,#6238,.T.);
#4600=ORIENTED_EDGE('',*,*,#6240,.F.);
#4601=ORIENTED_EDGE('',*,*,#6239,.F.);
#4602=ORIENTED_EDGE('',*,*,#6241,.F.);
#4603=ORIENTED_EDGE('',*,*,#6242,.T.);
#4604=ORIENTED_EDGE('',*,*,#6243,.T.);
#4605=ORIENTED_EDGE('',*,*,#5994,.F.);
#4606=ORIENTED_EDGE('',*,*,#6241,.T.);
#4607=ORIENTED_EDGE('',*,*,#6243,.F.);
#4608=ORIENTED_EDGE('',*,*,#6242,.F.);
#4609=ORIENTED_EDGE('',*,*,#6244,.F.);
#4610=ORIENTED_EDGE('',*,*,#6245,.T.);
#4611=ORIENTED_EDGE('',*,*,#6246,.T.);
#4612=ORIENTED_EDGE('',*,*,#5993,.F.);
#4613=ORIENTED_EDGE('',*,*,#6244,.T.);
#4614=ORIENTED_EDGE('',*,*,#6246,.F.);
#4615=ORIENTED_EDGE('',*,*,#6245,.F.);
#4616=ORIENTED_EDGE('',*,*,#6247,.F.);
#4617=ORIENTED_EDGE('',*,*,#6248,.T.);
#4618=ORIENTED_EDGE('',*,*,#6249,.T.);
#4619=ORIENTED_EDGE('',*,*,#5992,.F.);
#4620=ORIENTED_EDGE('',*,*,#6247,.T.);
#4621=ORIENTED_EDGE('',*,*,#6249,.F.);
#4622=ORIENTED_EDGE('',*,*,#6248,.F.);
#4623=ORIENTED_EDGE('',*,*,#6141,.F.);
#4624=ORIENTED_EDGE('',*,*,#5107,.T.);
#4625=ORIENTED_EDGE('',*,*,#5077,.T.);
#4626=ORIENTED_EDGE('',*,*,#6224,.F.);
#4627=ORIENTED_EDGE('',*,*,#6250,.T.);
#4628=ORIENTED_EDGE('',*,*,#5106,.T.);
#4629=ORIENTED_EDGE('',*,*,#6230,.F.);
#4630=ORIENTED_EDGE('',*,*,#5089,.T.);
#4631=ORIENTED_EDGE('',*,*,#6251,.T.);
#4632=ORIENTED_EDGE('',*,*,#6138,.F.);
#4633=ORIENTED_EDGE('',*,*,#5105,.T.);
#4634=ORIENTED_EDGE('',*,*,#6252,.T.);
#4635=ORIENTED_EDGE('',*,*,#6140,.F.);
#4636=ORIENTED_EDGE('',*,*,#6253,.T.);
#4637=ORIENTED_EDGE('',*,*,#5113,.T.);
#4638=ORIENTED_EDGE('',*,*,#6232,.F.);
#4639=ORIENTED_EDGE('',*,*,#5079,.T.);
#4640=ORIENTED_EDGE('',*,*,#5108,.T.);
#4641=ORIENTED_EDGE('',*,*,#6139,.F.);
#4642=ORIENTED_EDGE('',*,*,#6254,.T.);
#4643=ORIENTED_EDGE('',*,*,#5087,.T.);
#4644=ORIENTED_EDGE('',*,*,#6227,.F.);
#4645=ORIENTED_EDGE('',*,*,#5110,.T.);
#4646=ORIENTED_EDGE('',*,*,#6255,.T.);
#4647=ORIENTED_EDGE('',*,*,#6256,.F.);
#4648=ORIENTED_EDGE('',*,*,#5986,.F.);
#4649=ORIENTED_EDGE('',*,*,#6257,.F.);
#4650=ORIENTED_EDGE('',*,*,#5117,.F.);
#4651=ORIENTED_EDGE('',*,*,#6257,.T.);
#4652=ORIENTED_EDGE('',*,*,#5468,.F.);
#4653=ORIENTED_EDGE('',*,*,#6258,.F.);
#4654=ORIENTED_EDGE('',*,*,#5114,.F.);
#4655=ORIENTED_EDGE('',*,*,#6256,.T.);
#4656=ORIENTED_EDGE('',*,*,#5116,.F.);
#4657=ORIENTED_EDGE('',*,*,#6259,.F.);
#4658=ORIENTED_EDGE('',*,*,#5475,.F.);
#4659=ORIENTED_EDGE('',*,*,#6258,.T.);
#4660=ORIENTED_EDGE('',*,*,#5472,.F.);
#4661=ORIENTED_EDGE('',*,*,#6259,.T.);
#4662=ORIENTED_EDGE('',*,*,#5115,.F.);
#4663=ORIENTED_EDGE('',*,*,#5505,.F.);
#4664=ORIENTED_EDGE('',*,*,#5063,.T.);
#4665=ORIENTED_EDGE('',*,*,#5101,.T.);
#4666=ORIENTED_EDGE('',*,*,#6087,.F.);
#4667=ORIENTED_EDGE('',*,*,#5988,.F.);
#4668=ORIENTED_EDGE('',*,*,#5393,.F.);
#4669=ORIENTED_EDGE('',*,*,#6088,.F.);
#4670=ORIENTED_EDGE('',*,*,#5099,.T.);
#4671=ORIENTED_EDGE('',*,*,#5061,.T.);
#4672=ORIENTED_EDGE('',*,*,#5506,.F.);
#4673=ORIENTED_EDGE('',*,*,#5057,.T.);
#4674=ORIENTED_EDGE('',*,*,#5098,.T.);
#4675=ORIENTED_EDGE('',*,*,#5386,.F.);
#4676=ORIENTED_EDGE('',*,*,#5510,.F.);
#4677=ORIENTED_EDGE('',*,*,#6260,.T.);
#4678=ORIENTED_EDGE('',*,*,#5387,.F.);
#4679=ORIENTED_EDGE('',*,*,#5097,.T.);
#4680=ORIENTED_EDGE('',*,*,#5055,.T.);
#4681=ORIENTED_EDGE('',*,*,#5516,.F.);
#4682=ORIENTED_EDGE('',*,*,#5039,.T.);
#4683=ORIENTED_EDGE('',*,*,#5092,.T.);
#4684=ORIENTED_EDGE('',*,*,#5351,.F.);
#4685=ORIENTED_EDGE('',*,*,#6261,.T.);
#4686=ORIENTED_EDGE('',*,*,#5955,.F.);
#4687=ORIENTED_EDGE('',*,*,#5045,.T.);
#4688=ORIENTED_EDGE('',*,*,#5094,.T.);
#4689=ORIENTED_EDGE('',*,*,#5352,.F.);
#4690=ORIENTED_EDGE('',*,*,#5091,.T.);
#4691=ORIENTED_EDGE('',*,*,#5037,.T.);
#4692=ORIENTED_EDGE('',*,*,#5479,.F.);
#4693=ORIENTED_EDGE('',*,*,#6262,.T.);
#4694=ORIENTED_EDGE('',*,*,#5353,.F.);
#4695=ORIENTED_EDGE('',*,*,#5093,.T.);
#4696=ORIENTED_EDGE('',*,*,#5043,.T.);
#4697=ORIENTED_EDGE('',*,*,#5483,.F.);
#4698=ORIENTED_EDGE('',*,*,#5051,.T.);
#4699=ORIENTED_EDGE('',*,*,#5096,.T.);
#4700=ORIENTED_EDGE('',*,*,#5355,.F.);
#4701=ORIENTED_EDGE('',*,*,#6263,.T.);
#4702=ORIENTED_EDGE('',*,*,#5487,.F.);
#4703=ORIENTED_EDGE('',*,*,#5069,.T.);
#4704=ORIENTED_EDGE('',*,*,#5103,.T.);
#4705=ORIENTED_EDGE('',*,*,#5356,.F.);
#4706=ORIENTED_EDGE('',*,*,#5095,.T.);
#4707=ORIENTED_EDGE('',*,*,#5049,.T.);
#4708=ORIENTED_EDGE('',*,*,#5357,.F.);
#4709=ORIENTED_EDGE('',*,*,#5102,.T.);
#4710=ORIENTED_EDGE('',*,*,#5067,.T.);
#4711=ORIENTED_EDGE('',*,*,#5489,.F.);
#4712=ORIENTED_EDGE('',*,*,#5395,.F.);
#4713=ORIENTED_EDGE('',*,*,#6264,.F.);
#4714=ORIENTED_EDGE('',*,*,#5455,.F.);
#4715=ORIENTED_EDGE('',*,*,#6265,.F.);
#4716=ORIENTED_EDGE('',*,*,#5496,.F.);
#4717=ORIENTED_EDGE('',*,*,#6265,.T.);
#4718=ORIENTED_EDGE('',*,*,#5454,.F.);
#4719=ORIENTED_EDGE('',*,*,#6266,.F.);
#4720=ORIENTED_EDGE('',*,*,#5400,.F.);
#4721=ORIENTED_EDGE('',*,*,#6264,.T.);
#4722=ORIENTED_EDGE('',*,*,#6152,.F.);
#4723=ORIENTED_EDGE('',*,*,#6267,.F.);
#4724=ORIENTED_EDGE('',*,*,#5456,.F.);
#4725=ORIENTED_EDGE('',*,*,#6266,.T.);
#4726=ORIENTED_EDGE('',*,*,#5453,.F.);
#4727=ORIENTED_EDGE('',*,*,#6268,.F.);
#4728=ORIENTED_EDGE('',*,*,#6137,.F.);
#4729=ORIENTED_EDGE('',*,*,#6267,.T.);
#4730=ORIENTED_EDGE('',*,*,#6157,.F.);
#4731=ORIENTED_EDGE('',*,*,#6269,.F.);
#4732=ORIENTED_EDGE('',*,*,#5457,.F.);
#4733=ORIENTED_EDGE('',*,*,#6268,.T.);
#4734=ORIENTED_EDGE('',*,*,#5452,.F.);
#4735=ORIENTED_EDGE('',*,*,#6270,.F.);
#4736=ORIENTED_EDGE('',*,*,#6136,.F.);
#4737=ORIENTED_EDGE('',*,*,#6269,.T.);
#4738=ORIENTED_EDGE('',*,*,#6160,.F.);
#4739=ORIENTED_EDGE('',*,*,#6271,.F.);
#4740=ORIENTED_EDGE('',*,*,#5458,.F.);
#4741=ORIENTED_EDGE('',*,*,#6270,.T.);
#4742=ORIENTED_EDGE('',*,*,#5451,.F.);
#4743=ORIENTED_EDGE('',*,*,#6272,.F.);
#4744=ORIENTED_EDGE('',*,*,#6134,.F.);
#4745=ORIENTED_EDGE('',*,*,#6271,.T.);
#4746=ORIENTED_EDGE('',*,*,#6163,.F.);
#4747=ORIENTED_EDGE('',*,*,#6273,.F.);
#4748=ORIENTED_EDGE('',*,*,#5459,.F.);
#4749=ORIENTED_EDGE('',*,*,#6272,.T.);
#4750=ORIENTED_EDGE('',*,*,#5450,.F.);
#4751=ORIENTED_EDGE('',*,*,#6274,.F.);
#4752=ORIENTED_EDGE('',*,*,#6132,.F.);
#4753=ORIENTED_EDGE('',*,*,#6273,.T.);
#4754=ORIENTED_EDGE('',*,*,#6166,.F.);
#4755=ORIENTED_EDGE('',*,*,#6275,.F.);
#4756=ORIENTED_EDGE('',*,*,#5460,.F.);
#4757=ORIENTED_EDGE('',*,*,#6274,.T.);
#4758=ORIENTED_EDGE('',*,*,#5449,.F.);
#4759=ORIENTED_EDGE('',*,*,#6276,.F.);
#4760=ORIENTED_EDGE('',*,*,#6130,.F.);
#4761=ORIENTED_EDGE('',*,*,#6275,.T.);
#4762=ORIENTED_EDGE('',*,*,#6169,.F.);
#4763=ORIENTED_EDGE('',*,*,#6277,.F.);
#4764=ORIENTED_EDGE('',*,*,#5461,.F.);
#4765=ORIENTED_EDGE('',*,*,#6276,.T.);
#4766=ORIENTED_EDGE('',*,*,#5448,.F.);
#4767=ORIENTED_EDGE('',*,*,#6278,.F.);
#4768=ORIENTED_EDGE('',*,*,#6128,.F.);
#4769=ORIENTED_EDGE('',*,*,#6277,.T.);
#4770=ORIENTED_EDGE('',*,*,#6172,.F.);
#4771=ORIENTED_EDGE('',*,*,#6279,.F.);
#4772=ORIENTED_EDGE('',*,*,#5462,.F.);
#4773=ORIENTED_EDGE('',*,*,#6278,.T.);
#4774=ORIENTED_EDGE('',*,*,#5447,.F.);
#4775=ORIENTED_EDGE('',*,*,#6280,.F.);
#4776=ORIENTED_EDGE('',*,*,#6126,.F.);
#4777=ORIENTED_EDGE('',*,*,#6279,.T.);
#4778=ORIENTED_EDGE('',*,*,#6175,.F.);
#4779=ORIENTED_EDGE('',*,*,#6281,.F.);
#4780=ORIENTED_EDGE('',*,*,#5463,.F.);
#4781=ORIENTED_EDGE('',*,*,#6280,.T.);
#4782=ORIENTED_EDGE('',*,*,#5446,.F.);
#4783=ORIENTED_EDGE('',*,*,#6282,.F.);
#4784=ORIENTED_EDGE('',*,*,#6124,.F.);
#4785=ORIENTED_EDGE('',*,*,#6281,.T.);
#4786=ORIENTED_EDGE('',*,*,#6178,.F.);
#4787=ORIENTED_EDGE('',*,*,#6283,.F.);
#4788=ORIENTED_EDGE('',*,*,#5464,.F.);
#4789=ORIENTED_EDGE('',*,*,#6282,.T.);
#4790=ORIENTED_EDGE('',*,*,#5445,.F.);
#4791=ORIENTED_EDGE('',*,*,#6284,.F.);
#4792=ORIENTED_EDGE('',*,*,#6122,.F.);
#4793=ORIENTED_EDGE('',*,*,#6283,.T.);
#4794=ORIENTED_EDGE('',*,*,#6181,.F.);
#4795=ORIENTED_EDGE('',*,*,#6285,.F.);
#4796=ORIENTED_EDGE('',*,*,#5465,.F.);
#4797=ORIENTED_EDGE('',*,*,#6284,.T.);
#4798=ORIENTED_EDGE('',*,*,#5444,.F.);
#4799=ORIENTED_EDGE('',*,*,#6286,.F.);
#4800=ORIENTED_EDGE('',*,*,#6120,.F.);
#4801=ORIENTED_EDGE('',*,*,#6285,.T.);
#4802=ORIENTED_EDGE('',*,*,#6184,.F.);
#4803=ORIENTED_EDGE('',*,*,#6287,.F.);
#4804=ORIENTED_EDGE('',*,*,#5466,.F.);
#4805=ORIENTED_EDGE('',*,*,#6286,.T.);
#4806=ORIENTED_EDGE('',*,*,#5443,.F.);
#4807=ORIENTED_EDGE('',*,*,#6288,.F.);
#4808=ORIENTED_EDGE('',*,*,#6118,.F.);
#4809=ORIENTED_EDGE('',*,*,#6287,.T.);
#4810=ORIENTED_EDGE('',*,*,#6187,.F.);
#4811=ORIENTED_EDGE('',*,*,#6289,.F.);
#4812=ORIENTED_EDGE('',*,*,#5411,.F.);
#4813=ORIENTED_EDGE('',*,*,#6288,.T.);
#4814=ORIENTED_EDGE('',*,*,#5442,.F.);
#4815=ORIENTED_EDGE('',*,*,#6290,.F.);
#4816=ORIENTED_EDGE('',*,*,#6116,.F.);
#4817=ORIENTED_EDGE('',*,*,#6289,.T.);
#4818=ORIENTED_EDGE('',*,*,#6190,.F.);
#4819=ORIENTED_EDGE('',*,*,#6291,.F.);
#4820=ORIENTED_EDGE('',*,*,#5412,.F.);
#4821=ORIENTED_EDGE('',*,*,#6290,.T.);
#4822=ORIENTED_EDGE('',*,*,#5441,.F.);
#4823=ORIENTED_EDGE('',*,*,#6292,.F.);
#4824=ORIENTED_EDGE('',*,*,#6114,.F.);
#4825=ORIENTED_EDGE('',*,*,#6291,.T.);
#4826=ORIENTED_EDGE('',*,*,#6193,.F.);
#4827=ORIENTED_EDGE('',*,*,#6293,.F.);
#4828=ORIENTED_EDGE('',*,*,#5413,.F.);
#4829=ORIENTED_EDGE('',*,*,#6292,.T.);
#4830=ORIENTED_EDGE('',*,*,#5440,.F.);
#4831=ORIENTED_EDGE('',*,*,#6294,.F.);
#4832=ORIENTED_EDGE('',*,*,#6112,.F.);
#4833=ORIENTED_EDGE('',*,*,#6293,.T.);
#4834=ORIENTED_EDGE('',*,*,#6196,.F.);
#4835=ORIENTED_EDGE('',*,*,#6295,.F.);
#4836=ORIENTED_EDGE('',*,*,#5414,.F.);
#4837=ORIENTED_EDGE('',*,*,#6294,.T.);
#4838=ORIENTED_EDGE('',*,*,#5439,.F.);
#4839=ORIENTED_EDGE('',*,*,#6296,.F.);
#4840=ORIENTED_EDGE('',*,*,#6110,.F.);
#4841=ORIENTED_EDGE('',*,*,#6295,.T.);
#4842=ORIENTED_EDGE('',*,*,#6199,.F.);
#4843=ORIENTED_EDGE('',*,*,#6297,.F.);
#4844=ORIENTED_EDGE('',*,*,#5415,.F.);
#4845=ORIENTED_EDGE('',*,*,#6296,.T.);
#4846=ORIENTED_EDGE('',*,*,#5438,.F.);
#4847=ORIENTED_EDGE('',*,*,#6298,.F.);
#4848=ORIENTED_EDGE('',*,*,#6108,.F.);
#4849=ORIENTED_EDGE('',*,*,#6297,.T.);
#4850=ORIENTED_EDGE('',*,*,#6202,.F.);
#4851=ORIENTED_EDGE('',*,*,#6299,.F.);
#4852=ORIENTED_EDGE('',*,*,#5416,.F.);
#4853=ORIENTED_EDGE('',*,*,#6298,.T.);
#4854=ORIENTED_EDGE('',*,*,#5437,.F.);
#4855=ORIENTED_EDGE('',*,*,#6300,.F.);
#4856=ORIENTED_EDGE('',*,*,#6106,.F.);
#4857=ORIENTED_EDGE('',*,*,#6299,.T.);
#4858=ORIENTED_EDGE('',*,*,#6205,.F.);
#4859=ORIENTED_EDGE('',*,*,#6301,.F.);
#4860=ORIENTED_EDGE('',*,*,#5417,.F.);
#4861=ORIENTED_EDGE('',*,*,#6300,.T.);
#4862=ORIENTED_EDGE('',*,*,#5436,.F.);
#4863=ORIENTED_EDGE('',*,*,#6302,.F.);
#4864=ORIENTED_EDGE('',*,*,#6104,.F.);
#4865=ORIENTED_EDGE('',*,*,#6301,.T.);
#4866=ORIENTED_EDGE('',*,*,#6208,.F.);
#4867=ORIENTED_EDGE('',*,*,#6303,.F.);
#4868=ORIENTED_EDGE('',*,*,#5418,.F.);
#4869=ORIENTED_EDGE('',*,*,#6302,.T.);
#4870=ORIENTED_EDGE('',*,*,#5435,.F.);
#4871=ORIENTED_EDGE('',*,*,#6304,.F.);
#4872=ORIENTED_EDGE('',*,*,#6102,.F.);
#4873=ORIENTED_EDGE('',*,*,#6303,.T.);
#4874=ORIENTED_EDGE('',*,*,#6211,.F.);
#4875=ORIENTED_EDGE('',*,*,#6305,.F.);
#4876=ORIENTED_EDGE('',*,*,#5419,.F.);
#4877=ORIENTED_EDGE('',*,*,#6304,.T.);
#4878=ORIENTED_EDGE('',*,*,#5434,.F.);
#4879=ORIENTED_EDGE('',*,*,#6306,.F.);
#4880=ORIENTED_EDGE('',*,*,#6100,.F.);
#4881=ORIENTED_EDGE('',*,*,#6305,.T.);
#4882=ORIENTED_EDGE('',*,*,#6214,.F.);
#4883=ORIENTED_EDGE('',*,*,#6307,.F.);
#4884=ORIENTED_EDGE('',*,*,#5420,.F.);
#4885=ORIENTED_EDGE('',*,*,#6306,.T.);
#4886=ORIENTED_EDGE('',*,*,#5433,.F.);
#4887=ORIENTED_EDGE('',*,*,#6308,.F.);
#4888=ORIENTED_EDGE('',*,*,#6098,.F.);
#4889=ORIENTED_EDGE('',*,*,#6307,.T.);
#4890=ORIENTED_EDGE('',*,*,#6217,.F.);
#4891=ORIENTED_EDGE('',*,*,#6309,.F.);
#4892=ORIENTED_EDGE('',*,*,#5421,.F.);
#4893=ORIENTED_EDGE('',*,*,#6308,.T.);
#4894=ORIENTED_EDGE('',*,*,#5432,.F.);
#4895=ORIENTED_EDGE('',*,*,#6310,.F.);
#4896=ORIENTED_EDGE('',*,*,#6096,.F.);
#4897=ORIENTED_EDGE('',*,*,#6309,.T.);
#4898=ORIENTED_EDGE('',*,*,#6220,.F.);
#4899=ORIENTED_EDGE('',*,*,#6311,.F.);
#4900=ORIENTED_EDGE('',*,*,#5422,.F.);
#4901=ORIENTED_EDGE('',*,*,#6310,.T.);
#4902=ORIENTED_EDGE('',*,*,#5431,.F.);
#4903=ORIENTED_EDGE('',*,*,#6312,.F.);
#4904=ORIENTED_EDGE('',*,*,#6094,.F.);
#4905=ORIENTED_EDGE('',*,*,#6311,.T.);
#4906=ORIENTED_EDGE('',*,*,#6222,.F.);
#4907=ORIENTED_EDGE('',*,*,#6313,.F.);
#4908=ORIENTED_EDGE('',*,*,#5423,.F.);
#4909=ORIENTED_EDGE('',*,*,#6312,.T.);
#4910=ORIENTED_EDGE('',*,*,#5430,.F.);
#4911=ORIENTED_EDGE('',*,*,#6314,.F.);
#4912=ORIENTED_EDGE('',*,*,#6092,.F.);
#4913=ORIENTED_EDGE('',*,*,#6313,.T.);
#4914=ORIENTED_EDGE('',*,*,#6143,.F.);
#4915=ORIENTED_EDGE('',*,*,#6315,.F.);
#4916=ORIENTED_EDGE('',*,*,#5424,.F.);
#4917=ORIENTED_EDGE('',*,*,#6314,.T.);
#4918=ORIENTED_EDGE('',*,*,#5429,.F.);
#4919=ORIENTED_EDGE('',*,*,#6316,.F.);
#4920=ORIENTED_EDGE('',*,*,#6090,.F.);
#4921=ORIENTED_EDGE('',*,*,#6315,.T.);
#4922=ORIENTED_EDGE('',*,*,#6147,.F.);
#4923=ORIENTED_EDGE('',*,*,#6317,.F.);
#4924=ORIENTED_EDGE('',*,*,#5425,.F.);
#4925=ORIENTED_EDGE('',*,*,#6316,.T.);
#4926=ORIENTED_EDGE('',*,*,#5428,.F.);
#4927=ORIENTED_EDGE('',*,*,#6318,.F.);
#4928=ORIENTED_EDGE('',*,*,#6085,.F.);
#4929=ORIENTED_EDGE('',*,*,#6317,.T.);
#4930=ORIENTED_EDGE('',*,*,#6149,.F.);
#4931=ORIENTED_EDGE('',*,*,#6319,.F.);
#4932=ORIENTED_EDGE('',*,*,#5426,.F.);
#4933=ORIENTED_EDGE('',*,*,#6318,.T.);
#4934=ORIENTED_EDGE('',*,*,#5427,.F.);
#4935=ORIENTED_EDGE('',*,*,#6319,.T.);
#4936=ORIENTED_EDGE('',*,*,#5499,.F.);
#4937=ORIENTED_EDGE('',*,*,#6153,.F.);
#4938=ORIENTED_EDGE('',*,*,#5494,.F.);
#4939=ORIENTED_EDGE('',*,*,#6320,.F.);
#4940=ORIENTED_EDGE('',*,*,#6321,.F.);
#4941=ORIENTED_EDGE('',*,*,#6320,.T.);
#4942=ORIENTED_EDGE('',*,*,#5493,.F.);
#4943=ORIENTED_EDGE('',*,*,#6322,.F.);
#4944=ORIENTED_EDGE('',*,*,#6234,.F.);
#4945=ORIENTED_EDGE('',*,*,#6321,.T.);
#4946=ORIENTED_EDGE('',*,*,#6237,.F.);
#4947=ORIENTED_EDGE('',*,*,#6323,.F.);
#4948=ORIENTED_EDGE('',*,*,#6154,.F.);
#4949=ORIENTED_EDGE('',*,*,#5394,.F.);
#4950=ORIENTED_EDGE('',*,*,#5405,.F.);
#4951=ORIENTED_EDGE('',*,*,#6324,.F.);
#4952=ORIENTED_EDGE('',*,*,#6322,.T.);
#4953=ORIENTED_EDGE('',*,*,#5492,.F.);
#4954=ORIENTED_EDGE('',*,*,#5402,.T.);
#4955=ORIENTED_EDGE('',*,*,#5359,.F.);
#4956=ORIENTED_EDGE('',*,*,#6155,.F.);
#4957=ORIENTED_EDGE('',*,*,#6323,.T.);
#4958=ORIENTED_EDGE('',*,*,#6325,.F.);
#4959=ORIENTED_EDGE('',*,*,#5501,.F.);
#4960=ORIENTED_EDGE('',*,*,#6324,.T.);
#4961=ORIENTED_EDGE('',*,*,#5404,.F.);
#4962=ORIENTED_EDGE('',*,*,#6326,.F.);
#4963=ORIENTED_EDGE('',*,*,#6235,.F.);
#4964=ORIENTED_EDGE('',*,*,#6325,.T.);
#4965=ORIENTED_EDGE('',*,*,#6236,.F.);
#4966=ORIENTED_EDGE('',*,*,#6327,.F.);
#4967=ORIENTED_EDGE('',*,*,#5502,.F.);
#4968=ORIENTED_EDGE('',*,*,#5403,.F.);
#4969=ORIENTED_EDGE('',*,*,#5389,.F.);
#4970=ORIENTED_EDGE('',*,*,#5991,.T.);
#4971=ORIENTED_EDGE('',*,*,#6086,.F.);
#4972=ORIENTED_EDGE('',*,*,#5497,.F.);
#4973=ORIENTED_EDGE('',*,*,#6327,.T.);
#4974=ORIENTED_EDGE('',*,*,#6326,.T.);
#4975=ORIENTED_EDGE('',*,*,#5999,.F.);
#4976=ORIENTED_EDGE('',*,*,#5517,.F.);
#4977=ORIENTED_EDGE('',*,*,#6328,.F.);
#4978=ORIENTED_EDGE('',*,*,#5513,.F.);
#4979=ORIENTED_EDGE('',*,*,#6260,.F.);
#4980=ORIENTED_EDGE('',*,*,#6328,.T.);
#4981=ORIENTED_EDGE('',*,*,#6261,.F.);
#4982=ORIENTED_EDGE('',*,*,#5350,.T.);
#4983=ORIENTED_EDGE('',*,*,#5996,.F.);
#4984=ORIENTED_EDGE('',*,*,#5484,.F.);
#4985=ORIENTED_EDGE('',*,*,#6329,.F.);
#4986=ORIENTED_EDGE('',*,*,#5478,.F.);
#4987=ORIENTED_EDGE('',*,*,#6262,.F.);
#4988=ORIENTED_EDGE('',*,*,#6329,.T.);
#4989=ORIENTED_EDGE('',*,*,#6263,.F.);
#4990=ORIENTED_EDGE('',*,*,#5354,.T.);
#4991=ORIENTED_EDGE('',*,*,#6228,.F.);
#4992=ORIENTED_EDGE('',*,*,#5085,.T.);
#4993=ORIENTED_EDGE('',*,*,#6229,.F.);
#4994=ORIENTED_EDGE('',*,*,#6060,.F.);
#4995=ORIENTED_EDGE('',*,*,#6251,.F.);
#4996=ORIENTED_EDGE('',*,*,#5088,.T.);
#4997=ORIENTED_EDGE('',*,*,#6254,.F.);
#4998=ORIENTED_EDGE('',*,*,#6255,.F.);
#4999=ORIENTED_EDGE('',*,*,#5109,.T.);
#5000=ORIENTED_EDGE('',*,*,#6253,.F.);
#5001=ORIENTED_EDGE('',*,*,#6225,.F.);
#5002=ORIENTED_EDGE('',*,*,#5075,.T.);
#5003=ORIENTED_EDGE('',*,*,#6233,.F.);
#5004=ORIENTED_EDGE('',*,*,#6057,.F.);
#5005=ORIENTED_EDGE('',*,*,#6252,.F.);
#5006=ORIENTED_EDGE('',*,*,#5104,.T.);
#5007=ORIENTED_EDGE('',*,*,#6250,.F.);
#5008=ORIENTED_EDGE('',*,*,#6226,.F.);
#5009=ORIENTED_EDGE('',*,*,#5071,.T.);
#5010=ORIENTED_EDGE('',*,*,#6231,.F.);
#5011=ORIENTED_EDGE('',*,*,#5490,.F.);
#5012=ORIENTED_EDGE('',*,*,#5065,.T.);
#5013=ORIENTED_EDGE('',*,*,#5486,.F.);
#5014=ORIENTED_EDGE('',*,*,#6027,.F.);
#5015=ORIENTED_EDGE('',*,*,#5507,.F.);
#5016=ORIENTED_EDGE('',*,*,#5059,.T.);
#5017=ORIENTED_EDGE('',*,*,#5504,.F.);
#5018=ORIENTED_EDGE('',*,*,#6001,.F.);
#5019=ORIENTED_EDGE('',*,*,#5511,.F.);
#5020=ORIENTED_EDGE('',*,*,#5053,.T.);
#5021=ORIENTED_EDGE('',*,*,#5509,.F.);
#5022=ORIENTED_EDGE('',*,*,#6000,.F.);
#5023=ORIENTED_EDGE('',*,*,#5488,.F.);
#5024=ORIENTED_EDGE('',*,*,#5047,.T.);
#5025=ORIENTED_EDGE('',*,*,#5482,.F.);
#5026=ORIENTED_EDGE('',*,*,#6028,.F.);
#5027=ORIENTED_EDGE('',*,*,#5480,.F.);
#5028=ORIENTED_EDGE('',*,*,#5041,.T.);
#5029=ORIENTED_EDGE('',*,*,#5954,.F.);
#5030=ORIENTED_EDGE('',*,*,#5997,.F.);
#5031=ORIENTED_EDGE('',*,*,#5956,.F.);
#5032=ORIENTED_EDGE('',*,*,#5035,.T.);
#5033=ORIENTED_EDGE('',*,*,#5515,.F.);
#5034=ORIENTED_EDGE('',*,*,#5998,.F.);
#5035=EDGE_CURVE('',#6330,#6331,#7173,.T.);
#5036=EDGE_CURVE('',#6332,#6330,#7174,.F.);
#5037=EDGE_CURVE('',#6333,#6332,#7175,.F.);
#5038=EDGE_CURVE('',#6333,#6334,#7176,.T.);
#5039=EDGE_CURVE('',#6335,#6334,#7177,.T.);
#5040=EDGE_CURVE('',#6331,#6335,#7178,.T.);
#5041=EDGE_CURVE('',#6336,#6337,#7179,.T.);
#5042=EDGE_CURVE('',#6338,#6336,#7180,.F.);
#5043=EDGE_CURVE('',#6339,#6338,#7181,.F.);
#5044=EDGE_CURVE('',#6339,#6340,#7182,.T.);
#5045=EDGE_CURVE('',#6341,#6340,#7183,.T.);
#5046=EDGE_CURVE('',#6337,#6341,#7184,.T.);
#5047=EDGE_CURVE('',#6342,#6343,#7185,.T.);
#5048=EDGE_CURVE('',#6344,#6342,#7186,.F.);
#5049=EDGE_CURVE('',#6345,#6344,#7187,.F.);
#5050=EDGE_CURVE('',#6345,#6346,#7188,.T.);
#5051=EDGE_CURVE('',#6347,#6346,#7189,.T.);
#5052=EDGE_CURVE('',#6343,#6347,#7190,.T.);
#5053=EDGE_CURVE('',#6348,#6349,#7191,.T.);
#5054=EDGE_CURVE('',#6350,#6348,#7192,.F.);
#5055=EDGE_CURVE('',#6351,#6350,#7193,.F.);
#5056=EDGE_CURVE('',#6351,#6352,#7194,.T.);
#5057=EDGE_CURVE('',#6353,#6352,#7195,.T.);
#5058=EDGE_CURVE('',#6349,#6353,#7196,.T.);
#5059=EDGE_CURVE('',#6354,#6355,#7197,.T.);
#5060=EDGE_CURVE('',#6356,#6354,#7198,.F.);
#5061=EDGE_CURVE('',#6357,#6356,#7199,.F.);
#5062=EDGE_CURVE('',#6357,#6358,#7200,.T.);
#5063=EDGE_CURVE('',#6359,#6358,#7201,.T.);
#5064=EDGE_CURVE('',#6355,#6359,#7202,.T.);
#5065=EDGE_CURVE('',#6360,#6361,#7203,.T.);
#5066=EDGE_CURVE('',#6362,#6360,#7204,.F.);
#5067=EDGE_CURVE('',#6363,#6362,#7205,.F.);
#5068=EDGE_CURVE('',#6363,#6364,#7206,.T.);
#5069=EDGE_CURVE('',#6365,#6364,#7207,.T.);
#5070=EDGE_CURVE('',#6361,#6365,#7208,.T.);
#5071=EDGE_CURVE('',#6366,#6367,#7209,.T.);
#5072=EDGE_CURVE('',#6368,#6366,#709,.T.);
#5073=EDGE_CURVE('',#6369,#6368,#283,.F.);
#5074=EDGE_CURVE('',#6367,#6369,#710,.F.);
#5075=EDGE_CURVE('',#6370,#6371,#7210,.T.);
#5076=EDGE_CURVE('',#6372,#6370,#7211,.F.);
#5077=EDGE_CURVE('',#6373,#6372,#7212,.F.);
#5078=EDGE_CURVE('',#6373,#6374,#7213,.T.);
#5079=EDGE_CURVE('',#6375,#6374,#7214,.T.);
#5080=EDGE_CURVE('',#6371,#6375,#7215,.T.);
#5081=EDGE_CURVE('',#6376,#6377,#7216,.F.);
#5082=EDGE_CURVE('',#6378,#6376,#711,.T.);
#5083=EDGE_CURVE('',#6379,#6378,#284,.F.);
#5084=EDGE_CURVE('',#6377,#6379,#712,.F.);
#5085=EDGE_CURVE('',#6380,#6381,#7217,.T.);
#5086=EDGE_CURVE('',#6382,#6380,#7218,.F.);
#5087=EDGE_CURVE('',#6383,#6382,#7219,.F.);
#5088=EDGE_CURVE('',#6384,#6383,#7220,.F.);
#5089=EDGE_CURVE('',#6385,#6384,#7221,.T.);
#5090=EDGE_CURVE('',#6381,#6385,#7222,.T.);
#5091=EDGE_CURVE('',#6386,#6333,#231,.T.);
#5092=EDGE_CURVE('',#6334,#6386,#232,.F.);
#5093=EDGE_CURVE('',#6387,#6339,#233,.T.);
#5094=EDGE_CURVE('',#6340,#6387,#234,.F.);
#5095=EDGE_CURVE('',#6388,#6345,#235,.T.);
#5096=EDGE_CURVE('',#6346,#6388,#236,.F.);
#5097=EDGE_CURVE('',#6389,#6351,#237,.T.);
#5098=EDGE_CURVE('',#6352,#6389,#238,.F.);
#5099=EDGE_CURVE('',#6390,#6357,#239,.T.);
#5100=EDGE_CURVE('',#6391,#6390,#7223,.T.);
#5101=EDGE_CURVE('',#6358,#6391,#240,.F.);
#5102=EDGE_CURVE('',#6392,#6363,#241,.T.);
#5103=EDGE_CURVE('',#6364,#6392,#242,.F.);
#5104=EDGE_CURVE('',#6393,#6394,#7224,.F.);
#5105=EDGE_CURVE('',#6395,#6393,#243,.T.);
#5106=EDGE_CURVE('',#6394,#6395,#244,.F.);
#5107=EDGE_CURVE('',#6396,#6373,#245,.T.);
#5108=EDGE_CURVE('',#6374,#6396,#246,.F.);
#5109=EDGE_CURVE('',#6397,#6398,#7225,.F.);
#5110=EDGE_CURVE('',#6399,#6397,#7226,.T.);
#5111=EDGE_CURVE('',#6376,#6399,#7227,.T.);
#5112=EDGE_CURVE('',#6400,#6377,#7228,.F.);
#5113=EDGE_CURVE('',#6398,#6400,#7229,.F.);
#5114=EDGE_CURVE('',#6401,#6402,#713,.T.);
#5115=EDGE_CURVE('',#6402,#6403,#714,.T.);
#5116=EDGE_CURVE('',#6403,#6404,#715,.T.);
#5117=EDGE_CURVE('',#6404,#6401,#716,.T.);
#5118=EDGE_CURVE('',#6405,#6406,#717,.T.);
#5119=EDGE_CURVE('',#6407,#6405,#285,.T.);
#5120=EDGE_CURVE('',#6408,#6407,#718,.T.);
#5121=EDGE_CURVE('',#6409,#6408,#286,.T.);
#5122=EDGE_CURVE('',#6410,#6409,#719,.T.);
#5123=EDGE_CURVE('',#6411,#6410,#287,.T.);
#5124=EDGE_CURVE('',#6412,#6411,#720,.T.);
#5125=EDGE_CURVE('',#6406,#6412,#288,.T.);
#5126=EDGE_CURVE('',#6413,#6414,#721,.T.);
#5127=EDGE_CURVE('',#6415,#6413,#289,.T.);
#5128=EDGE_CURVE('',#6416,#6415,#722,.T.);
#5129=EDGE_CURVE('',#6417,#6416,#290,.T.);
#5130=EDGE_CURVE('',#6418,#6417,#723,.T.);
#5131=EDGE_CURVE('',#6419,#6418,#291,.T.);
#5132=EDGE_CURVE('',#6420,#6419,#724,.T.);
#5133=EDGE_CURVE('',#6414,#6420,#292,.T.);
#5134=EDGE_CURVE('',#6421,#6422,#725,.T.);
#5135=EDGE_CURVE('',#6423,#6421,#293,.T.);
#5136=EDGE_CURVE('',#6424,#6423,#726,.T.);
#5137=EDGE_CURVE('',#6425,#6424,#294,.T.);
#5138=EDGE_CURVE('',#6426,#6425,#727,.T.);
#5139=EDGE_CURVE('',#6427,#6426,#295,.T.);
#5140=EDGE_CURVE('',#6428,#6427,#728,.T.);
#5141=EDGE_CURVE('',#6422,#6428,#296,.T.);
#5142=EDGE_CURVE('',#6429,#6430,#729,.T.);
#5143=EDGE_CURVE('',#6431,#6429,#297,.T.);
#5144=EDGE_CURVE('',#6432,#6431,#730,.T.);
#5145=EDGE_CURVE('',#6433,#6432,#298,.T.);
#5146=EDGE_CURVE('',#6434,#6433,#731,.T.);
#5147=EDGE_CURVE('',#6435,#6434,#299,.T.);
#5148=EDGE_CURVE('',#6436,#6435,#732,.T.);
#5149=EDGE_CURVE('',#6430,#6436,#300,.T.);
#5150=EDGE_CURVE('',#6437,#6438,#733,.T.);
#5151=EDGE_CURVE('',#6439,#6437,#301,.T.);
#5152=EDGE_CURVE('',#6440,#6439,#734,.T.);
#5153=EDGE_CURVE('',#6441,#6440,#302,.T.);
#5154=EDGE_CURVE('',#6442,#6441,#735,.T.);
#5155=EDGE_CURVE('',#6443,#6442,#303,.T.);
#5156=EDGE_CURVE('',#6444,#6443,#736,.T.);
#5157=EDGE_CURVE('',#6438,#6444,#304,.T.);
#5158=EDGE_CURVE('',#6445,#6446,#305,.T.);
#5159=EDGE_CURVE('',#6447,#6445,#737,.T.);
#5160=EDGE_CURVE('',#6448,#6447,#306,.T.);
#5161=EDGE_CURVE('',#6449,#6448,#738,.T.);
#5162=EDGE_CURVE('',#6450,#6449,#307,.T.);
#5163=EDGE_CURVE('',#6451,#6450,#739,.T.);
#5164=EDGE_CURVE('',#6452,#6451,#308,.T.);
#5165=EDGE_CURVE('',#6446,#6452,#740,.T.);
#5166=EDGE_CURVE('',#6453,#6454,#309,.T.);
#5167=EDGE_CURVE('',#6455,#6453,#741,.T.);
#5168=EDGE_CURVE('',#6456,#6455,#310,.T.);
#5169=EDGE_CURVE('',#6457,#6456,#742,.T.);
#5170=EDGE_CURVE('',#6458,#6457,#311,.T.);
#5171=EDGE_CURVE('',#6459,#6458,#743,.T.);
#5172=EDGE_CURVE('',#6460,#6459,#312,.T.);
#5173=EDGE_CURVE('',#6454,#6460,#744,.T.);
#5174=EDGE_CURVE('',#6461,#6462,#745,.T.);
#5175=EDGE_CURVE('',#6463,#6461,#313,.T.);
#5176=EDGE_CURVE('',#6464,#6463,#746,.T.);
#5177=EDGE_CURVE('',#6465,#6464,#314,.T.);
#5178=EDGE_CURVE('',#6466,#6465,#747,.T.);
#5179=EDGE_CURVE('',#6467,#6466,#315,.T.);
#5180=EDGE_CURVE('',#6468,#6467,#748,.T.);
#5181=EDGE_CURVE('',#6462,#6468,#316,.T.);
#5182=EDGE_CURVE('',#6469,#6470,#749,.T.);
#5183=EDGE_CURVE('',#6471,#6469,#317,.T.);
#5184=EDGE_CURVE('',#6472,#6471,#750,.T.);
#5185=EDGE_CURVE('',#6473,#6472,#318,.T.);
#5186=EDGE_CURVE('',#6474,#6473,#751,.T.);
#5187=EDGE_CURVE('',#6475,#6474,#319,.T.);
#5188=EDGE_CURVE('',#6476,#6475,#752,.T.);
#5189=EDGE_CURVE('',#6470,#6476,#320,.T.);
#5190=EDGE_CURVE('',#6477,#6478,#753,.T.);
#5191=EDGE_CURVE('',#6479,#6477,#321,.T.);
#5192=EDGE_CURVE('',#6480,#6479,#754,.T.);
#5193=EDGE_CURVE('',#6481,#6480,#322,.T.);
#5194=EDGE_CURVE('',#6482,#6481,#755,.T.);
#5195=EDGE_CURVE('',#6483,#6482,#323,.T.);
#5196=EDGE_CURVE('',#6484,#6483,#756,.T.);
#5197=EDGE_CURVE('',#6478,#6484,#324,.T.);
#5198=EDGE_CURVE('',#6485,#6486,#757,.T.);
#5199=EDGE_CURVE('',#6487,#6485,#325,.T.);
#5200=EDGE_CURVE('',#6488,#6487,#758,.T.);
#5201=EDGE_CURVE('',#6489,#6488,#326,.T.);
#5202=EDGE_CURVE('',#6490,#6489,#759,.T.);
#5203=EDGE_CURVE('',#6491,#6490,#327,.T.);
#5204=EDGE_CURVE('',#6492,#6491,#760,.T.);
#5205=EDGE_CURVE('',#6486,#6492,#328,.T.);
#5206=EDGE_CURVE('',#6493,#6494,#761,.T.);
#5207=EDGE_CURVE('',#6495,#6493,#329,.T.);
#5208=EDGE_CURVE('',#6496,#6495,#762,.T.);
#5209=EDGE_CURVE('',#6497,#6496,#330,.T.);
#5210=EDGE_CURVE('',#6498,#6497,#763,.T.);
#5211=EDGE_CURVE('',#6499,#6498,#331,.T.);
#5212=EDGE_CURVE('',#6500,#6499,#764,.T.);
#5213=EDGE_CURVE('',#6494,#6500,#332,.T.);
#5214=EDGE_CURVE('',#6501,#6502,#765,.T.);
#5215=EDGE_CURVE('',#6503,#6501,#333,.T.);
#5216=EDGE_CURVE('',#6504,#6503,#766,.T.);
#5217=EDGE_CURVE('',#6505,#6504,#334,.T.);
#5218=EDGE_CURVE('',#6506,#6505,#767,.T.);
#5219=EDGE_CURVE('',#6507,#6506,#335,.T.);
#5220=EDGE_CURVE('',#6508,#6507,#768,.T.);
#5221=EDGE_CURVE('',#6502,#6508,#336,.T.);
#5222=EDGE_CURVE('',#6509,#6510,#337,.T.);
#5223=EDGE_CURVE('',#6511,#6509,#769,.T.);
#5224=EDGE_CURVE('',#6512,#6511,#338,.T.);
#5225=EDGE_CURVE('',#6513,#6512,#770,.T.);
#5226=EDGE_CURVE('',#6514,#6513,#339,.T.);
#5227=EDGE_CURVE('',#6515,#6514,#771,.T.);
#5228=EDGE_CURVE('',#6516,#6515,#340,.T.);
#5229=EDGE_CURVE('',#6510,#6516,#772,.T.);
#5230=EDGE_CURVE('',#6517,#6518,#773,.T.);
#5231=EDGE_CURVE('',#6519,#6517,#341,.T.);
#5232=EDGE_CURVE('',#6520,#6519,#774,.T.);
#5233=EDGE_CURVE('',#6521,#6520,#342,.T.);
#5234=EDGE_CURVE('',#6522,#6521,#775,.T.);
#5235=EDGE_CURVE('',#6523,#6522,#343,.T.);
#5236=EDGE_CURVE('',#6524,#6523,#776,.T.);
#5237=EDGE_CURVE('',#6518,#6524,#344,.T.);
#5238=EDGE_CURVE('',#6525,#6526,#345,.T.);
#5239=EDGE_CURVE('',#6527,#6525,#777,.T.);
#5240=EDGE_CURVE('',#6528,#6527,#346,.T.);
#5241=EDGE_CURVE('',#6529,#6528,#778,.T.);
#5242=EDGE_CURVE('',#6530,#6529,#347,.T.);
#5243=EDGE_CURVE('',#6531,#6530,#779,.T.);
#5244=EDGE_CURVE('',#6532,#6531,#348,.T.);
#5245=EDGE_CURVE('',#6526,#6532,#780,.T.);
#5246=EDGE_CURVE('',#6533,#6534,#781,.T.);
#5247=EDGE_CURVE('',#6535,#6533,#349,.T.);
#5248=EDGE_CURVE('',#6536,#6535,#782,.T.);
#5249=EDGE_CURVE('',#6537,#6536,#350,.T.);
#5250=EDGE_CURVE('',#6538,#6537,#783,.T.);
#5251=EDGE_CURVE('',#6539,#6538,#351,.T.);
#5252=EDGE_CURVE('',#6540,#6539,#784,.T.);
#5253=EDGE_CURVE('',#6534,#6540,#352,.T.);
#5254=EDGE_CURVE('',#6541,#6542,#353,.T.);
#5255=EDGE_CURVE('',#6543,#6541,#785,.T.);
#5256=EDGE_CURVE('',#6544,#6543,#354,.T.);
#5257=EDGE_CURVE('',#6545,#6544,#786,.T.);
#5258=EDGE_CURVE('',#6546,#6545,#355,.T.);
#5259=EDGE_CURVE('',#6547,#6546,#787,.T.);
#5260=EDGE_CURVE('',#6548,#6547,#356,.T.);
#5261=EDGE_CURVE('',#6542,#6548,#788,.T.);
#5262=EDGE_CURVE('',#6549,#6550,#789,.T.);
#5263=EDGE_CURVE('',#6551,#6549,#357,.T.);
#5264=EDGE_CURVE('',#6552,#6551,#790,.T.);
#5265=EDGE_CURVE('',#6553,#6552,#358,.T.);
#5266=EDGE_CURVE('',#6554,#6553,#791,.T.);
#5267=EDGE_CURVE('',#6555,#6554,#359,.T.);
#5268=EDGE_CURVE('',#6556,#6555,#792,.T.);
#5269=EDGE_CURVE('',#6550,#6556,#360,.T.);
#5270=EDGE_CURVE('',#6557,#6558,#793,.T.);
#5271=EDGE_CURVE('',#6559,#6557,#361,.T.);
#5272=EDGE_CURVE('',#6560,#6559,#794,.T.);
#5273=EDGE_CURVE('',#6561,#6560,#362,.T.);
#5274=EDGE_CURVE('',#6562,#6561,#795,.T.);
#5275=EDGE_CURVE('',#6563,#6562,#363,.T.);
#5276=EDGE_CURVE('',#6564,#6563,#796,.T.);
#5277=EDGE_CURVE('',#6558,#6564,#364,.T.);
#5278=EDGE_CURVE('',#6565,#6566,#797,.T.);
#5279=EDGE_CURVE('',#6567,#6565,#365,.T.);
#5280=EDGE_CURVE('',#6568,#6567,#798,.T.);
#5281=EDGE_CURVE('',#6569,#6568,#366,.T.);
#5282=EDGE_CURVE('',#6570,#6569,#799,.T.);
#5283=EDGE_CURVE('',#6571,#6570,#367,.T.);
#5284=EDGE_CURVE('',#6572,#6571,#800,.T.);
#5285=EDGE_CURVE('',#6566,#6572,#368,.T.);
#5286=EDGE_CURVE('',#6573,#6574,#801,.T.);
#5287=EDGE_CURVE('',#6575,#6573,#369,.T.);
#5288=EDGE_CURVE('',#6576,#6575,#802,.T.);
#5289=EDGE_CURVE('',#6577,#6576,#370,.T.);
#5290=EDGE_CURVE('',#6578,#6577,#803,.T.);
#5291=EDGE_CURVE('',#6579,#6578,#371,.T.);
#5292=EDGE_CURVE('',#6580,#6579,#804,.T.);
#5293=EDGE_CURVE('',#6574,#6580,#372,.T.);
#5294=EDGE_CURVE('',#6581,#6582,#373,.T.);
#5295=EDGE_CURVE('',#6583,#6581,#805,.T.);
#5296=EDGE_CURVE('',#6584,#6583,#374,.T.);
#5297=EDGE_CURVE('',#6585,#6584,#806,.T.);
#5298=EDGE_CURVE('',#6586,#6585,#375,.T.);
#5299=EDGE_CURVE('',#6587,#6586,#807,.T.);
#5300=EDGE_CURVE('',#6588,#6587,#376,.T.);
#5301=EDGE_CURVE('',#6582,#6588,#808,.T.);
#5302=EDGE_CURVE('',#6589,#6590,#809,.T.);
#5303=EDGE_CURVE('',#6591,#6589,#377,.T.);
#5304=EDGE_CURVE('',#6592,#6591,#810,.T.);
#5305=EDGE_CURVE('',#6593,#6592,#378,.T.);
#5306=EDGE_CURVE('',#6594,#6593,#811,.T.);
#5307=EDGE_CURVE('',#6595,#6594,#379,.T.);
#5308=EDGE_CURVE('',#6596,#6595,#812,.T.);
#5309=EDGE_CURVE('',#6590,#6596,#380,.T.);
#5310=EDGE_CURVE('',#6597,#6598,#813,.T.);
#5311=EDGE_CURVE('',#6599,#6597,#381,.T.);
#5312=EDGE_CURVE('',#6600,#6599,#814,.T.);
#5313=EDGE_CURVE('',#6601,#6600,#382,.T.);
#5314=EDGE_CURVE('',#6602,#6601,#815,.T.);
#5315=EDGE_CURVE('',#6603,#6602,#383,.T.);
#5316=EDGE_CURVE('',#6604,#6603,#816,.T.);
#5317=EDGE_CURVE('',#6598,#6604,#384,.T.);
#5318=EDGE_CURVE('',#6605,#6606,#385,.T.);
#5319=EDGE_CURVE('',#6607,#6605,#817,.T.);
#5320=EDGE_CURVE('',#6608,#6607,#386,.T.);
#5321=EDGE_CURVE('',#6609,#6608,#818,.T.);
#5322=EDGE_CURVE('',#6610,#6609,#387,.T.);
#5323=EDGE_CURVE('',#6611,#6610,#819,.T.);
#5324=EDGE_CURVE('',#6612,#6611,#388,.T.);
#5325=EDGE_CURVE('',#6606,#6612,#820,.T.);
#5326=EDGE_CURVE('',#6613,#6614,#821,.T.);
#5327=EDGE_CURVE('',#6615,#6613,#389,.T.);
#5328=EDGE_CURVE('',#6616,#6615,#822,.T.);
#5329=EDGE_CURVE('',#6617,#6616,#390,.T.);
#5330=EDGE_CURVE('',#6618,#6617,#823,.T.);
#5331=EDGE_CURVE('',#6619,#6618,#391,.T.);
#5332=EDGE_CURVE('',#6620,#6619,#824,.T.);
#5333=EDGE_CURVE('',#6614,#6620,#392,.T.);
#5334=EDGE_CURVE('',#6621,#6622,#825,.T.);
#5335=EDGE_CURVE('',#6623,#6621,#393,.T.);
#5336=EDGE_CURVE('',#6624,#6623,#826,.T.);
#5337=EDGE_CURVE('',#6625,#6624,#394,.T.);
#5338=EDGE_CURVE('',#6626,#6625,#827,.T.);
#5339=EDGE_CURVE('',#6627,#6626,#395,.T.);
#5340=EDGE_CURVE('',#6628,#6627,#828,.T.);
#5341=EDGE_CURVE('',#6622,#6628,#396,.T.);
#5342=EDGE_CURVE('',#6629,#6630,#829,.T.);
#5343=EDGE_CURVE('',#6631,#6629,#397,.T.);
#5344=EDGE_CURVE('',#6632,#6631,#830,.T.);
#5345=EDGE_CURVE('',#6633,#6632,#398,.T.);
#5346=EDGE_CURVE('',#6634,#6633,#831,.T.);
#5347=EDGE_CURVE('',#6635,#6634,#399,.T.);
#5348=EDGE_CURVE('',#6636,#6635,#832,.T.);
#5349=EDGE_CURVE('',#6630,#6636,#400,.T.);
#5350=EDGE_CURVE('',#6637,#6638,#401,.F.);
#5351=EDGE_CURVE('',#6637,#6386,#833,.T.);
#5352=EDGE_CURVE('',#6386,#6387,#834,.T.);
#5353=EDGE_CURVE('',#6387,#6639,#835,.T.);
#5354=EDGE_CURVE('',#6640,#6639,#402,.F.);
#5355=EDGE_CURVE('',#6640,#6388,#836,.T.);
#5356=EDGE_CURVE('',#6388,#6392,#837,.T.);
#5357=EDGE_CURVE('',#6392,#6641,#838,.T.);
#5358=EDGE_CURVE('',#6641,#6642,#839,.T.);
#5359=EDGE_CURVE('',#6642,#6643,#7230,.F.);
#5360=EDGE_CURVE('',#6644,#6643,#840,.T.);
#5361=EDGE_CURVE('',#6644,#6645,#403,.T.);
#5362=EDGE_CURVE('',#6646,#6645,#841,.T.);
#5363=EDGE_CURVE('',#6646,#6647,#404,.T.);
#5364=EDGE_CURVE('',#6648,#6647,#842,.T.);
#5365=EDGE_CURVE('',#6648,#6649,#405,.T.);
#5366=EDGE_CURVE('',#6650,#6649,#843,.T.);
#5367=EDGE_CURVE('',#6650,#6651,#406,.T.);
#5368=EDGE_CURVE('',#6652,#6651,#844,.T.);
#5369=EDGE_CURVE('',#6652,#6653,#407,.T.);
#5370=EDGE_CURVE('',#6654,#6653,#845,.T.);
#5371=EDGE_CURVE('',#6655,#6654,#408,.T.);
#5372=EDGE_CURVE('',#6656,#6655,#846,.T.);
#5373=EDGE_CURVE('',#6657,#6656,#409,.T.);
#5374=EDGE_CURVE('',#6658,#6657,#847,.T.);
#5375=EDGE_CURVE('',#6658,#6659,#410,.T.);
#5376=EDGE_CURVE('',#6660,#6659,#848,.T.);
#5377=EDGE_CURVE('',#6660,#6661,#411,.T.);
#5378=EDGE_CURVE('',#6662,#6661,#849,.T.);
#5379=EDGE_CURVE('',#6662,#6663,#412,.T.);
#5380=EDGE_CURVE('',#6664,#6663,#850,.T.);
#5381=EDGE_CURVE('',#6665,#6664,#413,.T.);
#5382=EDGE_CURVE('',#6666,#6665,#851,.T.);
#5383=EDGE_CURVE('',#6666,#6667,#414,.T.);
#5384=EDGE_CURVE('',#6668,#6667,#852,.T.);
#5385=EDGE_CURVE('',#6668,#6669,#415,.T.);
#5386=EDGE_CURVE('',#6669,#6389,#853,.T.);
#5387=EDGE_CURVE('',#6389,#6638,#854,.T.);
#5388=EDGE_CURVE('',#6670,#6671,#855,.T.);
#5389=EDGE_CURVE('',#6671,#6672,#247,.F.);
#5390=EDGE_CURVE('',#6672,#6673,#856,.T.);
#5391=EDGE_CURVE('',#6674,#6673,#857,.T.);
#5392=EDGE_CURVE('',#6675,#6674,#858,.T.);
#5393=EDGE_CURVE('',#6675,#6670,#416,.T.);
#5394=EDGE_CURVE('',#6676,#6642,#248,.T.);
#5395=EDGE_CURVE('',#6641,#6677,#417,.F.);
#5396=EDGE_CURVE('',#6677,#6678,#859,.T.);
#5397=EDGE_CURVE('',#6678,#6679,#860,.T.);
#5398=EDGE_CURVE('',#6676,#6679,#861,.T.);
#5399=EDGE_CURVE('',#6680,#6681,#862,.T.);
#5400=EDGE_CURVE('',#6681,#6682,#863,.F.);
#5401=EDGE_CURVE('',#6644,#6682,#864,.T.);
#5402=EDGE_CURVE('',#6680,#6643,#7231,.F.);
#5403=EDGE_CURVE('',#6672,#6683,#7232,.T.);
#5404=EDGE_CURVE('',#6683,#6684,#865,.F.);
#5405=EDGE_CURVE('',#6684,#6676,#7233,.F.);
#5406=EDGE_CURVE('',#6685,#6679,#866,.T.);
#5407=EDGE_CURVE('',#6686,#6685,#867,.T.);
#5408=EDGE_CURVE('',#6686,#6687,#868,.T.);
#5409=EDGE_CURVE('',#6687,#6688,#869,.T.);
#5410=EDGE_CURVE('',#6673,#6688,#870,.T.);
#5411=EDGE_CURVE('',#6689,#6690,#418,.F.);
#5412=EDGE_CURVE('',#6690,#6691,#871,.F.);
#5413=EDGE_CURVE('',#6691,#6692,#419,.F.);
#5414=EDGE_CURVE('',#6692,#6693,#872,.F.);
#5415=EDGE_CURVE('',#6693,#6694,#420,.T.);
#5416=EDGE_CURVE('',#6694,#6695,#873,.F.);
#5417=EDGE_CURVE('',#6695,#6696,#421,.T.);
#5418=EDGE_CURVE('',#6696,#6697,#874,.F.);
#5419=EDGE_CURVE('',#6697,#6698,#422,.T.);
#5420=EDGE_CURVE('',#6698,#6699,#875,.F.);
#5421=EDGE_CURVE('',#6699,#6700,#423,.F.);
#5422=EDGE_CURVE('',#6700,#6701,#876,.F.);
#5423=EDGE_CURVE('',#6701,#6702,#424,.T.);
#5424=EDGE_CURVE('',#6702,#6703,#877,.F.);
#5425=EDGE_CURVE('',#6703,#6704,#425,.T.);
#5426=EDGE_CURVE('',#6704,#6705,#878,.F.);
#5427=EDGE_CURVE('',#6705,#6706,#879,.F.);
#5428=EDGE_CURVE('',#6706,#6707,#880,.T.);
#5429=EDGE_CURVE('',#6707,#6708,#426,.F.);
#5430=EDGE_CURVE('',#6708,#6709,#881,.T.);
#5431=EDGE_CURVE('',#6709,#6710,#427,.F.);
#5432=EDGE_CURVE('',#6710,#6711,#882,.T.);
#5433=EDGE_CURVE('',#6711,#6712,#428,.T.);
#5434=EDGE_CURVE('',#6712,#6713,#883,.T.);
#5435=EDGE_CURVE('',#6713,#6714,#429,.F.);
#5436=EDGE_CURVE('',#6714,#6715,#884,.T.);
#5437=EDGE_CURVE('',#6715,#6716,#430,.F.);
#5438=EDGE_CURVE('',#6716,#6717,#885,.T.);
#5439=EDGE_CURVE('',#6717,#6718,#431,.F.);
#5440=EDGE_CURVE('',#6718,#6719,#886,.T.);
#5441=EDGE_CURVE('',#6719,#6720,#432,.T.);
#5442=EDGE_CURVE('',#6720,#6721,#887,.T.);
#5443=EDGE_CURVE('',#6721,#6722,#433,.T.);
#5444=EDGE_CURVE('',#6722,#6723,#888,.T.);
#5445=EDGE_CURVE('',#6723,#6724,#434,.F.);
#5446=EDGE_CURVE('',#6724,#6725,#889,.T.);
#5447=EDGE_CURVE('',#6725,#6726,#435,.F.);
#5448=EDGE_CURVE('',#6726,#6727,#890,.T.);
#5449=EDGE_CURVE('',#6727,#6728,#436,.F.);
#5450=EDGE_CURVE('',#6728,#6729,#891,.T.);
#5451=EDGE_CURVE('',#6729,#6730,#437,.F.);
#5452=EDGE_CURVE('',#6730,#6731,#892,.T.);
#5453=EDGE_CURVE('',#6731,#6732,#438,.F.);
#5454=EDGE_CURVE('',#6732,#6733,#893,.T.);
#5455=EDGE_CURVE('',#6733,#6734,#894,.T.);
#5456=EDGE_CURVE('',#6734,#6735,#895,.F.);
#5457=EDGE_CURVE('',#6735,#6736,#439,.T.);
#5458=EDGE_CURVE('',#6736,#6737,#896,.F.);
#5459=EDGE_CURVE('',#6737,#6738,#440,.T.);
#5460=EDGE_CURVE('',#6738,#6739,#897,.F.);
#5461=EDGE_CURVE('',#6739,#6740,#441,.T.);
#5462=EDGE_CURVE('',#6740,#6741,#898,.F.);
#5463=EDGE_CURVE('',#6741,#6742,#442,.T.);
#5464=EDGE_CURVE('',#6742,#6743,#899,.F.);
#5465=EDGE_CURVE('',#6743,#6744,#443,.T.);
#5466=EDGE_CURVE('',#6744,#6689,#900,.F.);
#5467=EDGE_CURVE('',#6745,#6746,#901,.T.);
#5468=EDGE_CURVE('',#6745,#6747,#902,.F.);
#5469=EDGE_CURVE('',#6747,#6748,#903,.T.);
#5470=EDGE_CURVE('',#6748,#6746,#904,.T.);
#5471=EDGE_CURVE('',#6749,#6750,#905,.T.);
#5472=EDGE_CURVE('',#6749,#6745,#906,.F.);
#5473=EDGE_CURVE('',#6746,#6750,#907,.T.);
#5474=EDGE_CURVE('',#6751,#6752,#908,.T.);
#5475=EDGE_CURVE('',#6751,#6749,#909,.F.);
#5476=EDGE_CURVE('',#6750,#6752,#910,.T.);
#5477=EDGE_CURVE('',#6753,#6754,#911,.T.);
#5478=EDGE_CURVE('',#6754,#6755,#912,.F.);
#5479=EDGE_CURVE('',#6755,#6338,#913,.F.);
#5480=EDGE_CURVE('',#6336,#6753,#914,.T.);
#5481=EDGE_CURVE('',#6756,#6757,#915,.T.);
#5482=EDGE_CURVE('',#6757,#6343,#916,.F.);
#5483=EDGE_CURVE('',#6347,#6758,#917,.F.);
#5484=EDGE_CURVE('',#6758,#6756,#918,.T.);
#5485=EDGE_CURVE('',#6759,#6760,#919,.T.);
#5486=EDGE_CURVE('',#6760,#6361,#920,.F.);
#5487=EDGE_CURVE('',#6365,#6344,#921,.F.);
#5488=EDGE_CURVE('',#6342,#6759,#922,.T.);
#5489=EDGE_CURVE('',#6677,#6362,#923,.F.);
#5490=EDGE_CURVE('',#6360,#6761,#924,.T.);
#5491=EDGE_CURVE('',#6761,#6678,#925,.T.);
#5492=EDGE_CURVE('',#6680,#6762,#249,.T.);
#5493=EDGE_CURVE('',#6762,#6763,#926,.T.);
#5494=EDGE_CURVE('',#6763,#6764,#7234,.F.);
#5495=EDGE_CURVE('',#6764,#6765,#927,.T.);
#5496=EDGE_CURVE('',#6765,#6681,#928,.F.);
#5497=EDGE_CURVE('',#6766,#6767,#250,.F.);
#5498=EDGE_CURVE('',#6767,#6768,#929,.T.);
#5499=EDGE_CURVE('',#6768,#6769,#930,.T.);
#5500=EDGE_CURVE('',#6770,#6769,#931,.T.);
#5501=EDGE_CURVE('',#6770,#6771,#7235,.T.);
#5502=EDGE_CURVE('',#6771,#6766,#932,.F.);
#5503=EDGE_CURVE('',#6674,#6772,#933,.T.);
#5504=EDGE_CURVE('',#6772,#6355,#934,.F.);
#5505=EDGE_CURVE('',#6359,#6675,#935,.F.);
#5506=EDGE_CURVE('',#6353,#6356,#936,.F.);
#5507=EDGE_CURVE('',#6354,#6773,#937,.T.);
#5508=EDGE_CURVE('',#6773,#6774,#938,.T.);
#5509=EDGE_CURVE('',#6774,#6349,#939,.F.);
#5510=EDGE_CURVE('',#6775,#6350,#940,.F.);
#5511=EDGE_CURVE('',#6348,#6776,#941,.T.);
#5512=EDGE_CURVE('',#6776,#6777,#942,.T.);
#5513=EDGE_CURVE('',#6777,#6775,#943,.F.);
#5514=EDGE_CURVE('',#6778,#6779,#944,.T.);
#5515=EDGE_CURVE('',#6779,#6331,#945,.F.);
#5516=EDGE_CURVE('',#6335,#6780,#946,.F.);
#5517=EDGE_CURVE('',#6780,#6778,#947,.T.);
#5518=EDGE_CURVE('',#6781,#6782,#948,.T.);
#5519=EDGE_CURVE('',#6405,#6781,#949,.T.);
#5520=EDGE_CURVE('',#6406,#6782,#950,.T.);
#5521=EDGE_CURVE('',#6783,#6781,#444,.T.);
#5522=EDGE_CURVE('',#6407,#6783,#951,.T.);
#5523=EDGE_CURVE('',#6784,#6783,#952,.T.);
#5524=EDGE_CURVE('',#6408,#6784,#953,.T.);
#5525=EDGE_CURVE('',#6785,#6784,#445,.T.);
#5526=EDGE_CURVE('',#6409,#6785,#954,.T.);
#5527=EDGE_CURVE('',#6786,#6785,#955,.T.);
#5528=EDGE_CURVE('',#6410,#6786,#956,.T.);
#5529=EDGE_CURVE('',#6787,#6786,#446,.T.);
#5530=EDGE_CURVE('',#6411,#6787,#957,.T.);
#5531=EDGE_CURVE('',#6788,#6787,#958,.T.);
#5532=EDGE_CURVE('',#6412,#6788,#959,.T.);
#5533=EDGE_CURVE('',#6789,#6790,#960,.T.);
#5534=EDGE_CURVE('',#6413,#6789,#961,.T.);
#5535=EDGE_CURVE('',#6414,#6790,#962,.T.);
#5536=EDGE_CURVE('',#6791,#6789,#447,.T.);
#5537=EDGE_CURVE('',#6415,#6791,#963,.T.);
#5538=EDGE_CURVE('',#6792,#6791,#964,.T.);
#5539=EDGE_CURVE('',#6416,#6792,#965,.T.);
#5540=EDGE_CURVE('',#6793,#6792,#448,.T.);
#5541=EDGE_CURVE('',#6417,#6793,#966,.T.);
#5542=EDGE_CURVE('',#6794,#6793,#967,.T.);
#5543=EDGE_CURVE('',#6418,#6794,#968,.T.);
#5544=EDGE_CURVE('',#6795,#6794,#449,.T.);
#5545=EDGE_CURVE('',#6419,#6795,#969,.T.);
#5546=EDGE_CURVE('',#6796,#6795,#970,.T.);
#5547=EDGE_CURVE('',#6420,#6796,#971,.T.);
#5548=EDGE_CURVE('',#6797,#6798,#972,.T.);
#5549=EDGE_CURVE('',#6421,#6797,#973,.T.);
#5550=EDGE_CURVE('',#6422,#6798,#974,.T.);
#5551=EDGE_CURVE('',#6799,#6797,#450,.T.);
#5552=EDGE_CURVE('',#6423,#6799,#975,.T.);
#5553=EDGE_CURVE('',#6800,#6799,#976,.T.);
#5554=EDGE_CURVE('',#6424,#6800,#977,.T.);
#5555=EDGE_CURVE('',#6801,#6800,#451,.T.);
#5556=EDGE_CURVE('',#6425,#6801,#978,.T.);
#5557=EDGE_CURVE('',#6802,#6801,#979,.T.);
#5558=EDGE_CURVE('',#6426,#6802,#980,.T.);
#5559=EDGE_CURVE('',#6803,#6802,#452,.T.);
#5560=EDGE_CURVE('',#6427,#6803,#981,.T.);
#5561=EDGE_CURVE('',#6804,#6803,#982,.T.);
#5562=EDGE_CURVE('',#6428,#6804,#983,.T.);
#5563=EDGE_CURVE('',#6805,#6806,#984,.T.);
#5564=EDGE_CURVE('',#6429,#6805,#985,.T.);
#5565=EDGE_CURVE('',#6430,#6806,#986,.T.);
#5566=EDGE_CURVE('',#6807,#6805,#453,.T.);
#5567=EDGE_CURVE('',#6431,#6807,#987,.T.);
#5568=EDGE_CURVE('',#6808,#6807,#988,.T.);
#5569=EDGE_CURVE('',#6432,#6808,#989,.T.);
#5570=EDGE_CURVE('',#6809,#6808,#454,.T.);
#5571=EDGE_CURVE('',#6433,#6809,#990,.T.);
#5572=EDGE_CURVE('',#6810,#6809,#991,.T.);
#5573=EDGE_CURVE('',#6434,#6810,#992,.T.);
#5574=EDGE_CURVE('',#6811,#6810,#455,.T.);
#5575=EDGE_CURVE('',#6435,#6811,#993,.T.);
#5576=EDGE_CURVE('',#6812,#6811,#994,.T.);
#5577=EDGE_CURVE('',#6436,#6812,#995,.T.);
#5578=EDGE_CURVE('',#6813,#6814,#996,.T.);
#5579=EDGE_CURVE('',#6437,#6813,#997,.T.);
#5580=EDGE_CURVE('',#6438,#6814,#998,.T.);
#5581=EDGE_CURVE('',#6815,#6813,#456,.T.);
#5582=EDGE_CURVE('',#6439,#6815,#999,.T.);
#5583=EDGE_CURVE('',#6816,#6815,#1000,.T.);
#5584=EDGE_CURVE('',#6440,#6816,#1001,.T.);
#5585=EDGE_CURVE('',#6817,#6816,#457,.T.);
#5586=EDGE_CURVE('',#6441,#6817,#1002,.T.);
#5587=EDGE_CURVE('',#6818,#6817,#1003,.T.);
#5588=EDGE_CURVE('',#6442,#6818,#1004,.T.);
#5589=EDGE_CURVE('',#6819,#6818,#458,.T.);
#5590=EDGE_CURVE('',#6443,#6819,#1005,.T.);
#5591=EDGE_CURVE('',#6820,#6819,#1006,.T.);
#5592=EDGE_CURVE('',#6444,#6820,#1007,.T.);
#5593=EDGE_CURVE('',#6821,#6822,#459,.T.);
#5594=EDGE_CURVE('',#6445,#6821,#1008,.T.);
#5595=EDGE_CURVE('',#6446,#6822,#1009,.T.);
#5596=EDGE_CURVE('',#6823,#6821,#1010,.T.);
#5597=EDGE_CURVE('',#6447,#6823,#1011,.T.);
#5598=EDGE_CURVE('',#6824,#6823,#460,.T.);
#5599=EDGE_CURVE('',#6448,#6824,#1012,.T.);
#5600=EDGE_CURVE('',#6825,#6824,#1013,.T.);
#5601=EDGE_CURVE('',#6449,#6825,#1014,.T.);
#5602=EDGE_CURVE('',#6826,#6825,#461,.T.);
#5603=EDGE_CURVE('',#6450,#6826,#1015,.T.);
#5604=EDGE_CURVE('',#6827,#6826,#1016,.T.);
#5605=EDGE_CURVE('',#6451,#6827,#1017,.T.);
#5606=EDGE_CURVE('',#6828,#6827,#462,.T.);
#5607=EDGE_CURVE('',#6452,#6828,#1018,.T.);
#5608=EDGE_CURVE('',#6829,#6830,#463,.T.);
#5609=EDGE_CURVE('',#6453,#6829,#1019,.T.);
#5610=EDGE_CURVE('',#6454,#6830,#1020,.T.);
#5611=EDGE_CURVE('',#6831,#6829,#1021,.T.);
#5612=EDGE_CURVE('',#6455,#6831,#1022,.T.);
#5613=EDGE_CURVE('',#6832,#6831,#464,.T.);
#5614=EDGE_CURVE('',#6456,#6832,#1023,.T.);
#5615=EDGE_CURVE('',#6833,#6832,#1024,.T.);
#5616=EDGE_CURVE('',#6457,#6833,#1025,.T.);
#5617=EDGE_CURVE('',#6834,#6833,#465,.T.);
#5618=EDGE_CURVE('',#6458,#6834,#1026,.T.);
#5619=EDGE_CURVE('',#6835,#6834,#1027,.T.);
#5620=EDGE_CURVE('',#6459,#6835,#1028,.T.);
#5621=EDGE_CURVE('',#6836,#6835,#466,.T.);
#5622=EDGE_CURVE('',#6460,#6836,#1029,.T.);
#5623=EDGE_CURVE('',#6837,#6838,#1030,.T.);
#5624=EDGE_CURVE('',#6461,#6837,#1031,.T.);
#5625=EDGE_CURVE('',#6462,#6838,#1032,.T.);
#5626=EDGE_CURVE('',#6839,#6837,#467,.T.);
#5627=EDGE_CURVE('',#6463,#6839,#1033,.T.);
#5628=EDGE_CURVE('',#6840,#6839,#1034,.T.);
#5629=EDGE_CURVE('',#6464,#6840,#1035,.T.);
#5630=EDGE_CURVE('',#6841,#6840,#468,.T.);
#5631=EDGE_CURVE('',#6465,#6841,#1036,.T.);
#5632=EDGE_CURVE('',#6842,#6841,#1037,.T.);
#5633=EDGE_CURVE('',#6466,#6842,#1038,.T.);
#5634=EDGE_CURVE('',#6843,#6842,#469,.T.);
#5635=EDGE_CURVE('',#6467,#6843,#1039,.T.);
#5636=EDGE_CURVE('',#6844,#6843,#1040,.T.);
#5637=EDGE_CURVE('',#6468,#6844,#1041,.T.);
#5638=EDGE_CURVE('',#6845,#6846,#1042,.T.);
#5639=EDGE_CURVE('',#6469,#6845,#1043,.T.);
#5640=EDGE_CURVE('',#6470,#6846,#1044,.T.);
#5641=EDGE_CURVE('',#6847,#6845,#470,.T.);
#5642=EDGE_CURVE('',#6471,#6847,#1045,.T.);
#5643=EDGE_CURVE('',#6848,#6847,#1046,.T.);
#5644=EDGE_CURVE('',#6472,#6848,#1047,.T.);
#5645=EDGE_CURVE('',#6849,#6848,#471,.T.);
#5646=EDGE_CURVE('',#6473,#6849,#1048,.T.);
#5647=EDGE_CURVE('',#6850,#6849,#1049,.T.);
#5648=EDGE_CURVE('',#6474,#6850,#1050,.T.);
#5649=EDGE_CURVE('',#6851,#6850,#472,.T.);
#5650=EDGE_CURVE('',#6475,#6851,#1051,.T.);
#5651=EDGE_CURVE('',#6852,#6851,#1052,.T.);
#5652=EDGE_CURVE('',#6476,#6852,#1053,.T.);
#5653=EDGE_CURVE('',#6853,#6854,#1054,.T.);
#5654=EDGE_CURVE('',#6477,#6853,#1055,.T.);
#5655=EDGE_CURVE('',#6478,#6854,#1056,.T.);
#5656=EDGE_CURVE('',#6855,#6853,#473,.T.);
#5657=EDGE_CURVE('',#6479,#6855,#1057,.T.);
#5658=EDGE_CURVE('',#6856,#6855,#1058,.T.);
#5659=EDGE_CURVE('',#6480,#6856,#1059,.T.);
#5660=EDGE_CURVE('',#6857,#6856,#474,.T.);
#5661=EDGE_CURVE('',#6481,#6857,#1060,.T.);
#5662=EDGE_CURVE('',#6858,#6857,#1061,.T.);
#5663=EDGE_CURVE('',#6482,#6858,#1062,.T.);
#5664=EDGE_CURVE('',#6859,#6858,#475,.T.);
#5665=EDGE_CURVE('',#6483,#6859,#1063,.T.);
#5666=EDGE_CURVE('',#6860,#6859,#1064,.T.);
#5667=EDGE_CURVE('',#6484,#6860,#1065,.T.);
#5668=EDGE_CURVE('',#6861,#6862,#1066,.T.);
#5669=EDGE_CURVE('',#6485,#6861,#1067,.T.);
#5670=EDGE_CURVE('',#6486,#6862,#1068,.T.);
#5671=EDGE_CURVE('',#6863,#6861,#476,.T.);
#5672=EDGE_CURVE('',#6487,#6863,#1069,.T.);
#5673=EDGE_CURVE('',#6864,#6863,#1070,.T.);
#5674=EDGE_CURVE('',#6488,#6864,#1071,.T.);
#5675=EDGE_CURVE('',#6865,#6864,#477,.T.);
#5676=EDGE_CURVE('',#6489,#6865,#1072,.T.);
#5677=EDGE_CURVE('',#6866,#6865,#1073,.T.);
#5678=EDGE_CURVE('',#6490,#6866,#1074,.T.);
#5679=EDGE_CURVE('',#6867,#6866,#478,.T.);
#5680=EDGE_CURVE('',#6491,#6867,#1075,.T.);
#5681=EDGE_CURVE('',#6868,#6867,#1076,.T.);
#5682=EDGE_CURVE('',#6492,#6868,#1077,.T.);
#5683=EDGE_CURVE('',#6869,#6870,#1078,.T.);
#5684=EDGE_CURVE('',#6493,#6869,#1079,.T.);
#5685=EDGE_CURVE('',#6494,#6870,#1080,.T.);
#5686=EDGE_CURVE('',#6871,#6869,#479,.T.);
#5687=EDGE_CURVE('',#6495,#6871,#1081,.T.);
#5688=EDGE_CURVE('',#6872,#6871,#1082,.T.);
#5689=EDGE_CURVE('',#6496,#6872,#1083,.T.);
#5690=EDGE_CURVE('',#6873,#6872,#480,.T.);
#5691=EDGE_CURVE('',#6497,#6873,#1084,.T.);
#5692=EDGE_CURVE('',#6874,#6873,#1085,.T.);
#5693=EDGE_CURVE('',#6498,#6874,#1086,.T.);
#5694=EDGE_CURVE('',#6875,#6874,#481,.T.);
#5695=EDGE_CURVE('',#6499,#6875,#1087,.T.);
#5696=EDGE_CURVE('',#6876,#6875,#1088,.T.);
#5697=EDGE_CURVE('',#6500,#6876,#1089,.T.);
#5698=EDGE_CURVE('',#6877,#6878,#1090,.T.);
#5699=EDGE_CURVE('',#6501,#6877,#1091,.T.);
#5700=EDGE_CURVE('',#6502,#6878,#1092,.T.);
#5701=EDGE_CURVE('',#6879,#6877,#482,.T.);
#5702=EDGE_CURVE('',#6503,#6879,#1093,.T.);
#5703=EDGE_CURVE('',#6880,#6879,#1094,.T.);
#5704=EDGE_CURVE('',#6504,#6880,#1095,.T.);
#5705=EDGE_CURVE('',#6881,#6880,#483,.T.);
#5706=EDGE_CURVE('',#6505,#6881,#1096,.T.);
#5707=EDGE_CURVE('',#6882,#6881,#1097,.T.);
#5708=EDGE_CURVE('',#6506,#6882,#1098,.T.);
#5709=EDGE_CURVE('',#6883,#6882,#484,.T.);
#5710=EDGE_CURVE('',#6507,#6883,#1099,.T.);
#5711=EDGE_CURVE('',#6884,#6883,#1100,.T.);
#5712=EDGE_CURVE('',#6508,#6884,#1101,.T.);
#5713=EDGE_CURVE('',#6885,#6886,#485,.T.);
#5714=EDGE_CURVE('',#6509,#6885,#1102,.T.);
#5715=EDGE_CURVE('',#6510,#6886,#1103,.T.);
#5716=EDGE_CURVE('',#6887,#6885,#1104,.T.);
#5717=EDGE_CURVE('',#6511,#6887,#1105,.T.);
#5718=EDGE_CURVE('',#6888,#6887,#486,.T.);
#5719=EDGE_CURVE('',#6512,#6888,#1106,.T.);
#5720=EDGE_CURVE('',#6889,#6888,#1107,.T.);
#5721=EDGE_CURVE('',#6513,#6889,#1108,.T.);
#5722=EDGE_CURVE('',#6890,#6889,#487,.T.);
#5723=EDGE_CURVE('',#6514,#6890,#1109,.T.);
#5724=EDGE_CURVE('',#6891,#6890,#1110,.T.);
#5725=EDGE_CURVE('',#6515,#6891,#1111,.T.);
#5726=EDGE_CURVE('',#6892,#6891,#488,.T.);
#5727=EDGE_CURVE('',#6516,#6892,#1112,.T.);
#5728=EDGE_CURVE('',#6893,#6894,#1113,.T.);
#5729=EDGE_CURVE('',#6517,#6893,#1114,.T.);
#5730=EDGE_CURVE('',#6518,#6894,#1115,.T.);
#5731=EDGE_CURVE('',#6895,#6893,#489,.T.);
#5732=EDGE_CURVE('',#6519,#6895,#1116,.T.);
#5733=EDGE_CURVE('',#6896,#6895,#1117,.T.);
#5734=EDGE_CURVE('',#6520,#6896,#1118,.T.);
#5735=EDGE_CURVE('',#6897,#6896,#490,.T.);
#5736=EDGE_CURVE('',#6521,#6897,#1119,.T.);
#5737=EDGE_CURVE('',#6898,#6897,#1120,.T.);
#5738=EDGE_CURVE('',#6522,#6898,#1121,.T.);
#5739=EDGE_CURVE('',#6899,#6898,#491,.T.);
#5740=EDGE_CURVE('',#6523,#6899,#1122,.T.);
#5741=EDGE_CURVE('',#6900,#6899,#1123,.T.);
#5742=EDGE_CURVE('',#6524,#6900,#1124,.T.);
#5743=EDGE_CURVE('',#6901,#6902,#492,.T.);
#5744=EDGE_CURVE('',#6525,#6901,#1125,.T.);
#5745=EDGE_CURVE('',#6526,#6902,#1126,.T.);
#5746=EDGE_CURVE('',#6903,#6901,#1127,.T.);
#5747=EDGE_CURVE('',#6527,#6903,#1128,.T.);
#5748=EDGE_CURVE('',#6904,#6903,#493,.T.);
#5749=EDGE_CURVE('',#6528,#6904,#1129,.T.);
#5750=EDGE_CURVE('',#6905,#6904,#1130,.T.);
#5751=EDGE_CURVE('',#6529,#6905,#1131,.T.);
#5752=EDGE_CURVE('',#6906,#6905,#494,.T.);
#5753=EDGE_CURVE('',#6530,#6906,#1132,.T.);
#5754=EDGE_CURVE('',#6907,#6906,#1133,.T.);
#5755=EDGE_CURVE('',#6531,#6907,#1134,.T.);
#5756=EDGE_CURVE('',#6908,#6907,#495,.T.);
#5757=EDGE_CURVE('',#6532,#6908,#1135,.T.);
#5758=EDGE_CURVE('',#6909,#6910,#1136,.T.);
#5759=EDGE_CURVE('',#6533,#6909,#1137,.T.);
#5760=EDGE_CURVE('',#6534,#6910,#1138,.T.);
#5761=EDGE_CURVE('',#6911,#6909,#496,.T.);
#5762=EDGE_CURVE('',#6535,#6911,#1139,.T.);
#5763=EDGE_CURVE('',#6912,#6911,#1140,.T.);
#5764=EDGE_CURVE('',#6536,#6912,#1141,.T.);
#5765=EDGE_CURVE('',#6913,#6912,#497,.T.);
#5766=EDGE_CURVE('',#6537,#6913,#1142,.T.);
#5767=EDGE_CURVE('',#6914,#6913,#1143,.T.);
#5768=EDGE_CURVE('',#6538,#6914,#1144,.T.);
#5769=EDGE_CURVE('',#6915,#6914,#498,.T.);
#5770=EDGE_CURVE('',#6539,#6915,#1145,.T.);
#5771=EDGE_CURVE('',#6916,#6915,#1146,.T.);
#5772=EDGE_CURVE('',#6540,#6916,#1147,.T.);
#5773=EDGE_CURVE('',#6917,#6918,#499,.T.);
#5774=EDGE_CURVE('',#6541,#6917,#1148,.T.);
#5775=EDGE_CURVE('',#6542,#6918,#1149,.T.);
#5776=EDGE_CURVE('',#6919,#6917,#1150,.T.);
#5777=EDGE_CURVE('',#6543,#6919,#1151,.T.);
#5778=EDGE_CURVE('',#6920,#6919,#500,.T.);
#5779=EDGE_CURVE('',#6544,#6920,#1152,.T.);
#5780=EDGE_CURVE('',#6921,#6920,#1153,.T.);
#5781=EDGE_CURVE('',#6545,#6921,#1154,.T.);
#5782=EDGE_CURVE('',#6922,#6921,#501,.T.);
#5783=EDGE_CURVE('',#6546,#6922,#1155,.T.);
#5784=EDGE_CURVE('',#6923,#6922,#1156,.T.);
#5785=EDGE_CURVE('',#6547,#6923,#1157,.T.);
#5786=EDGE_CURVE('',#6924,#6923,#502,.T.);
#5787=EDGE_CURVE('',#6548,#6924,#1158,.T.);
#5788=EDGE_CURVE('',#6925,#6926,#1159,.T.);
#5789=EDGE_CURVE('',#6549,#6925,#1160,.T.);
#5790=EDGE_CURVE('',#6550,#6926,#1161,.T.);
#5791=EDGE_CURVE('',#6927,#6925,#503,.T.);
#5792=EDGE_CURVE('',#6551,#6927,#1162,.T.);
#5793=EDGE_CURVE('',#6928,#6927,#1163,.T.);
#5794=EDGE_CURVE('',#6552,#6928,#1164,.T.);
#5795=EDGE_CURVE('',#6929,#6928,#504,.T.);
#5796=EDGE_CURVE('',#6553,#6929,#1165,.T.);
#5797=EDGE_CURVE('',#6930,#6929,#1166,.T.);
#5798=EDGE_CURVE('',#6554,#6930,#1167,.T.);
#5799=EDGE_CURVE('',#6931,#6930,#505,.T.);
#5800=EDGE_CURVE('',#6555,#6931,#1168,.T.);
#5801=EDGE_CURVE('',#6932,#6931,#1169,.T.);
#5802=EDGE_CURVE('',#6556,#6932,#1170,.T.);
#5803=EDGE_CURVE('',#6933,#6934,#1171,.T.);
#5804=EDGE_CURVE('',#6557,#6933,#1172,.T.);
#5805=EDGE_CURVE('',#6558,#6934,#1173,.T.);
#5806=EDGE_CURVE('',#6935,#6933,#506,.T.);
#5807=EDGE_CURVE('',#6559,#6935,#1174,.T.);
#5808=EDGE_CURVE('',#6936,#6935,#1175,.T.);
#5809=EDGE_CURVE('',#6560,#6936,#1176,.T.);
#5810=EDGE_CURVE('',#6937,#6936,#507,.T.);
#5811=EDGE_CURVE('',#6561,#6937,#1177,.T.);
#5812=EDGE_CURVE('',#6938,#6937,#1178,.T.);
#5813=EDGE_CURVE('',#6562,#6938,#1179,.T.);
#5814=EDGE_CURVE('',#6939,#6938,#508,.T.);
#5815=EDGE_CURVE('',#6563,#6939,#1180,.T.);
#5816=EDGE_CURVE('',#6940,#6939,#1181,.T.);
#5817=EDGE_CURVE('',#6564,#6940,#1182,.T.);
#5818=EDGE_CURVE('',#6941,#6942,#1183,.T.);
#5819=EDGE_CURVE('',#6565,#6941,#1184,.T.);
#5820=EDGE_CURVE('',#6566,#6942,#1185,.T.);
#5821=EDGE_CURVE('',#6943,#6941,#509,.T.);
#5822=EDGE_CURVE('',#6567,#6943,#1186,.T.);
#5823=EDGE_CURVE('',#6944,#6943,#1187,.T.);
#5824=EDGE_CURVE('',#6568,#6944,#1188,.T.);
#5825=EDGE_CURVE('',#6945,#6944,#510,.T.);
#5826=EDGE_CURVE('',#6569,#6945,#1189,.T.);
#5827=EDGE_CURVE('',#6946,#6945,#1190,.T.);
#5828=EDGE_CURVE('',#6570,#6946,#1191,.T.);
#5829=EDGE_CURVE('',#6947,#6946,#511,.T.);
#5830=EDGE_CURVE('',#6571,#6947,#1192,.T.);
#5831=EDGE_CURVE('',#6948,#6947,#1193,.T.);
#5832=EDGE_CURVE('',#6572,#6948,#1194,.T.);
#5833=EDGE_CURVE('',#6949,#6950,#1195,.T.);
#5834=EDGE_CURVE('',#6573,#6949,#1196,.T.);
#5835=EDGE_CURVE('',#6574,#6950,#1197,.T.);
#5836=EDGE_CURVE('',#6951,#6949,#512,.T.);
#5837=EDGE_CURVE('',#6575,#6951,#1198,.T.);
#5838=EDGE_CURVE('',#6952,#6951,#1199,.T.);
#5839=EDGE_CURVE('',#6576,#6952,#1200,.T.);
#5840=EDGE_CURVE('',#6953,#6952,#513,.T.);
#5841=EDGE_CURVE('',#6577,#6953,#1201,.T.);
#5842=EDGE_CURVE('',#6954,#6953,#1202,.T.);
#5843=EDGE_CURVE('',#6578,#6954,#1203,.T.);
#5844=EDGE_CURVE('',#6955,#6954,#514,.T.);
#5845=EDGE_CURVE('',#6579,#6955,#1204,.T.);
#5846=EDGE_CURVE('',#6956,#6955,#1205,.T.);
#5847=EDGE_CURVE('',#6580,#6956,#1206,.T.);
#5848=EDGE_CURVE('',#6957,#6958,#515,.T.);
#5849=EDGE_CURVE('',#6581,#6957,#1207,.T.);
#5850=EDGE_CURVE('',#6582,#6958,#1208,.T.);
#5851=EDGE_CURVE('',#6959,#6957,#1209,.T.);
#5852=EDGE_CURVE('',#6583,#6959,#1210,.T.);
#5853=EDGE_CURVE('',#6960,#6959,#516,.T.);
#5854=EDGE_CURVE('',#6584,#6960,#1211,.T.);
#5855=EDGE_CURVE('',#6961,#6960,#1212,.T.);
#5856=EDGE_CURVE('',#6585,#6961,#1213,.T.);
#5857=EDGE_CURVE('',#6962,#6961,#517,.T.);
#5858=EDGE_CURVE('',#6586,#6962,#1214,.T.);
#5859=EDGE_CURVE('',#6963,#6962,#1215,.T.);
#5860=EDGE_CURVE('',#6587,#6963,#1216,.T.);
#5861=EDGE_CURVE('',#6964,#6963,#518,.T.);
#5862=EDGE_CURVE('',#6588,#6964,#1217,.T.);
#5863=EDGE_CURVE('',#6965,#6966,#1218,.T.);
#5864=EDGE_CURVE('',#6589,#6965,#1219,.T.);
#5865=EDGE_CURVE('',#6590,#6966,#1220,.T.);
#5866=EDGE_CURVE('',#6967,#6965,#519,.T.);
#5867=EDGE_CURVE('',#6591,#6967,#1221,.T.);
#5868=EDGE_CURVE('',#6968,#6967,#1222,.T.);
#5869=EDGE_CURVE('',#6592,#6968,#1223,.T.);
#5870=EDGE_CURVE('',#6969,#6968,#520,.T.);
#5871=EDGE_CURVE('',#6593,#6969,#1224,.T.);
#5872=EDGE_CURVE('',#6970,#6969,#1225,.T.);
#5873=EDGE_CURVE('',#6594,#6970,#1226,.T.);
#5874=EDGE_CURVE('',#6971,#6970,#521,.T.);
#5875=EDGE_CURVE('',#6595,#6971,#1227,.T.);
#5876=EDGE_CURVE('',#6972,#6971,#1228,.T.);
#5877=EDGE_CURVE('',#6596,#6972,#1229,.T.);
#5878=EDGE_CURVE('',#6973,#6974,#1230,.T.);
#5879=EDGE_CURVE('',#6597,#6973,#1231,.T.);
#5880=EDGE_CURVE('',#6598,#6974,#1232,.T.);
#5881=EDGE_CURVE('',#6975,#6973,#522,.T.);
#5882=EDGE_CURVE('',#6599,#6975,#1233,.T.);
#5883=EDGE_CURVE('',#6976,#6975,#1234,.T.);
#5884=EDGE_CURVE('',#6600,#6976,#1235,.T.);
#5885=EDGE_CURVE('',#6977,#6976,#523,.T.);
#5886=EDGE_CURVE('',#6601,#6977,#1236,.T.);
#5887=EDGE_CURVE('',#6978,#6977,#1237,.T.);
#5888=EDGE_CURVE('',#6602,#6978,#1238,.T.);
#5889=EDGE_CURVE('',#6979,#6978,#524,.T.);
#5890=EDGE_CURVE('',#6603,#6979,#1239,.T.);
#5891=EDGE_CURVE('',#6980,#6979,#1240,.T.);
#5892=EDGE_CURVE('',#6604,#6980,#1241,.T.);
#5893=EDGE_CURVE('',#6981,#6982,#525,.T.);
#5894=EDGE_CURVE('',#6605,#6981,#1242,.T.);
#5895=EDGE_CURVE('',#6606,#6982,#1243,.T.);
#5896=EDGE_CURVE('',#6983,#6981,#1244,.T.);
#5897=EDGE_CURVE('',#6607,#6983,#1245,.T.);
#5898=EDGE_CURVE('',#6984,#6983,#526,.T.);
#5899=EDGE_CURVE('',#6608,#6984,#1246,.T.);
#5900=EDGE_CURVE('',#6985,#6984,#1247,.T.);
#5901=EDGE_CURVE('',#6609,#6985,#1248,.T.);
#5902=EDGE_CURVE('',#6986,#6985,#527,.T.);
#5903=EDGE_CURVE('',#6610,#6986,#1249,.T.);
#5904=EDGE_CURVE('',#6987,#6986,#1250,.T.);
#5905=EDGE_CURVE('',#6611,#6987,#1251,.T.);
#5906=EDGE_CURVE('',#6988,#6987,#528,.T.);
#5907=EDGE_CURVE('',#6612,#6988,#1252,.T.);
#5908=EDGE_CURVE('',#6989,#6990,#1253,.T.);
#5909=EDGE_CURVE('',#6613,#6989,#1254,.T.);
#5910=EDGE_CURVE('',#6614,#6990,#1255,.T.);
#5911=EDGE_CURVE('',#6991,#6989,#529,.T.);
#5912=EDGE_CURVE('',#6615,#6991,#1256,.T.);
#5913=EDGE_CURVE('',#6992,#6991,#1257,.T.);
#5914=EDGE_CURVE('',#6616,#6992,#1258,.T.);
#5915=EDGE_CURVE('',#6993,#6992,#530,.T.);
#5916=EDGE_CURVE('',#6617,#6993,#1259,.T.);
#5917=EDGE_CURVE('',#6994,#6993,#1260,.T.);
#5918=EDGE_CURVE('',#6618,#6994,#1261,.T.);
#5919=EDGE_CURVE('',#6995,#6994,#531,.T.);
#5920=EDGE_CURVE('',#6619,#6995,#1262,.T.);
#5921=EDGE_CURVE('',#6996,#6995,#1263,.T.);
#5922=EDGE_CURVE('',#6620,#6996,#1264,.T.);
#5923=EDGE_CURVE('',#6997,#6998,#1265,.T.);
#5924=EDGE_CURVE('',#6621,#6997,#1266,.T.);
#5925=EDGE_CURVE('',#6622,#6998,#1267,.T.);
#5926=EDGE_CURVE('',#6999,#6997,#532,.T.);
#5927=EDGE_CURVE('',#6623,#6999,#1268,.T.);
#5928=EDGE_CURVE('',#7000,#6999,#1269,.T.);
#5929=EDGE_CURVE('',#6624,#7000,#1270,.T.);
#5930=EDGE_CURVE('',#7001,#7000,#533,.T.);
#5931=EDGE_CURVE('',#6625,#7001,#1271,.T.);
#5932=EDGE_CURVE('',#7002,#7001,#1272,.T.);
#5933=EDGE_CURVE('',#6626,#7002,#1273,.T.);
#5934=EDGE_CURVE('',#7003,#7002,#534,.T.);
#5935=EDGE_CURVE('',#6627,#7003,#1274,.T.);
#5936=EDGE_CURVE('',#7004,#7003,#1275,.T.);
#5937=EDGE_CURVE('',#6628,#7004,#1276,.T.);
#5938=EDGE_CURVE('',#7005,#7006,#1277,.T.);
#5939=EDGE_CURVE('',#6629,#7005,#1278,.T.);
#5940=EDGE_CURVE('',#6630,#7006,#1279,.T.);
#5941=EDGE_CURVE('',#7007,#7005,#535,.T.);
#5942=EDGE_CURVE('',#6631,#7007,#1280,.T.);
#5943=EDGE_CURVE('',#7008,#7007,#1281,.T.);
#5944=EDGE_CURVE('',#6632,#7008,#1282,.T.);
#5945=EDGE_CURVE('',#7009,#7008,#536,.T.);
#5946=EDGE_CURVE('',#6633,#7009,#1283,.T.);
#5947=EDGE_CURVE('',#7010,#7009,#1284,.T.);
#5948=EDGE_CURVE('',#6634,#7010,#1285,.T.);
#5949=EDGE_CURVE('',#7011,#7010,#537,.T.);
#5950=EDGE_CURVE('',#6635,#7011,#1286,.T.);
#5951=EDGE_CURVE('',#7012,#7011,#1287,.T.);
#5952=EDGE_CURVE('',#6636,#7012,#1288,.T.);
#5953=EDGE_CURVE('',#7013,#7014,#1289,.T.);
#5954=EDGE_CURVE('',#7014,#6337,#1290,.F.);
#5955=EDGE_CURVE('',#6341,#6332,#1291,.F.);
#5956=EDGE_CURVE('',#6330,#7013,#1292,.T.);
#5957=EDGE_CURVE('',#6782,#6788,#538,.T.);
#5958=EDGE_CURVE('',#6790,#6796,#539,.T.);
#5959=EDGE_CURVE('',#6798,#6804,#540,.T.);
#5960=EDGE_CURVE('',#6806,#6812,#541,.T.);
#5961=EDGE_CURVE('',#6814,#6820,#542,.T.);
#5962=EDGE_CURVE('',#6822,#6828,#1293,.T.);
#5963=EDGE_CURVE('',#6830,#6836,#1294,.T.);
#5964=EDGE_CURVE('',#6838,#6844,#543,.T.);
#5965=EDGE_CURVE('',#6846,#6852,#544,.T.);
#5966=EDGE_CURVE('',#6854,#6860,#545,.T.);
#5967=EDGE_CURVE('',#6862,#6868,#546,.T.);
#5968=EDGE_CURVE('',#6870,#6876,#547,.T.);
#5969=EDGE_CURVE('',#6878,#6884,#548,.T.);
#5970=EDGE_CURVE('',#6886,#6892,#1295,.T.);
#5971=EDGE_CURVE('',#6894,#6900,#549,.T.);
#5972=EDGE_CURVE('',#6902,#6908,#1296,.T.);
#5973=EDGE_CURVE('',#6910,#6916,#550,.T.);
#5974=EDGE_CURVE('',#6918,#6924,#1297,.T.);
#5975=EDGE_CURVE('',#6926,#6932,#551,.T.);
#5976=EDGE_CURVE('',#6934,#6940,#552,.T.);
#5977=EDGE_CURVE('',#6942,#6948,#553,.T.);
#5978=EDGE_CURVE('',#6950,#6956,#554,.T.);
#5979=EDGE_CURVE('',#6958,#6964,#1298,.T.);
#5980=EDGE_CURVE('',#6966,#6972,#555,.T.);
#5981=EDGE_CURVE('',#6974,#6980,#556,.T.);
#5982=EDGE_CURVE('',#6982,#6988,#1299,.T.);
#5983=EDGE_CURVE('',#6990,#6996,#557,.T.);
#5984=EDGE_CURVE('',#6998,#7004,#558,.T.);
#5985=EDGE_CURVE('',#7006,#7012,#559,.T.);
#5986=EDGE_CURVE('',#6747,#6751,#1300,.F.);
#5987=EDGE_CURVE('',#6752,#6748,#1301,.T.);
#5988=EDGE_CURVE('',#6670,#7015,#1302,.T.);
#5989=EDGE_CURVE('',#7015,#7016,#560,.T.);
#5990=EDGE_CURVE('',#7017,#7016,#1303,.T.);
#5991=EDGE_CURVE('',#6671,#7017,#7236,.F.);
#5992=EDGE_CURVE('',#7018,#7018,#561,.T.);
#5993=EDGE_CURVE('',#7019,#7019,#562,.T.);
#5994=EDGE_CURVE('',#7020,#7020,#563,.T.);
#5995=EDGE_CURVE('',#7021,#7021,#564,.T.);
#5996=EDGE_CURVE('',#6756,#6754,#565,.F.);
#5997=EDGE_CURVE('',#6753,#7014,#566,.T.);
#5998=EDGE_CURVE('',#7013,#6779,#567,.T.);
#5999=EDGE_CURVE('',#6778,#6777,#568,.F.);
#6000=EDGE_CURVE('',#6776,#6774,#569,.T.);
#6001=EDGE_CURVE('',#6773,#6772,#570,.T.);
#6002=EDGE_CURVE('',#7022,#6688,#571,.T.);
#6003=EDGE_CURVE('',#7022,#7023,#1304,.T.);
#6004=EDGE_CURVE('',#7024,#7023,#572,.T.);
#6005=EDGE_CURVE('',#7024,#7025,#1305,.T.);
#6006=EDGE_CURVE('',#7025,#7026,#573,.T.);
#6007=EDGE_CURVE('',#7026,#7027,#1306,.T.);
#6008=EDGE_CURVE('',#7028,#7027,#574,.T.);
#6009=EDGE_CURVE('',#7028,#7029,#1307,.T.);
#6010=EDGE_CURVE('',#7030,#7029,#575,.T.);
#6011=EDGE_CURVE('',#7030,#7031,#1308,.T.);
#6012=EDGE_CURVE('',#7032,#7031,#576,.T.);
#6013=EDGE_CURVE('',#7032,#7033,#1309,.T.);
#6014=EDGE_CURVE('',#7033,#7034,#577,.T.);
#6015=EDGE_CURVE('',#7034,#7035,#1310,.T.);
#6016=EDGE_CURVE('',#7035,#7036,#578,.T.);
#6017=EDGE_CURVE('',#7036,#7037,#1311,.T.);
#6018=EDGE_CURVE('',#7038,#7037,#579,.T.);
#6019=EDGE_CURVE('',#7038,#7039,#1312,.T.);
#6020=EDGE_CURVE('',#7040,#7039,#580,.T.);
#6021=EDGE_CURVE('',#7040,#7041,#1313,.T.);
#6022=EDGE_CURVE('',#7042,#7041,#581,.T.);
#6023=EDGE_CURVE('',#7042,#7043,#1314,.T.);
#6024=EDGE_CURVE('',#7044,#7043,#582,.T.);
#6025=EDGE_CURVE('',#7044,#7045,#1315,.T.);
#6026=EDGE_CURVE('',#6685,#7045,#583,.T.);
#6027=EDGE_CURVE('',#6761,#6760,#584,.T.);
#6028=EDGE_CURVE('',#6759,#6757,#585,.T.);
#6029=EDGE_CURVE('',#7046,#7042,#1316,.T.);
#6030=EDGE_CURVE('',#7046,#7047,#1317,.T.);
#6031=EDGE_CURVE('',#7047,#7043,#1318,.T.);
#6032=EDGE_CURVE('',#7048,#7038,#1319,.T.);
#6033=EDGE_CURVE('',#7048,#7049,#1320,.T.);
#6034=EDGE_CURVE('',#7049,#7039,#1321,.T.);
#6035=EDGE_CURVE('',#7050,#7036,#1322,.T.);
#6036=EDGE_CURVE('',#7050,#7051,#1323,.T.);
#6037=EDGE_CURVE('',#7051,#7037,#1324,.T.);
#6038=EDGE_CURVE('',#7052,#7034,#1325,.T.);
#6039=EDGE_CURVE('',#7052,#7053,#1326,.T.);
#6040=EDGE_CURVE('',#7053,#7035,#1327,.T.);
#6041=EDGE_CURVE('',#7054,#7032,#1328,.T.);
#6042=EDGE_CURVE('',#7054,#7055,#1329,.T.);
#6043=EDGE_CURVE('',#7055,#7033,#1330,.T.);
#6044=EDGE_CURVE('',#7056,#7030,#1331,.T.);
#6045=EDGE_CURVE('',#7056,#7057,#1332,.T.);
#6046=EDGE_CURVE('',#7057,#7031,#1333,.T.);
#6047=EDGE_CURVE('',#7058,#7026,#1334,.T.);
#6048=EDGE_CURVE('',#7058,#7059,#1335,.T.);
#6049=EDGE_CURVE('',#7059,#7027,#1336,.T.);
#6050=EDGE_CURVE('',#7060,#7024,#1337,.T.);
#6051=EDGE_CURVE('',#7060,#7061,#1338,.T.);
#6052=EDGE_CURVE('',#7061,#7025,#1339,.T.);
#6053=EDGE_CURVE('',#7062,#7022,#1340,.T.);
#6054=EDGE_CURVE('',#7062,#6687,#586,.T.);
#6055=EDGE_CURVE('',#6369,#7063,#1341,.T.);
#6056=EDGE_CURVE('',#6368,#7064,#1342,.T.);
#6057=EDGE_CURVE('',#7064,#7065,#587,.F.);
#6058=EDGE_CURVE('',#7065,#6379,#1343,.T.);
#6059=EDGE_CURVE('',#7066,#6378,#1344,.T.);
#6060=EDGE_CURVE('',#7066,#7063,#588,.F.);
#6061=EDGE_CURVE('',#7062,#7067,#1345,.T.);
#6062=EDGE_CURVE('',#7067,#7023,#1346,.T.);
#6063=EDGE_CURVE('',#7060,#7067,#589,.T.);
#6064=EDGE_CURVE('',#7061,#7058,#590,.T.);
#6065=EDGE_CURVE('',#7068,#7028,#1347,.T.);
#6066=EDGE_CURVE('',#7068,#7059,#591,.T.);
#6067=EDGE_CURVE('',#7068,#7069,#1348,.T.);
#6068=EDGE_CURVE('',#7069,#7029,#1349,.T.);
#6069=EDGE_CURVE('',#7056,#7069,#592,.T.);
#6070=EDGE_CURVE('',#7054,#7057,#593,.T.);
#6071=EDGE_CURVE('',#7055,#7052,#594,.T.);
#6072=EDGE_CURVE('',#7053,#7050,#595,.T.);
#6073=EDGE_CURVE('',#7048,#7051,#596,.T.);
#6074=EDGE_CURVE('',#7070,#7040,#1350,.T.);
#6075=EDGE_CURVE('',#7070,#7049,#597,.T.);
#6076=EDGE_CURVE('',#7070,#7071,#1351,.T.);
#6077=EDGE_CURVE('',#7071,#7041,#1352,.T.);
#6078=EDGE_CURVE('',#7046,#7071,#598,.T.);
#6079=EDGE_CURVE('',#7072,#7044,#1353,.T.);
#6080=EDGE_CURVE('',#7072,#7047,#599,.T.);
#6081=EDGE_CURVE('',#7072,#7073,#1354,.T.);
#6082=EDGE_CURVE('',#7073,#7045,#1355,.T.);
#6083=EDGE_CURVE('',#6686,#7073,#600,.T.);
#6084=EDGE_CURVE('',#7016,#7074,#1356,.T.);
#6085=EDGE_CURVE('',#7074,#6768,#1357,.F.);
#6086=EDGE_CURVE('',#6767,#7017,#7237,.F.);
#6087=EDGE_CURVE('',#7015,#6391,#7238,.T.);
#6088=EDGE_CURVE('',#6390,#6669,#7239,.T.);
#6089=EDGE_CURVE('',#6668,#7075,#1358,.T.);
#6090=EDGE_CURVE('',#7075,#7074,#601,.T.);
#6091=EDGE_CURVE('',#6667,#7076,#1359,.T.);
#6092=EDGE_CURVE('',#7076,#7075,#1360,.F.);
#6093=EDGE_CURVE('',#6666,#7077,#1361,.T.);
#6094=EDGE_CURVE('',#7077,#7076,#602,.T.);
#6095=EDGE_CURVE('',#6665,#7078,#1362,.T.);
#6096=EDGE_CURVE('',#7078,#7077,#1363,.F.);
#6097=EDGE_CURVE('',#6664,#7079,#1364,.T.);
#6098=EDGE_CURVE('',#7079,#7078,#603,.F.);
#6099=EDGE_CURVE('',#6663,#7080,#1365,.T.);
#6100=EDGE_CURVE('',#7080,#7079,#1366,.F.);
#6101=EDGE_CURVE('',#6662,#7081,#1367,.T.);
#6102=EDGE_CURVE('',#7081,#7080,#604,.T.);
#6103=EDGE_CURVE('',#6661,#7082,#1368,.T.);
#6104=EDGE_CURVE('',#7082,#7081,#1369,.F.);
#6105=EDGE_CURVE('',#6660,#7083,#1370,.T.);
#6106=EDGE_CURVE('',#7083,#7082,#605,.T.);
#6107=EDGE_CURVE('',#6659,#7084,#1371,.T.);
#6108=EDGE_CURVE('',#7084,#7083,#1372,.F.);
#6109=EDGE_CURVE('',#6658,#7085,#1373,.T.);
#6110=EDGE_CURVE('',#7085,#7084,#606,.T.);
#6111=EDGE_CURVE('',#6657,#7086,#1374,.T.);
#6112=EDGE_CURVE('',#7086,#7085,#1375,.F.);
#6113=EDGE_CURVE('',#6656,#7087,#1376,.T.);
#6114=EDGE_CURVE('',#7087,#7086,#607,.F.);
#6115=EDGE_CURVE('',#6655,#7088,#1377,.T.);
#6116=EDGE_CURVE('',#7088,#7087,#1378,.F.);
#6117=EDGE_CURVE('',#6654,#7089,#1379,.T.);
#6118=EDGE_CURVE('',#7089,#7088,#608,.F.);
#6119=EDGE_CURVE('',#6653,#7090,#1380,.T.);
#6120=EDGE_CURVE('',#7090,#7089,#1381,.F.);
#6121=EDGE_CURVE('',#6652,#7091,#1382,.T.);
#6122=EDGE_CURVE('',#7091,#7090,#609,.T.);
#6123=EDGE_CURVE('',#6651,#7092,#1383,.T.);
#6124=EDGE_CURVE('',#7092,#7091,#1384,.F.);
#6125=EDGE_CURVE('',#6650,#7093,#1385,.T.);
#6126=EDGE_CURVE('',#7093,#7092,#610,.T.);
#6127=EDGE_CURVE('',#6649,#7094,#1386,.T.);
#6128=EDGE_CURVE('',#7094,#7093,#1387,.F.);
#6129=EDGE_CURVE('',#6648,#7095,#1388,.T.);
#6130=EDGE_CURVE('',#7095,#7094,#611,.T.);
#6131=EDGE_CURVE('',#6647,#7096,#1389,.T.);
#6132=EDGE_CURVE('',#7096,#7095,#1390,.F.);
#6133=EDGE_CURVE('',#6646,#7097,#1391,.T.);
#6134=EDGE_CURVE('',#7097,#7096,#612,.T.);
#6135=EDGE_CURVE('',#6645,#7098,#1392,.T.);
#6136=EDGE_CURVE('',#7098,#7097,#1393,.F.);
#6137=EDGE_CURVE('',#6682,#7098,#613,.T.);
#6138=EDGE_CURVE('',#6395,#7099,#1394,.T.);
#6139=EDGE_CURVE('',#7099,#7100,#1395,.T.);
#6140=EDGE_CURVE('',#7100,#6396,#1396,.F.);
#6141=EDGE_CURVE('',#6396,#6395,#1397,.F.);
#6142=EDGE_CURVE('',#7101,#7102,#1398,.T.);
#6143=EDGE_CURVE('',#7102,#7103,#1399,.T.);
#6144=EDGE_CURVE('',#7104,#7103,#1400,.T.);
#6145=EDGE_CURVE('',#7101,#7104,#1401,.T.);
#6146=EDGE_CURVE('',#7105,#7106,#1402,.T.);
#6147=EDGE_CURVE('',#7106,#7102,#614,.F.);
#6148=EDGE_CURVE('',#7101,#7105,#615,.T.);
#6149=EDGE_CURVE('',#6769,#7106,#1403,.T.);
#6150=EDGE_CURVE('',#7107,#7105,#1404,.T.);
#6151=EDGE_CURVE('',#7107,#7108,#1405,.T.);
#6152=EDGE_CURVE('',#7108,#6765,#1406,.T.);
#6153=EDGE_CURVE('',#6764,#7109,#251,.T.);
#6154=EDGE_CURVE('',#7109,#7110,#1407,.T.);
#6155=EDGE_CURVE('',#7110,#6770,#252,.T.);
#6156=EDGE_CURVE('',#7111,#7112,#1408,.T.);
#6157=EDGE_CURVE('',#7112,#7108,#616,.F.);
#6158=EDGE_CURVE('',#7107,#7111,#617,.T.);
#6159=EDGE_CURVE('',#7113,#7114,#1409,.T.);
#6160=EDGE_CURVE('',#7114,#7112,#1410,.T.);
#6161=EDGE_CURVE('',#7113,#7111,#1411,.T.);
#6162=EDGE_CURVE('',#7115,#7116,#1412,.T.);
#6163=EDGE_CURVE('',#7116,#7114,#618,.F.);
#6164=EDGE_CURVE('',#7113,#7115,#619,.T.);
#6165=EDGE_CURVE('',#7117,#7118,#1413,.T.);
#6166=EDGE_CURVE('',#7118,#7116,#1414,.T.);
#6167=EDGE_CURVE('',#7117,#7115,#1415,.T.);
#6168=EDGE_CURVE('',#7119,#7120,#1416,.T.);
#6169=EDGE_CURVE('',#7120,#7118,#620,.F.);
#6170=EDGE_CURVE('',#7117,#7119,#621,.T.);
#6171=EDGE_CURVE('',#7121,#7122,#1417,.T.);
#6172=EDGE_CURVE('',#7122,#7120,#1418,.T.);
#6173=EDGE_CURVE('',#7121,#7119,#1419,.T.);
#6174=EDGE_CURVE('',#7123,#7124,#1420,.T.);
#6175=EDGE_CURVE('',#7124,#7122,#622,.F.);
#6176=EDGE_CURVE('',#7121,#7123,#623,.T.);
#6177=EDGE_CURVE('',#7125,#7126,#1421,.T.);
#6178=EDGE_CURVE('',#7126,#7124,#1422,.T.);
#6179=EDGE_CURVE('',#7125,#7123,#1423,.T.);
#6180=EDGE_CURVE('',#7127,#7128,#1424,.T.);
#6181=EDGE_CURVE('',#7128,#7126,#624,.F.);
#6182=EDGE_CURVE('',#7125,#7127,#625,.T.);
#6183=EDGE_CURVE('',#7129,#7130,#1425,.T.);
#6184=EDGE_CURVE('',#7130,#7128,#1426,.T.);
#6185=EDGE_CURVE('',#7129,#7127,#1427,.T.);
#6186=EDGE_CURVE('',#7131,#7132,#1428,.T.);
#6187=EDGE_CURVE('',#7132,#7130,#626,.T.);
#6188=EDGE_CURVE('',#7131,#7129,#627,.T.);
#6189=EDGE_CURVE('',#7133,#7134,#1429,.T.);
#6190=EDGE_CURVE('',#7134,#7132,#1430,.T.);
#6191=EDGE_CURVE('',#7133,#7131,#1431,.T.);
#6192=EDGE_CURVE('',#7135,#7136,#1432,.T.);
#6193=EDGE_CURVE('',#7136,#7134,#628,.T.);
#6194=EDGE_CURVE('',#7135,#7133,#629,.T.);
#6195=EDGE_CURVE('',#7137,#7138,#1433,.T.);
#6196=EDGE_CURVE('',#7138,#7136,#1434,.T.);
#6197=EDGE_CURVE('',#7137,#7135,#1435,.T.);
#6198=EDGE_CURVE('',#7139,#7140,#1436,.T.);
#6199=EDGE_CURVE('',#7140,#7138,#630,.F.);
#6200=EDGE_CURVE('',#7137,#7139,#631,.T.);
#6201=EDGE_CURVE('',#7141,#7142,#1437,.T.);
#6202=EDGE_CURVE('',#7142,#7140,#1438,.T.);
#6203=EDGE_CURVE('',#7141,#7139,#1439,.T.);
#6204=EDGE_CURVE('',#7143,#7144,#1440,.T.);
#6205=EDGE_CURVE('',#7144,#7142,#632,.F.);
#6206=EDGE_CURVE('',#7141,#7143,#633,.T.);
#6207=EDGE_CURVE('',#7145,#7146,#1441,.T.);
#6208=EDGE_CURVE('',#7146,#7144,#1442,.T.);
#6209=EDGE_CURVE('',#7145,#7143,#1443,.T.);
#6210=EDGE_CURVE('',#7147,#7148,#1444,.T.);
#6211=EDGE_CURVE('',#7148,#7146,#634,.F.);
#6212=EDGE_CURVE('',#7145,#7147,#635,.T.);
#6213=EDGE_CURVE('',#7149,#7150,#1445,.T.);
#6214=EDGE_CURVE('',#7150,#7148,#1446,.T.);
#6215=EDGE_CURVE('',#7149,#7147,#1447,.T.);
#6216=EDGE_CURVE('',#7151,#7152,#1448,.T.);
#6217=EDGE_CURVE('',#7152,#7150,#636,.T.);
#6218=EDGE_CURVE('',#7151,#7149,#637,.T.);
#6219=EDGE_CURVE('',#7153,#7154,#1449,.T.);
#6220=EDGE_CURVE('',#7154,#7152,#1450,.T.);
#6221=EDGE_CURVE('',#7153,#7151,#1451,.T.);
#6222=EDGE_CURVE('',#7103,#7154,#638,.F.);
#6223=EDGE_CURVE('',#7153,#7104,#639,.T.);
#6224=EDGE_CURVE('',#7155,#6372,#1452,.T.);
#6225=EDGE_CURVE('',#6370,#7064,#1453,.F.);
#6226=EDGE_CURVE('',#6366,#7155,#7240,.F.);
#6227=EDGE_CURVE('',#6399,#6382,#1454,.F.);
#6228=EDGE_CURVE('',#6380,#7066,#1455,.F.);
#6229=EDGE_CURVE('',#7063,#6381,#1456,.T.);
#6230=EDGE_CURVE('',#6385,#7156,#1457,.F.);
#6231=EDGE_CURVE('',#7156,#6367,#7241,.T.);
#6232=EDGE_CURVE('',#6375,#6400,#1458,.T.);
#6233=EDGE_CURVE('',#7065,#6371,#1459,.T.);
#6234=EDGE_CURVE('',#7157,#7158,#1460,.F.);
#6235=EDGE_CURVE('',#7158,#7159,#1461,.T.);
#6236=EDGE_CURVE('',#7159,#7160,#1462,.T.);
#6237=EDGE_CURVE('',#7160,#7157,#1463,.F.);
#6238=EDGE_CURVE('',#7161,#7161,#640,.T.);
#6239=EDGE_CURVE('',#7162,#7162,#641,.T.);
#6240=EDGE_CURVE('',#7163,#7163,#642,.T.);
#6241=EDGE_CURVE('',#7164,#7164,#643,.T.);
#6242=EDGE_CURVE('',#7165,#7165,#644,.T.);
#6243=EDGE_CURVE('',#7166,#7166,#645,.T.);
#6244=EDGE_CURVE('',#7167,#7167,#646,.T.);
#6245=EDGE_CURVE('',#7168,#7168,#647,.T.);
#6246=EDGE_CURVE('',#7169,#7169,#648,.T.);
#6247=EDGE_CURVE('',#7170,#7170,#649,.T.);
#6248=EDGE_CURVE('',#7171,#7171,#650,.T.);
#6249=EDGE_CURVE('',#7172,#7172,#651,.T.);
#6250=EDGE_CURVE('',#7155,#6394,#7242,.F.);
#6251=EDGE_CURVE('',#6384,#7099,#253,.T.);
#6252=EDGE_CURVE('',#6393,#7156,#7243,.T.);
#6253=EDGE_CURVE('',#7100,#6398,#254,.F.);
#6254=EDGE_CURVE('',#7099,#6383,#255,.F.);
#6255=EDGE_CURVE('',#6397,#7100,#256,.T.);
#6256=EDGE_CURVE('',#6751,#6404,#257,.T.);
#6257=EDGE_CURVE('',#6401,#6747,#258,.F.);
#6258=EDGE_CURVE('',#6402,#6745,#259,.F.);
#6259=EDGE_CURVE('',#6749,#6403,#260,.T.);
#6260=EDGE_CURVE('',#6775,#6638,#652,.T.);
#6261=EDGE_CURVE('',#6637,#6780,#653,.T.);
#6262=EDGE_CURVE('',#6755,#6639,#654,.T.);
#6263=EDGE_CURVE('',#6640,#6758,#655,.T.);
#6264=EDGE_CURVE('',#6734,#6765,#261,.T.);
#6265=EDGE_CURVE('',#6681,#6733,#262,.F.);
#6266=EDGE_CURVE('',#6682,#6732,#656,.T.);
#6267=EDGE_CURVE('',#6735,#7108,#657,.T.);
#6268=EDGE_CURVE('',#7098,#6731,#658,.T.);
#6269=EDGE_CURVE('',#6736,#7112,#659,.T.);
#6270=EDGE_CURVE('',#7097,#6730,#7244,.F.);
#6271=EDGE_CURVE('',#6737,#7114,#660,.T.);
#6272=EDGE_CURVE('',#7096,#6729,#661,.T.);
#6273=EDGE_CURVE('',#6738,#7116,#662,.T.);
#6274=EDGE_CURVE('',#7095,#6728,#663,.T.);
#6275=EDGE_CURVE('',#6739,#7118,#664,.T.);
#6276=EDGE_CURVE('',#7094,#6727,#665,.T.);
#6277=EDGE_CURVE('',#6740,#7120,#666,.T.);
#6278=EDGE_CURVE('',#7093,#6726,#7245,.F.);
#6279=EDGE_CURVE('',#6741,#7122,#667,.T.);
#6280=EDGE_CURVE('',#7092,#6725,#668,.T.);
#6281=EDGE_CURVE('',#6742,#7124,#669,.T.);
#6282=EDGE_CURVE('',#7091,#6724,#670,.T.);
#6283=EDGE_CURVE('',#6743,#7126,#671,.T.);
#6284=EDGE_CURVE('',#7090,#6723,#672,.T.);
#6285=EDGE_CURVE('',#6744,#7128,#673,.T.);
#6286=EDGE_CURVE('',#7089,#6722,#674,.T.);
#6287=EDGE_CURVE('',#6689,#7130,#675,.T.);
#6288=EDGE_CURVE('',#7088,#6721,#676,.T.);
#6289=EDGE_CURVE('',#6690,#7132,#677,.T.);
#6290=EDGE_CURVE('',#7087,#6720,#678,.T.);
#6291=EDGE_CURVE('',#6691,#7134,#679,.T.);
#6292=EDGE_CURVE('',#7086,#6719,#680,.T.);
#6293=EDGE_CURVE('',#6692,#7136,#681,.T.);
#6294=EDGE_CURVE('',#7085,#6718,#682,.T.);
#6295=EDGE_CURVE('',#6693,#7138,#683,.T.);
#6296=EDGE_CURVE('',#7084,#6717,#684,.T.);
#6297=EDGE_CURVE('',#6694,#7140,#685,.T.);
#6298=EDGE_CURVE('',#7083,#6716,#686,.T.);
#6299=EDGE_CURVE('',#6695,#7142,#687,.T.);
#6300=EDGE_CURVE('',#7082,#6715,#688,.T.);
#6301=EDGE_CURVE('',#6696,#7144,#689,.T.);
#6302=EDGE_CURVE('',#7081,#6714,#7246,.F.);
#6303=EDGE_CURVE('',#6697,#7146,#7247,.F.);
#6304=EDGE_CURVE('',#7080,#6713,#690,.T.);
#6305=EDGE_CURVE('',#6698,#7148,#691,.T.);
#6306=EDGE_CURVE('',#7079,#6712,#692,.T.);
#6307=EDGE_CURVE('',#6699,#7150,#693,.T.);
#6308=EDGE_CURVE('',#7078,#6711,#694,.T.);
#6309=EDGE_CURVE('',#6700,#7152,#695,.T.);
#6310=EDGE_CURVE('',#7077,#6710,#696,.T.);
#6311=EDGE_CURVE('',#6701,#7154,#697,.T.);
#6312=EDGE_CURVE('',#7076,#6709,#698,.T.);
#6313=EDGE_CURVE('',#6702,#7103,#699,.T.);
#6314=EDGE_CURVE('',#7075,#6708,#7248,.F.);
#6315=EDGE_CURVE('',#6703,#7102,#700,.T.);
#6316=EDGE_CURVE('',#7074,#6707,#701,.T.);
#6317=EDGE_CURVE('',#6704,#7106,#702,.T.);
#6318=EDGE_CURVE('',#6768,#6706,#263,.F.);
#6319=EDGE_CURVE('',#6705,#6769,#264,.T.);
#6320=EDGE_CURVE('',#7157,#6763,#265,.T.);
#6321=EDGE_CURVE('',#7109,#7157,#703,.T.);
#6322=EDGE_CURVE('',#7158,#6762,#704,.T.);
#6323=EDGE_CURVE('',#7110,#7160,#705,.T.);
#6324=EDGE_CURVE('',#7158,#6684,#266,.T.);
#6325=EDGE_CURVE('',#6771,#7160,#267,.T.);
#6326=EDGE_CURVE('',#7159,#6683,#268,.T.);
#6327=EDGE_CURVE('',#6766,#7159,#706,.T.);
#6328=EDGE_CURVE('',#6775,#6780,#707,.T.);
#6329=EDGE_CURVE('',#6755,#6758,#708,.T.);
#6330=VERTEX_POINT('',#12532);
#6331=VERTEX_POINT('',#12533);
#6332=VERTEX_POINT('',#12548);
#6333=VERTEX_POINT('',#12563);
#6334=VERTEX_POINT('',#12578);
#6335=VERTEX_POINT('',#12593);
#6336=VERTEX_POINT('',#12818);
#6337=VERTEX_POINT('',#12819);
#6338=VERTEX_POINT('',#12834);
#6339=VERTEX_POINT('',#12849);
#6340=VERTEX_POINT('',#12864);
#6341=VERTEX_POINT('',#12879);
#6342=VERTEX_POINT('',#13104);
#6343=VERTEX_POINT('',#13105);
#6344=VERTEX_POINT('',#13120);
#6345=VERTEX_POINT('',#13135);
#6346=VERTEX_POINT('',#13150);
#6347=VERTEX_POINT('',#13165);
#6348=VERTEX_POINT('',#13390);
#6349=VERTEX_POINT('',#13391);
#6350=VERTEX_POINT('',#13406);
#6351=VERTEX_POINT('',#13421);
#6352=VERTEX_POINT('',#13436);
#6353=VERTEX_POINT('',#13451);
#6354=VERTEX_POINT('',#13676);
#6355=VERTEX_POINT('',#13677);
#6356=VERTEX_POINT('',#13692);
#6357=VERTEX_POINT('',#13707);
#6358=VERTEX_POINT('',#13722);
#6359=VERTEX_POINT('',#13737);
#6360=VERTEX_POINT('',#13962);
#6361=VERTEX_POINT('',#13963);
#6362=VERTEX_POINT('',#13978);
#6363=VERTEX_POINT('',#13993);
#6364=VERTEX_POINT('',#14008);
#6365=VERTEX_POINT('',#14023);
#6366=VERTEX_POINT('',#14055);
#6367=VERTEX_POINT('',#14056);
#6368=VERTEX_POINT('',#14058);
#6369=VERTEX_POINT('',#14060);
#6370=VERTEX_POINT('',#14302);
#6371=VERTEX_POINT('',#14303);
#6372=VERTEX_POINT('',#14318);
#6373=VERTEX_POINT('',#14333);
#6374=VERTEX_POINT('',#14350);
#6375=VERTEX_POINT('',#14365);
#6376=VERTEX_POINT('',#14397);
#6377=VERTEX_POINT('',#14398);
#6378=VERTEX_POINT('',#14400);
#6379=VERTEX_POINT('',#14402);
#6380=VERTEX_POINT('',#14644);
#6381=VERTEX_POINT('',#14645);
#6382=VERTEX_POINT('',#14660);
#6383=VERTEX_POINT('',#14675);
#6384=VERTEX_POINT('',#14692);
#6385=VERTEX_POINT('',#14707);
#6386=VERTEX_POINT('',#14738);
#6387=VERTEX_POINT('',#14756);
#6388=VERTEX_POINT('',#14774);
#6389=VERTEX_POINT('',#14792);
#6390=VERTEX_POINT('',#14807);
#6391=VERTEX_POINT('',#14812);
#6392=VERTEX_POINT('',#14830);
#6393=VERTEX_POINT('',#14860);
#6394=VERTEX_POINT('',#14861);
#6395=VERTEX_POINT('',#14863);
#6396=VERTEX_POINT('',#14878);
#6397=VERTEX_POINT('',#15120);
#6398=VERTEX_POINT('',#15121);
#6399=VERTEX_POINT('',#15136);
#6400=VERTEX_POINT('',#15165);
#6401=VERTEX_POINT('',#15182);
#6402=VERTEX_POINT('',#15183);
#6403=VERTEX_POINT('',#15185);
#6404=VERTEX_POINT('',#15187);
#6405=VERTEX_POINT('',#15190);
#6406=VERTEX_POINT('',#15191);
#6407=VERTEX_POINT('',#15193);
#6408=VERTEX_POINT('',#15195);
#6409=VERTEX_POINT('',#15197);
#6410=VERTEX_POINT('',#15199);
#6411=VERTEX_POINT('',#15201);
#6412=VERTEX_POINT('',#15203);
#6413=VERTEX_POINT('',#15206);
#6414=VERTEX_POINT('',#15207);
#6415=VERTEX_POINT('',#15209);
#6416=VERTEX_POINT('',#15211);
#6417=VERTEX_POINT('',#15213);
#6418=VERTEX_POINT('',#15215);
#6419=VERTEX_POINT('',#15217);
#6420=VERTEX_POINT('',#15219);
#6421=VERTEX_POINT('',#15222);
#6422=VERTEX_POINT('',#15223);
#6423=VERTEX_POINT('',#15225);
#6424=VERTEX_POINT('',#15227);
#6425=VERTEX_POINT('',#15229);
#6426=VERTEX_POINT('',#15231);
#6427=VERTEX_POINT('',#15233);
#6428=VERTEX_POINT('',#15235);
#6429=VERTEX_POINT('',#15238);
#6430=VERTEX_POINT('',#15239);
#6431=VERTEX_POINT('',#15241);
#6432=VERTEX_POINT('',#15243);
#6433=VERTEX_POINT('',#15245);
#6434=VERTEX_POINT('',#15247);
#6435=VERTEX_POINT('',#15249);
#6436=VERTEX_POINT('',#15251);
#6437=VERTEX_POINT('',#15254);
#6438=VERTEX_POINT('',#15255);
#6439=VERTEX_POINT('',#15257);
#6440=VERTEX_POINT('',#15259);
#6441=VERTEX_POINT('',#15261);
#6442=VERTEX_POINT('',#15263);
#6443=VERTEX_POINT('',#15265);
#6444=VERTEX_POINT('',#15267);
#6445=VERTEX_POINT('',#15270);
#6446=VERTEX_POINT('',#15271);
#6447=VERTEX_POINT('',#15273);
#6448=VERTEX_POINT('',#15275);
#6449=VERTEX_POINT('',#15277);
#6450=VERTEX_POINT('',#15279);
#6451=VERTEX_POINT('',#15281);
#6452=VERTEX_POINT('',#15283);
#6453=VERTEX_POINT('',#15286);
#6454=VERTEX_POINT('',#15287);
#6455=VERTEX_POINT('',#15289);
#6456=VERTEX_POINT('',#15291);
#6457=VERTEX_POINT('',#15293);
#6458=VERTEX_POINT('',#15295);
#6459=VERTEX_POINT('',#15297);
#6460=VERTEX_POINT('',#15299);
#6461=VERTEX_POINT('',#15302);
#6462=VERTEX_POINT('',#15303);
#6463=VERTEX_POINT('',#15305);
#6464=VERTEX_POINT('',#15307);
#6465=VERTEX_POINT('',#15309);
#6466=VERTEX_POINT('',#15311);
#6467=VERTEX_POINT('',#15313);
#6468=VERTEX_POINT('',#15315);
#6469=VERTEX_POINT('',#15318);
#6470=VERTEX_POINT('',#15319);
#6471=VERTEX_POINT('',#15321);
#6472=VERTEX_POINT('',#15323);
#6473=VERTEX_POINT('',#15325);
#6474=VERTEX_POINT('',#15327);
#6475=VERTEX_POINT('',#15329);
#6476=VERTEX_POINT('',#15331);
#6477=VERTEX_POINT('',#15334);
#6478=VERTEX_POINT('',#15335);
#6479=VERTEX_POINT('',#15337);
#6480=VERTEX_POINT('',#15339);
#6481=VERTEX_POINT('',#15341);
#6482=VERTEX_POINT('',#15343);
#6483=VERTEX_POINT('',#15345);
#6484=VERTEX_POINT('',#15347);
#6485=VERTEX_POINT('',#15350);
#6486=VERTEX_POINT('',#15351);
#6487=VERTEX_POINT('',#15353);
#6488=VERTEX_POINT('',#15355);
#6489=VERTEX_POINT('',#15357);
#6490=VERTEX_POINT('',#15359);
#6491=VERTEX_POINT('',#15361);
#6492=VERTEX_POINT('',#15363);
#6493=VERTEX_POINT('',#15366);
#6494=VERTEX_POINT('',#15367);
#6495=VERTEX_POINT('',#15369);
#6496=VERTEX_POINT('',#15371);
#6497=VERTEX_POINT('',#15373);
#6498=VERTEX_POINT('',#15375);
#6499=VERTEX_POINT('',#15377);
#6500=VERTEX_POINT('',#15379);
#6501=VERTEX_POINT('',#15382);
#6502=VERTEX_POINT('',#15383);
#6503=VERTEX_POINT('',#15385);
#6504=VERTEX_POINT('',#15387);
#6505=VERTEX_POINT('',#15389);
#6506=VERTEX_POINT('',#15391);
#6507=VERTEX_POINT('',#15393);
#6508=VERTEX_POINT('',#15395);
#6509=VERTEX_POINT('',#15398);
#6510=VERTEX_POINT('',#15399);
#6511=VERTEX_POINT('',#15401);
#6512=VERTEX_POINT('',#15403);
#6513=VERTEX_POINT('',#15405);
#6514=VERTEX_POINT('',#15407);
#6515=VERTEX_POINT('',#15409);
#6516=VERTEX_POINT('',#15411);
#6517=VERTEX_POINT('',#15414);
#6518=VERTEX_POINT('',#15415);
#6519=VERTEX_POINT('',#15417);
#6520=VERTEX_POINT('',#15419);
#6521=VERTEX_POINT('',#15421);
#6522=VERTEX_POINT('',#15423);
#6523=VERTEX_POINT('',#15425);
#6524=VERTEX_POINT('',#15427);
#6525=VERTEX_POINT('',#15430);
#6526=VERTEX_POINT('',#15431);
#6527=VERTEX_POINT('',#15433);
#6528=VERTEX_POINT('',#15435);
#6529=VERTEX_POINT('',#15437);
#6530=VERTEX_POINT('',#15439);
#6531=VERTEX_POINT('',#15441);
#6532=VERTEX_POINT('',#15443);
#6533=VERTEX_POINT('',#15446);
#6534=VERTEX_POINT('',#15447);
#6535=VERTEX_POINT('',#15449);
#6536=VERTEX_POINT('',#15451);
#6537=VERTEX_POINT('',#15453);
#6538=VERTEX_POINT('',#15455);
#6539=VERTEX_POINT('',#15457);
#6540=VERTEX_POINT('',#15459);
#6541=VERTEX_POINT('',#15462);
#6542=VERTEX_POINT('',#15463);
#6543=VERTEX_POINT('',#15465);
#6544=VERTEX_POINT('',#15467);
#6545=VERTEX_POINT('',#15469);
#6546=VERTEX_POINT('',#15471);
#6547=VERTEX_POINT('',#15473);
#6548=VERTEX_POINT('',#15475);
#6549=VERTEX_POINT('',#15478);
#6550=VERTEX_POINT('',#15479);
#6551=VERTEX_POINT('',#15481);
#6552=VERTEX_POINT('',#15483);
#6553=VERTEX_POINT('',#15485);
#6554=VERTEX_POINT('',#15487);
#6555=VERTEX_POINT('',#15489);
#6556=VERTEX_POINT('',#15491);
#6557=VERTEX_POINT('',#15494);
#6558=VERTEX_POINT('',#15495);
#6559=VERTEX_POINT('',#15497);
#6560=VERTEX_POINT('',#15499);
#6561=VERTEX_POINT('',#15501);
#6562=VERTEX_POINT('',#15503);
#6563=VERTEX_POINT('',#15505);
#6564=VERTEX_POINT('',#15507);
#6565=VERTEX_POINT('',#15510);
#6566=VERTEX_POINT('',#15511);
#6567=VERTEX_POINT('',#15513);
#6568=VERTEX_POINT('',#15515);
#6569=VERTEX_POINT('',#15517);
#6570=VERTEX_POINT('',#15519);
#6571=VERTEX_POINT('',#15521);
#6572=VERTEX_POINT('',#15523);
#6573=VERTEX_POINT('',#15526);
#6574=VERTEX_POINT('',#15527);
#6575=VERTEX_POINT('',#15529);
#6576=VERTEX_POINT('',#15531);
#6577=VERTEX_POINT('',#15533);
#6578=VERTEX_POINT('',#15535);
#6579=VERTEX_POINT('',#15537);
#6580=VERTEX_POINT('',#15539);
#6581=VERTEX_POINT('',#15542);
#6582=VERTEX_POINT('',#15543);
#6583=VERTEX_POINT('',#15545);
#6584=VERTEX_POINT('',#15547);
#6585=VERTEX_POINT('',#15549);
#6586=VERTEX_POINT('',#15551);
#6587=VERTEX_POINT('',#15553);
#6588=VERTEX_POINT('',#15555);
#6589=VERTEX_POINT('',#15558);
#6590=VERTEX_POINT('',#15559);
#6591=VERTEX_POINT('',#15561);
#6592=VERTEX_POINT('',#15563);
#6593=VERTEX_POINT('',#15565);
#6594=VERTEX_POINT('',#15567);
#6595=VERTEX_POINT('',#15569);
#6596=VERTEX_POINT('',#15571);
#6597=VERTEX_POINT('',#15574);
#6598=VERTEX_POINT('',#15575);
#6599=VERTEX_POINT('',#15577);
#6600=VERTEX_POINT('',#15579);
#6601=VERTEX_POINT('',#15581);
#6602=VERTEX_POINT('',#15583);
#6603=VERTEX_POINT('',#15585);
#6604=VERTEX_POINT('',#15587);
#6605=VERTEX_POINT('',#15590);
#6606=VERTEX_POINT('',#15591);
#6607=VERTEX_POINT('',#15593);
#6608=VERTEX_POINT('',#15595);
#6609=VERTEX_POINT('',#15597);
#6610=VERTEX_POINT('',#15599);
#6611=VERTEX_POINT('',#15601);
#6612=VERTEX_POINT('',#15603);
#6613=VERTEX_POINT('',#15606);
#6614=VERTEX_POINT('',#15607);
#6615=VERTEX_POINT('',#15609);
#6616=VERTEX_POINT('',#15611);
#6617=VERTEX_POINT('',#15613);
#6618=VERTEX_POINT('',#15615);
#6619=VERTEX_POINT('',#15617);
#6620=VERTEX_POINT('',#15619);
#6621=VERTEX_POINT('',#15622);
#6622=VERTEX_POINT('',#15623);
#6623=VERTEX_POINT('',#15625);
#6624=VERTEX_POINT('',#15627);
#6625=VERTEX_POINT('',#15629);
#6626=VERTEX_POINT('',#15631);
#6627=VERTEX_POINT('',#15633);
#6628=VERTEX_POINT('',#15635);
#6629=VERTEX_POINT('',#15638);
#6630=VERTEX_POINT('',#15639);
#6631=VERTEX_POINT('',#15641);
#6632=VERTEX_POINT('',#15643);
#6633=VERTEX_POINT('',#15645);
#6634=VERTEX_POINT('',#15647);
#6635=VERTEX_POINT('',#15649);
#6636=VERTEX_POINT('',#15651);
#6637=VERTEX_POINT('',#15654);
#6638=VERTEX_POINT('',#15655);
#6639=VERTEX_POINT('',#15659);
#6640=VERTEX_POINT('',#15661);
#6641=VERTEX_POINT('',#15665);
#6642=VERTEX_POINT('',#15667);
#6643=VERTEX_POINT('',#15672);
#6644=VERTEX_POINT('',#15674);
#6645=VERTEX_POINT('',#15676);
#6646=VERTEX_POINT('',#15678);
#6647=VERTEX_POINT('',#15680);
#6648=VERTEX_POINT('',#15682);
#6649=VERTEX_POINT('',#15684);
#6650=VERTEX_POINT('',#15686);
#6651=VERTEX_POINT('',#15688);
#6652=VERTEX_POINT('',#15690);
#6653=VERTEX_POINT('',#15692);
#6654=VERTEX_POINT('',#15694);
#6655=VERTEX_POINT('',#15696);
#6656=VERTEX_POINT('',#15698);
#6657=VERTEX_POINT('',#15700);
#6658=VERTEX_POINT('',#15702);
#6659=VERTEX_POINT('',#15704);
#6660=VERTEX_POINT('',#15706);
#6661=VERTEX_POINT('',#15708);
#6662=VERTEX_POINT('',#15710);
#6663=VERTEX_POINT('',#15712);
#6664=VERTEX_POINT('',#15714);
#6665=VERTEX_POINT('',#15716);
#6666=VERTEX_POINT('',#15718);
#6667=VERTEX_POINT('',#15720);
#6668=VERTEX_POINT('',#15722);
#6669=VERTEX_POINT('',#15724);
#6670=VERTEX_POINT('',#15729);
#6671=VERTEX_POINT('',#15730);
#6672=VERTEX_POINT('',#15732);
#6673=VERTEX_POINT('',#15734);
#6674=VERTEX_POINT('',#15736);
#6675=VERTEX_POINT('',#15738);
#6676=VERTEX_POINT('',#15742);
#6677=VERTEX_POINT('',#15744);
#6678=VERTEX_POINT('',#15746);
#6679=VERTEX_POINT('',#15748);
#6680=VERTEX_POINT('',#15752);
#6681=VERTEX_POINT('',#15753);
#6682=VERTEX_POINT('',#15755);
#6683=VERTEX_POINT('',#15766);
#6684=VERTEX_POINT('',#15768);
#6685=VERTEX_POINT('',#15774);
#6686=VERTEX_POINT('',#15776);
#6687=VERTEX_POINT('',#15778);
#6688=VERTEX_POINT('',#15780);
#6689=VERTEX_POINT('',#15784);
#6690=VERTEX_POINT('',#15785);
#6691=VERTEX_POINT('',#15787);
#6692=VERTEX_POINT('',#15789);
#6693=VERTEX_POINT('',#15791);
#6694=VERTEX_POINT('',#15793);
#6695=VERTEX_POINT('',#15795);
#6696=VERTEX_POINT('',#15797);
#6697=VERTEX_POINT('',#15799);
#6698=VERTEX_POINT('',#15801);
#6699=VERTEX_POINT('',#15803);
#6700=VERTEX_POINT('',#15805);
#6701=VERTEX_POINT('',#15807);
#6702=VERTEX_POINT('',#15809);
#6703=VERTEX_POINT('',#15811);
#6704=VERTEX_POINT('',#15813);
#6705=VERTEX_POINT('',#15815);
#6706=VERTEX_POINT('',#15817);
#6707=VERTEX_POINT('',#15819);
#6708=VERTEX_POINT('',#15821);
#6709=VERTEX_POINT('',#15823);
#6710=VERTEX_POINT('',#15825);
#6711=VERTEX_POINT('',#15827);
#6712=VERTEX_POINT('',#15829);
#6713=VERTEX_POINT('',#15831);
#6714=VERTEX_POINT('',#15833);
#6715=VERTEX_POINT('',#15835);
#6716=VERTEX_POINT('',#15837);
#6717=VERTEX_POINT('',#15839);
#6718=VERTEX_POINT('',#15841);
#6719=VERTEX_POINT('',#15843);
#6720=VERTEX_POINT('',#15845);
#6721=VERTEX_POINT('',#15847);
#6722=VERTEX_POINT('',#15849);
#6723=VERTEX_POINT('',#15851);
#6724=VERTEX_POINT('',#15853);
#6725=VERTEX_POINT('',#15855);
#6726=VERTEX_POINT('',#15857);
#6727=VERTEX_POINT('',#15859);
#6728=VERTEX_POINT('',#15861);
#6729=VERTEX_POINT('',#15863);
#6730=VERTEX_POINT('',#15865);
#6731=VERTEX_POINT('',#15867);
#6732=VERTEX_POINT('',#15869);
#6733=VERTEX_POINT('',#15871);
#6734=VERTEX_POINT('',#15873);
#6735=VERTEX_POINT('',#15875);
#6736=VERTEX_POINT('',#15877);
#6737=VERTEX_POINT('',#15879);
#6738=VERTEX_POINT('',#15881);
#6739=VERTEX_POINT('',#15883);
#6740=VERTEX_POINT('',#15885);
#6741=VERTEX_POINT('',#15887);
#6742=VERTEX_POINT('',#15889);
#6743=VERTEX_POINT('',#15891);
#6744=VERTEX_POINT('',#15893);
#6745=VERTEX_POINT('',#15897);
#6746=VERTEX_POINT('',#15898);
#6747=VERTEX_POINT('',#15900);
#6748=VERTEX_POINT('',#15902);
#6749=VERTEX_POINT('',#15906);
#6750=VERTEX_POINT('',#15907);
#6751=VERTEX_POINT('',#15912);
#6752=VERTEX_POINT('',#15913);
#6753=VERTEX_POINT('',#15918);
#6754=VERTEX_POINT('',#15919);
#6755=VERTEX_POINT('',#15921);
#6756=VERTEX_POINT('',#15926);
#6757=VERTEX_POINT('',#15927);
#6758=VERTEX_POINT('',#15930);
#6759=VERTEX_POINT('',#15934);
#6760=VERTEX_POINT('',#15935);
#6761=VERTEX_POINT('',#15942);
#6762=VERTEX_POINT('',#15946);
#6763=VERTEX_POINT('',#15948);
#6764=VERTEX_POINT('',#15953);
#6765=VERTEX_POINT('',#15955);
#6766=VERTEX_POINT('',#15959);
#6767=VERTEX_POINT('',#15960);
#6768=VERTEX_POINT('',#15962);
#6769=VERTEX_POINT('',#15964);
#6770=VERTEX_POINT('',#15966);
#6771=VERTEX_POINT('',#15971);
#6772=VERTEX_POINT('',#15975);
#6773=VERTEX_POINT('',#15981);
#6774=VERTEX_POINT('',#15983);
#6775=VERTEX_POINT('',#15987);
#6776=VERTEX_POINT('',#15989);
#6777=VERTEX_POINT('',#15991);
#6778=VERTEX_POINT('',#15995);
#6779=VERTEX_POINT('',#15996);
#6780=VERTEX_POINT('',#15999);
#6781=VERTEX_POINT('',#16003);
#6782=VERTEX_POINT('',#16004);
#6783=VERTEX_POINT('',#16009);
#6784=VERTEX_POINT('',#16013);
#6785=VERTEX_POINT('',#16017);
#6786=VERTEX_POINT('',#16021);
#6787=VERTEX_POINT('',#16025);
#6788=VERTEX_POINT('',#16029);
#6789=VERTEX_POINT('',#16033);
#6790=VERTEX_POINT('',#16034);
#6791=VERTEX_POINT('',#16039);
#6792=VERTEX_POINT('',#16043);
#6793=VERTEX_POINT('',#16047);
#6794=VERTEX_POINT('',#16051);
#6795=VERTEX_POINT('',#16055);
#6796=VERTEX_POINT('',#16059);
#6797=VERTEX_POINT('',#16063);
#6798=VERTEX_POINT('',#16064);
#6799=VERTEX_POINT('',#16069);
#6800=VERTEX_POINT('',#16073);
#6801=VERTEX_POINT('',#16077);
#6802=VERTEX_POINT('',#16081);
#6803=VERTEX_POINT('',#16085);
#6804=VERTEX_POINT('',#16089);
#6805=VERTEX_POINT('',#16093);
#6806=VERTEX_POINT('',#16094);
#6807=VERTEX_POINT('',#16099);
#6808=VERTEX_POINT('',#16103);
#6809=VERTEX_POINT('',#16107);
#6810=VERTEX_POINT('',#16111);
#6811=VERTEX_POINT('',#16115);
#6812=VERTEX_POINT('',#16119);
#6813=VERTEX_POINT('',#16123);
#6814=VERTEX_POINT('',#16124);
#6815=VERTEX_POINT('',#16129);
#6816=VERTEX_POINT('',#16133);
#6817=VERTEX_POINT('',#16137);
#6818=VERTEX_POINT('',#16141);
#6819=VERTEX_POINT('',#16145);
#6820=VERTEX_POINT('',#16149);
#6821=VERTEX_POINT('',#16153);
#6822=VERTEX_POINT('',#16154);
#6823=VERTEX_POINT('',#16159);
#6824=VERTEX_POINT('',#16163);
#6825=VERTEX_POINT('',#16167);
#6826=VERTEX_POINT('',#16171);
#6827=VERTEX_POINT('',#16175);
#6828=VERTEX_POINT('',#16179);
#6829=VERTEX_POINT('',#16183);
#6830=VERTEX_POINT('',#16184);
#6831=VERTEX_POINT('',#16189);
#6832=VERTEX_POINT('',#16193);
#6833=VERTEX_POINT('',#16197);
#6834=VERTEX_POINT('',#16201);
#6835=VERTEX_POINT('',#16205);
#6836=VERTEX_POINT('',#16209);
#6837=VERTEX_POINT('',#16213);
#6838=VERTEX_POINT('',#16214);
#6839=VERTEX_POINT('',#16219);
#6840=VERTEX_POINT('',#16223);
#6841=VERTEX_POINT('',#16227);
#6842=VERTEX_POINT('',#16231);
#6843=VERTEX_POINT('',#16235);
#6844=VERTEX_POINT('',#16239);
#6845=VERTEX_POINT('',#16243);
#6846=VERTEX_POINT('',#16244);
#6847=VERTEX_POINT('',#16249);
#6848=VERTEX_POINT('',#16253);
#6849=VERTEX_POINT('',#16257);
#6850=VERTEX_POINT('',#16261);
#6851=VERTEX_POINT('',#16265);
#6852=VERTEX_POINT('',#16269);
#6853=VERTEX_POINT('',#16273);
#6854=VERTEX_POINT('',#16274);
#6855=VERTEX_POINT('',#16279);
#6856=VERTEX_POINT('',#16283);
#6857=VERTEX_POINT('',#16287);
#6858=VERTEX_POINT('',#16291);
#6859=VERTEX_POINT('',#16295);
#6860=VERTEX_POINT('',#16299);
#6861=VERTEX_POINT('',#16303);
#6862=VERTEX_POINT('',#16304);
#6863=VERTEX_POINT('',#16309);
#6864=VERTEX_POINT('',#16313);
#6865=VERTEX_POINT('',#16317);
#6866=VERTEX_POINT('',#16321);
#6867=VERTEX_POINT('',#16325);
#6868=VERTEX_POINT('',#16329);
#6869=VERTEX_POINT('',#16333);
#6870=VERTEX_POINT('',#16334);
#6871=VERTEX_POINT('',#16339);
#6872=VERTEX_POINT('',#16343);
#6873=VERTEX_POINT('',#16347);
#6874=VERTEX_POINT('',#16351);
#6875=VERTEX_POINT('',#16355);
#6876=VERTEX_POINT('',#16359);
#6877=VERTEX_POINT('',#16363);
#6878=VERTEX_POINT('',#16364);
#6879=VERTEX_POINT('',#16369);
#6880=VERTEX_POINT('',#16373);
#6881=VERTEX_POINT('',#16377);
#6882=VERTEX_POINT('',#16381);
#6883=VERTEX_POINT('',#16385);
#6884=VERTEX_POINT('',#16389);
#6885=VERTEX_POINT('',#16393);
#6886=VERTEX_POINT('',#16394);
#6887=VERTEX_POINT('',#16399);
#6888=VERTEX_POINT('',#16403);
#6889=VERTEX_POINT('',#16407);
#6890=VERTEX_POINT('',#16411);
#6891=VERTEX_POINT('',#16415);
#6892=VERTEX_POINT('',#16419);
#6893=VERTEX_POINT('',#16423);
#6894=VERTEX_POINT('',#16424);
#6895=VERTEX_POINT('',#16429);
#6896=VERTEX_POINT('',#16433);
#6897=VERTEX_POINT('',#16437);
#6898=VERTEX_POINT('',#16441);
#6899=VERTEX_POINT('',#16445);
#6900=VERTEX_POINT('',#16449);
#6901=VERTEX_POINT('',#16453);
#6902=VERTEX_POINT('',#16454);
#6903=VERTEX_POINT('',#16459);
#6904=VERTEX_POINT('',#16463);
#6905=VERTEX_POINT('',#16467);
#6906=VERTEX_POINT('',#16471);
#6907=VERTEX_POINT('',#16475);
#6908=VERTEX_POINT('',#16479);
#6909=VERTEX_POINT('',#16483);
#6910=VERTEX_POINT('',#16484);
#6911=VERTEX_POINT('',#16489);
#6912=VERTEX_POINT('',#16493);
#6913=VERTEX_POINT('',#16497);
#6914=VERTEX_POINT('',#16501);
#6915=VERTEX_POINT('',#16505);
#6916=VERTEX_POINT('',#16509);
#6917=VERTEX_POINT('',#16513);
#6918=VERTEX_POINT('',#16514);
#6919=VERTEX_POINT('',#16519);
#6920=VERTEX_POINT('',#16523);
#6921=VERTEX_POINT('',#16527);
#6922=VERTEX_POINT('',#16531);
#6923=VERTEX_POINT('',#16535);
#6924=VERTEX_POINT('',#16539);
#6925=VERTEX_POINT('',#16543);
#6926=VERTEX_POINT('',#16544);
#6927=VERTEX_POINT('',#16549);
#6928=VERTEX_POINT('',#16553);
#6929=VERTEX_POINT('',#16557);
#6930=VERTEX_POINT('',#16561);
#6931=VERTEX_POINT('',#16565);
#6932=VERTEX_POINT('',#16569);
#6933=VERTEX_POINT('',#16573);
#6934=VERTEX_POINT('',#16574);
#6935=VERTEX_POINT('',#16579);
#6936=VERTEX_POINT('',#16583);
#6937=VERTEX_POINT('',#16587);
#6938=VERTEX_POINT('',#16591);
#6939=VERTEX_POINT('',#16595);
#6940=VERTEX_POINT('',#16599);
#6941=VERTEX_POINT('',#16603);
#6942=VERTEX_POINT('',#16604);
#6943=VERTEX_POINT('',#16609);
#6944=VERTEX_POINT('',#16613);
#6945=VERTEX_POINT('',#16617);
#6946=VERTEX_POINT('',#16621);
#6947=VERTEX_POINT('',#16625);
#6948=VERTEX_POINT('',#16629);
#6949=VERTEX_POINT('',#16633);
#6950=VERTEX_POINT('',#16634);
#6951=VERTEX_POINT('',#16639);
#6952=VERTEX_POINT('',#16643);
#6953=VERTEX_POINT('',#16647);
#6954=VERTEX_POINT('',#16651);
#6955=VERTEX_POINT('',#16655);
#6956=VERTEX_POINT('',#16659);
#6957=VERTEX_POINT('',#16663);
#6958=VERTEX_POINT('',#16664);
#6959=VERTEX_POINT('',#16669);
#6960=VERTEX_POINT('',#16673);
#6961=VERTEX_POINT('',#16677);
#6962=VERTEX_POINT('',#16681);
#6963=VERTEX_POINT('',#16685);
#6964=VERTEX_POINT('',#16689);
#6965=VERTEX_POINT('',#16693);
#6966=VERTEX_POINT('',#16694);
#6967=VERTEX_POINT('',#16699);
#6968=VERTEX_POINT('',#16703);
#6969=VERTEX_POINT('',#16707);
#6970=VERTEX_POINT('',#16711);
#6971=VERTEX_POINT('',#16715);
#6972=VERTEX_POINT('',#16719);
#6973=VERTEX_POINT('',#16723);
#6974=VERTEX_POINT('',#16724);
#6975=VERTEX_POINT('',#16729);
#6976=VERTEX_POINT('',#16733);
#6977=VERTEX_POINT('',#16737);
#6978=VERTEX_POINT('',#16741);
#6979=VERTEX_POINT('',#16745);
#6980=VERTEX_POINT('',#16749);
#6981=VERTEX_POINT('',#16753);
#6982=VERTEX_POINT('',#16754);
#6983=VERTEX_POINT('',#16759);
#6984=VERTEX_POINT('',#16763);
#6985=VERTEX_POINT('',#16767);
#6986=VERTEX_POINT('',#16771);
#6987=VERTEX_POINT('',#16775);
#6988=VERTEX_POINT('',#16779);
#6989=VERTEX_POINT('',#16783);
#6990=VERTEX_POINT('',#16784);
#6991=VERTEX_POINT('',#16789);
#6992=VERTEX_POINT('',#16793);
#6993=VERTEX_POINT('',#16797);
#6994=VERTEX_POINT('',#16801);
#6995=VERTEX_POINT('',#16805);
#6996=VERTEX_POINT('',#16809);
#6997=VERTEX_POINT('',#16813);
#6998=VERTEX_POINT('',#16814);
#6999=VERTEX_POINT('',#16819);
#7000=VERTEX_POINT('',#16823);
#7001=VERTEX_POINT('',#16827);
#7002=VERTEX_POINT('',#16831);
#7003=VERTEX_POINT('',#16835);
#7004=VERTEX_POINT('',#16839);
#7005=VERTEX_POINT('',#16843);
#7006=VERTEX_POINT('',#16844);
#7007=VERTEX_POINT('',#16849);
#7008=VERTEX_POINT('',#16853);
#7009=VERTEX_POINT('',#16857);
#7010=VERTEX_POINT('',#16861);
#7011=VERTEX_POINT('',#16865);
#7012=VERTEX_POINT('',#16869);
#7013=VERTEX_POINT('',#16873);
#7014=VERTEX_POINT('',#16874);
#7015=VERTEX_POINT('',#16941);
#7016=VERTEX_POINT('',#16943);
#7017=VERTEX_POINT('',#16945);
#7018=VERTEX_POINT('',#16952);
#7019=VERTEX_POINT('',#16954);
#7020=VERTEX_POINT('',#16956);
#7021=VERTEX_POINT('',#16958);
#7022=VERTEX_POINT('',#16966);
#7023=VERTEX_POINT('',#16968);
#7024=VERTEX_POINT('',#16970);
#7025=VERTEX_POINT('',#16972);
#7026=VERTEX_POINT('',#16974);
#7027=VERTEX_POINT('',#16976);
#7028=VERTEX_POINT('',#16978);
#7029=VERTEX_POINT('',#16980);
#7030=VERTEX_POINT('',#16982);
#7031=VERTEX_POINT('',#16984);
#7032=VERTEX_POINT('',#16986);
#7033=VERTEX_POINT('',#16988);
#7034=VERTEX_POINT('',#16990);
#7035=VERTEX_POINT('',#16992);
#7036=VERTEX_POINT('',#16994);
#7037=VERTEX_POINT('',#16996);
#7038=VERTEX_POINT('',#16998);
#7039=VERTEX_POINT('',#17000);
#7040=VERTEX_POINT('',#17002);
#7041=VERTEX_POINT('',#17004);
#7042=VERTEX_POINT('',#17006);
#7043=VERTEX_POINT('',#17008);
#7044=VERTEX_POINT('',#17010);
#7045=VERTEX_POINT('',#17012);
#7046=VERTEX_POINT('',#17018);
#7047=VERTEX_POINT('',#17020);
#7048=VERTEX_POINT('',#17024);
#7049=VERTEX_POINT('',#17026);
#7050=VERTEX_POINT('',#17030);
#7051=VERTEX_POINT('',#17032);
#7052=VERTEX_POINT('',#17036);
#7053=VERTEX_POINT('',#17038);
#7054=VERTEX_POINT('',#17042);
#7055=VERTEX_POINT('',#17044);
#7056=VERTEX_POINT('',#17048);
#7057=VERTEX_POINT('',#17050);
#7058=VERTEX_POINT('',#17054);
#7059=VERTEX_POINT('',#17056);
#7060=VERTEX_POINT('',#17060);
#7061=VERTEX_POINT('',#17062);
#7062=VERTEX_POINT('',#17066);
#7063=VERTEX_POINT('',#17070);
#7064=VERTEX_POINT('',#17072);
#7065=VERTEX_POINT('',#17074);
#7066=VERTEX_POINT('',#17077);
#7067=VERTEX_POINT('',#17080);
#7068=VERTEX_POINT('',#17088);
#7069=VERTEX_POINT('',#17092);
#7070=VERTEX_POINT('',#17106);
#7071=VERTEX_POINT('',#17110);
#7072=VERTEX_POINT('',#17116);
#7073=VERTEX_POINT('',#17120);
#7074=VERTEX_POINT('',#17126);
#7075=VERTEX_POINT('',#17142);
#7076=VERTEX_POINT('',#17146);
#7077=VERTEX_POINT('',#17150);
#7078=VERTEX_POINT('',#17154);
#7079=VERTEX_POINT('',#17158);
#7080=VERTEX_POINT('',#17162);
#7081=VERTEX_POINT('',#17166);
#7082=VERTEX_POINT('',#17170);
#7083=VERTEX_POINT('',#17174);
#7084=VERTEX_POINT('',#17178);
#7085=VERTEX_POINT('',#17182);
#7086=VERTEX_POINT('',#17186);
#7087=VERTEX_POINT('',#17190);
#7088=VERTEX_POINT('',#17194);
#7089=VERTEX_POINT('',#17198);
#7090=VERTEX_POINT('',#17202);
#7091=VERTEX_POINT('',#17206);
#7092=VERTEX_POINT('',#17210);
#7093=VERTEX_POINT('',#17214);
#7094=VERTEX_POINT('',#17218);
#7095=VERTEX_POINT('',#17222);
#7096=VERTEX_POINT('',#17226);
#7097=VERTEX_POINT('',#17230);
#7098=VERTEX_POINT('',#17234);
#7099=VERTEX_POINT('',#17240);
#7100=VERTEX_POINT('',#17242);
#7101=VERTEX_POINT('',#17246);
#7102=VERTEX_POINT('',#17247);
#7103=VERTEX_POINT('',#17249);
#7104=VERTEX_POINT('',#17251);
#7105=VERTEX_POINT('',#17255);
#7106=VERTEX_POINT('',#17256);
#7107=VERTEX_POINT('',#17262);
#7108=VERTEX_POINT('',#17264);
#7109=VERTEX_POINT('',#17267);
#7110=VERTEX_POINT('',#17269);
#7111=VERTEX_POINT('',#17273);
#7112=VERTEX_POINT('',#17274);
#7113=VERTEX_POINT('',#17279);
#7114=VERTEX_POINT('',#17280);
#7115=VERTEX_POINT('',#17285);
#7116=VERTEX_POINT('',#17286);
#7117=VERTEX_POINT('',#17291);
#7118=VERTEX_POINT('',#17292);
#7119=VERTEX_POINT('',#17297);
#7120=VERTEX_POINT('',#17298);
#7121=VERTEX_POINT('',#17303);
#7122=VERTEX_POINT('',#17304);
#7123=VERTEX_POINT('',#17309);
#7124=VERTEX_POINT('',#17310);
#7125=VERTEX_POINT('',#17315);
#7126=VERTEX_POINT('',#17316);
#7127=VERTEX_POINT('',#17321);
#7128=VERTEX_POINT('',#17322);
#7129=VERTEX_POINT('',#17327);
#7130=VERTEX_POINT('',#17328);
#7131=VERTEX_POINT('',#17333);
#7132=VERTEX_POINT('',#17334);
#7133=VERTEX_POINT('',#17339);
#7134=VERTEX_POINT('',#17340);
#7135=VERTEX_POINT('',#17345);
#7136=VERTEX_POINT('',#17346);
#7137=VERTEX_POINT('',#17351);
#7138=VERTEX_POINT('',#17352);
#7139=VERTEX_POINT('',#17357);
#7140=VERTEX_POINT('',#17358);
#7141=VERTEX_POINT('',#17363);
#7142=VERTEX_POINT('',#17364);
#7143=VERTEX_POINT('',#17369);
#7144=VERTEX_POINT('',#17370);
#7145=VERTEX_POINT('',#17375);
#7146=VERTEX_POINT('',#17376);
#7147=VERTEX_POINT('',#17381);
#7148=VERTEX_POINT('',#17382);
#7149=VERTEX_POINT('',#17387);
#7150=VERTEX_POINT('',#17388);
#7151=VERTEX_POINT('',#17393);
#7152=VERTEX_POINT('',#17394);
#7153=VERTEX_POINT('',#17399);
#7154=VERTEX_POINT('',#17400);
#7155=VERTEX_POINT('',#17409);
#7156=VERTEX_POINT('',#17431);
#7157=VERTEX_POINT('',#17451);
#7158=VERTEX_POINT('',#17452);
#7159=VERTEX_POINT('',#17454);
#7160=VERTEX_POINT('',#17456);
#7161=VERTEX_POINT('',#17460);
#7162=VERTEX_POINT('',#17462);
#7163=VERTEX_POINT('',#17465);
#7164=VERTEX_POINT('',#17470);
#7165=VERTEX_POINT('',#17472);
#7166=VERTEX_POINT('',#17475);
#7167=VERTEX_POINT('',#17480);
#7168=VERTEX_POINT('',#17482);
#7169=VERTEX_POINT('',#17485);
#7170=VERTEX_POINT('',#17490);
#7171=VERTEX_POINT('',#17492);
#7172=VERTEX_POINT('',#17495);
#7173=B_SPLINE_CURVE_WITH_KNOTS('',3,(#12518,#12519,#12520,#12521,#12522,#12523,#12524,#12525,#12526,#12527,#12528,#12529,#12530,#12531),.UNSPECIFIED.,.F.,.F.,(4,2,2,2,2,2,4),(0.,0.25,0.375,0.5,0.75,0.875,1.),.UNSPECIFIED.);
#7174=B_SPLINE_CURVE_WITH_KNOTS('',3,(#12534,#12535,#12536,#12537,#12538,#12539,#12540,#12541,#12542,#12543,#12544,#12545,#12546,#12547),.UNSPECIFIED.,.F.,.F.,(4,2,2,2,2,2,4),(0.,0.193837334035451,0.211931079460704,0.244222500658236,0.596918667017726,0.798459333508863,1.),.UNSPECIFIED.);
#7175=B_SPLINE_CURVE_WITH_KNOTS('',3,(#12549,#12550,#12551,#12552,#12553,#12554,#12555,#12556,#12557,#12558,#12559,#12560,#12561,#12562),.UNSPECIFIED.,.F.,.F.,(4,2,2,2,2,2,4),(0.,0.193837334035451,0.211931079460704,0.244222500658236,0.596918667017726,0.798459333508863,1.),.UNSPECIFIED.);
#7176=B_SPLINE_CURVE_WITH_KNOTS('',3,(#12564,#12565,#12566,#12567,#12568,#12569,#12570,#12571,#12572,#12573,#12574,#12575,#12576,#12577),.UNSPECIFIED.,.F.,.F.,(4,2,2,2,2,2,4),(0.,0.25,0.375,0.5,0.75,0.875,1.),.UNSPECIFIED.);
#7177=B_SPLINE_CURVE_WITH_KNOTS('',3,(#12579,#12580,#12581,#12582,#12583,#12584,#12585,#12586,#12587,#12588,#12589,#12590,#12591,#12592),.UNSPECIFIED.,.F.,.F.,(4,2,2,2,2,2,4),(0.,0.193837334035451,0.211931079460704,0.244222500658236,0.596918667017726,0.798459333508863,1.),.UNSPECIFIED.);
#7178=B_SPLINE_CURVE_WITH_KNOTS('',3,(#12594,#12595,#12596,#12597,#12598,#12599,#12600,#12601,#12602,#12603,#12604,#12605,#12606,#12607),.UNSPECIFIED.,.F.,.F.,(4,2,2,2,2,2,4),(0.,0.193837334035451,0.211931079460704,0.244222500658236,0.596918667017726,0.798459333508863,1.),.UNSPECIFIED.);
#7179=B_SPLINE_CURVE_WITH_KNOTS('',3,(#12804,#12805,#12806,#12807,#12808,#12809,#12810,#12811,#12812,#12813,#12814,#12815,#12816,#12817),.UNSPECIFIED.,.F.,.F.,(4,2,2,2,2,2,4),(0.,0.25,0.375,0.5,0.75,0.875,1.),.UNSPECIFIED.);
#7180=B_SPLINE_CURVE_WITH_KNOTS('',3,(#12820,#12821,#12822,#12823,#12824,#12825,#12826,#12827,#12828,#12829,#12830,#12831,#12832,#12833),.UNSPECIFIED.,.F.,.F.,(4,2,2,2,2,2,4),(0.,0.193837334035493,0.211931079460747,0.244222500658274,0.596918667017746,0.798459333508873,1.),.UNSPECIFIED.);
#7181=B_SPLINE_CURVE_WITH_KNOTS('',3,(#12835,#12836,#12837,#12838,#12839,#12840,#12841,#12842,#12843,#12844,#12845,#12846,#12847,#12848),.UNSPECIFIED.,.F.,.F.,(4,2,2,2,2,2,4),(0.,0.193837334035493,0.211931079460747,0.244222500658274,0.596918667017746,0.798459333508873,1.),.UNSPECIFIED.);
#7182=B_SPLINE_CURVE_WITH_KNOTS('',3,(#12850,#12851,#12852,#12853,#12854,#12855,#12856,#12857,#12858,#12859,#12860,#12861,#12862,#12863),.UNSPECIFIED.,.F.,.F.,(4,2,2,2,2,2,4),(0.,0.25,0.375,0.5,0.75,0.875,1.),.UNSPECIFIED.);
#7183=B_SPLINE_CURVE_WITH_KNOTS('',3,(#12865,#12866,#12867,#12868,#12869,#12870,#12871,#12872,#12873,#12874,#12875,#12876,#12877,#12878),.UNSPECIFIED.,.F.,.F.,(4,2,2,2,2,2,4),(0.,0.193837334035493,0.211931079460747,0.244222500658274,0.596918667017746,0.798459333508873,1.),.UNSPECIFIED.);
#7184=B_SPLINE_CURVE_WITH_KNOTS('',3,(#12880,#12881,#12882,#12883,#12884,#12885,#12886,#12887,#12888,#12889,#12890,#12891,#12892,#12893),.UNSPECIFIED.,.F.,.F.,(4,2,2,2,2,2,4),(0.,0.193837334035493,0.211931079460747,0.244222500658274,0.596918667017746,0.798459333508873,1.),.UNSPECIFIED.);
#7185=B_SPLINE_CURVE_WITH_KNOTS('',3,(#13090,#13091,#13092,#13093,#13094,#13095,#13096,#13097,#13098,#13099,#13100,#13101,#13102,#13103),.UNSPECIFIED.,.F.,.F.,(4,2,2,2,2,2,4),(0.,0.25,0.375,0.5,0.75,0.875,1.),.UNSPECIFIED.);
#7186=B_SPLINE_CURVE_WITH_KNOTS('',3,(#13106,#13107,#13108,#13109,#13110,#13111,#13112,#13113,#13114,#13115,#13116,#13117,#13118,#13119),.UNSPECIFIED.,.F.,.F.,(4,2,2,2,2,2,4),(0.,0.19383733403547,0.211931079460722,0.244222500658254,0.596918667017735,0.798459333508868,1.),.UNSPECIFIED.);
#7187=B_SPLINE_CURVE_WITH_KNOTS('',3,(#13121,#13122,#13123,#13124,#13125,#13126,#13127,#13128,#13129,#13130,#13131,#13132,#13133,#13134),.UNSPECIFIED.,.F.,.F.,(4,2,2,2,2,2,4),(0.,0.19383733403547,0.211931079460722,0.244222500658254,0.596918667017735,0.798459333508868,1.),.UNSPECIFIED.);
#7188=B_SPLINE_CURVE_WITH_KNOTS('',3,(#13136,#13137,#13138,#13139,#13140,#13141,#13142,#13143,#13144,#13145,#13146,#13147,#13148,#13149),.UNSPECIFIED.,.F.,.F.,(4,2,2,2,2,2,4),(0.,0.25,0.375,0.5,0.75,0.875,1.),.UNSPECIFIED.);
#7189=B_SPLINE_CURVE_WITH_KNOTS('',3,(#13151,#13152,#13153,#13154,#13155,#13156,#13157,#13158,#13159,#13160,#13161,#13162,#13163,#13164),.UNSPECIFIED.,.F.,.F.,(4,2,2,2,2,2,4),(0.,0.19383733403547,0.211931079460722,0.244222500658254,0.596918667017735,0.798459333508868,1.),.UNSPECIFIED.);
#7190=B_SPLINE_CURVE_WITH_KNOTS('',3,(#13166,#13167,#13168,#13169,#13170,#13171,#13172,#13173,#13174,#13175,#13176,#13177,#13178,#13179),.UNSPECIFIED.,.F.,.F.,(4,2,2,2,2,2,4),(0.,0.19383733403547,0.211931079460722,0.244222500658254,0.596918667017735,0.798459333508868,1.),.UNSPECIFIED.);
#7191=B_SPLINE_CURVE_WITH_KNOTS('',3,(#13376,#13377,#13378,#13379,#13380,#13381,#13382,#13383,#13384,#13385,#13386,#13387,#13388,#13389),.UNSPECIFIED.,.F.,.F.,(4,2,2,2,2,2,4),(0.,0.25,0.375,0.5,0.75,0.875,1.),.UNSPECIFIED.);
#7192=B_SPLINE_CURVE_WITH_KNOTS('',3,(#13392,#13393,#13394,#13395,#13396,#13397,#13398,#13399,#13400,#13401,#13402,#13403,#13404,#13405),.UNSPECIFIED.,.F.,.F.,(4,2,2,2,2,2,4),(0.,0.193837334035495,0.21193129505057,0.244222500658276,0.596918667017748,0.798459333508874,1.),.UNSPECIFIED.);
#7193=B_SPLINE_CURVE_WITH_KNOTS('',3,(#13407,#13408,#13409,#13410,#13411,#13412,#13413,#13414,#13415,#13416,#13417,#13418,#13419,#13420),.UNSPECIFIED.,.F.,.F.,(4,2,2,2,2,2,4),(0.,0.193837334035495,0.21193129505057,0.244222500658276,0.596918667017748,0.798459333508874,1.),.UNSPECIFIED.);
#7194=B_SPLINE_CURVE_WITH_KNOTS('',3,(#13422,#13423,#13424,#13425,#13426,#13427,#13428,#13429,#13430,#13431,#13432,#13433,#13434,#13435),.UNSPECIFIED.,.F.,.F.,(4,2,2,2,2,2,4),(0.,0.25,0.375,0.5,0.75,0.875,1.),.UNSPECIFIED.);
#7195=B_SPLINE_CURVE_WITH_KNOTS('',3,(#13437,#13438,#13439,#13440,#13441,#13442,#13443,#13444,#13445,#13446,#13447,#13448,#13449,#13450),.UNSPECIFIED.,.F.,.F.,(4,2,2,2,2,2,4),(0.,0.193837334035495,0.21193129505057,0.244222500658276,0.596918667017748,0.798459333508874,1.),.UNSPECIFIED.);
#7196=B_SPLINE_CURVE_WITH_KNOTS('',3,(#13452,#13453,#13454,#13455,#13456,#13457,#13458,#13459,#13460,#13461,#13462,#13463,#13464,#13465),.UNSPECIFIED.,.F.,.F.,(4,2,2,2,2,2,4),(0.,0.193837334035495,0.21193129505057,0.244222500658276,0.596918667017748,0.798459333508874,1.),.UNSPECIFIED.);
#7197=B_SPLINE_CURVE_WITH_KNOTS('',3,(#13662,#13663,#13664,#13665,#13666,#13667,#13668,#13669,#13670,#13671,#13672,#13673,#13674,#13675),.UNSPECIFIED.,.F.,.F.,(4,2,2,2,2,2,4),(0.,0.25,0.375,0.5,0.75,0.875,1.),.UNSPECIFIED.);
#7198=B_SPLINE_CURVE_WITH_KNOTS('',3,(#13678,#13679,#13680,#13681,#13682,#13683,#13684,#13685,#13686,#13687,#13688,#13689,#13690,#13691),.UNSPECIFIED.,.F.,.F.,(4,2,2,2,2,2,4),(0.,0.195291893702577,0.213427215264344,0.245586150346169,0.59764594685129,0.798822973425645,1.),.UNSPECIFIED.);
#7199=B_SPLINE_CURVE_WITH_KNOTS('',3,(#13693,#13694,#13695,#13696,#13697,#13698,#13699,#13700,#13701,#13702,#13703,#13704,#13705,#13706),.UNSPECIFIED.,.F.,.F.,(4,2,2,2,2,2,4),(0.,0.195291893702577,0.213427215264344,0.245586150346169,0.59764594685129,0.798822973425645,1.),.UNSPECIFIED.);
#7200=B_SPLINE_CURVE_WITH_KNOTS('',3,(#13708,#13709,#13710,#13711,#13712,#13713,#13714,#13715,#13716,#13717,#13718,#13719,#13720,#13721),.UNSPECIFIED.,.F.,.F.,(4,2,2,2,2,2,4),(0.,0.25,0.375,0.5,0.75,0.875,1.),.UNSPECIFIED.);
#7201=B_SPLINE_CURVE_WITH_KNOTS('',3,(#13723,#13724,#13725,#13726,#13727,#13728,#13729,#13730,#13731,#13732,#13733,#13734,#13735,#13736),.UNSPECIFIED.,.F.,.F.,(4,2,2,2,2,2,4),(0.,0.195291893702577,0.213427215264344,0.245586150346169,0.59764594685129,0.798822973425645,1.),.UNSPECIFIED.);
#7202=B_SPLINE_CURVE_WITH_KNOTS('',3,(#13738,#13739,#13740,#13741,#13742,#13743,#13744,#13745,#13746,#13747,#13748,#13749,#13750,#13751),.UNSPECIFIED.,.F.,.F.,(4,2,2,2,2,2,4),(0.,0.195291893702577,0.213427215264344,0.245586150346169,0.59764594685129,0.798822973425645,1.),.UNSPECIFIED.);
#7203=B_SPLINE_CURVE_WITH_KNOTS('',3,(#13948,#13949,#13950,#13951,#13952,#13953,#13954,#13955,#13956,#13957,#13958,#13959,#13960,#13961),.UNSPECIFIED.,.F.,.F.,(4,2,2,2,2,2,4),(0.,0.25,0.375,0.5,0.75,0.875,1.),.UNSPECIFIED.);
#7204=B_SPLINE_CURVE_WITH_KNOTS('',3,(#13964,#13965,#13966,#13967,#13968,#13969,#13970,#13971,#13972,#13973,#13974,#13975,#13976,#13977),.UNSPECIFIED.,.F.,.F.,(4,2,2,2,2,2,4),(0.,0.193837334035569,0.211931187255706,0.244222500658346,0.596918667017785,0.798459333508892,1.),.UNSPECIFIED.);
#7205=B_SPLINE_CURVE_WITH_KNOTS('',3,(#13979,#13980,#13981,#13982,#13983,#13984,#13985,#13986,#13987,#13988,#13989,#13990,#13991,#13992),.UNSPECIFIED.,.F.,.F.,(4,2,2,2,2,2,4),(0.,0.193837334035569,0.211931187255706,0.244222500658346,0.596918667017785,0.798459333508892,1.),.UNSPECIFIED.);
#7206=B_SPLINE_CURVE_WITH_KNOTS('',3,(#13994,#13995,#13996,#13997,#13998,#13999,#14000,#14001,#14002,#14003,#14004,#14005,#14006,#14007),.UNSPECIFIED.,.F.,.F.,(4,2,2,2,2,2,4),(0.,0.25,0.375,0.5,0.75,0.875,1.),.UNSPECIFIED.);
#7207=B_SPLINE_CURVE_WITH_KNOTS('',3,(#14009,#14010,#14011,#14012,#14013,#14014,#14015,#14016,#14017,#14018,#14019,#14020,#14021,#14022),.UNSPECIFIED.,.F.,.F.,(4,2,2,2,2,2,4),(0.,0.193837334035569,0.211931187255706,0.244222500658346,0.596918667017785,0.798459333508892,1.),.UNSPECIFIED.);
#7208=B_SPLINE_CURVE_WITH_KNOTS('',3,(#14024,#14025,#14026,#14027,#14028,#14029,#14030,#14031,#14032,#14033,#14034,#14035,#14036,#14037),.UNSPECIFIED.,.F.,.F.,(4,2,2,2,2,2,4),(0.,0.193837334035569,0.211931187255706,0.244222500658346,0.596918667017785,0.798459333508892,1.),.UNSPECIFIED.);
#7209=B_SPLINE_CURVE_WITH_KNOTS('',3,(#14039,#14040,#14041,#14042,#14043,#14044,#14045,#14046,#14047,#14048,#14049,#14050,#14051,#14052,#14053,#14054),.UNSPECIFIED.,.F.,.F.,(4,2,2,2,2,2,2,4),(0.,0.25,0.3125,0.375,0.5,0.75,0.8125,1.),.UNSPECIFIED.);
#7210=B_SPLINE_CURVE_WITH_KNOTS('',3,(#14286,#14287,#14288,#14289,#14290,#14291,#14292,#14293,#14294,#14295,#14296,#14297,#14298,#14299,#14300,#14301),.UNSPECIFIED.,.F.,.F.,(4,2,2,2,2,2,2,4),(0.,0.25,0.3125,0.375,0.5,0.75,0.8125,1.),.UNSPECIFIED.);
#7211=B_SPLINE_CURVE_WITH_KNOTS('',3,(#14304,#14305,#14306,#14307,#14308,#14309,#14310,#14311,#14312,#14313,#14314,#14315,#14316,#14317),.UNSPECIFIED.,.F.,.F.,(4,2,2,2,2,2,4),(0.,0.209070306146806,0.227507590453725,0.258503412012631,0.604535153073403,0.802267576536702,1.),.UNSPECIFIED.);
#7212=B_SPLINE_CURVE_WITH_KNOTS('',3,(#14319,#14320,#14321,#14322,#14323,#14324,#14325,#14326,#14327,#14328,#14329,#14330,#14331,#14332),.UNSPECIFIED.,.F.,.F.,(4,2,2,2,2,2,4),(0.,0.209070306146806,0.227507590453725,0.258503412012631,0.604535153073403,0.802267576536702,1.),.UNSPECIFIED.);
#7213=B_SPLINE_CURVE_WITH_KNOTS('',3,(#14334,#14335,#14336,#14337,#14338,#14339,#14340,#14341,#14342,#14343,#14344,#14345,#14346,#14347,#14348,#14349),.UNSPECIFIED.,.F.,.F.,(4,2,2,2,2,2,2,4),(0.,0.25,0.3125,0.375,0.5,0.75,0.8125,1.),.UNSPECIFIED.);
#7214=B_SPLINE_CURVE_WITH_KNOTS('',3,(#14351,#14352,#14353,#14354,#14355,#14356,#14357,#14358,#14359,#14360,#14361,#14362,#14363,#14364),.UNSPECIFIED.,.F.,.F.,(4,2,2,2,2,2,4),(0.,0.209070306146806,0.227507590453725,0.258503412012631,0.604535153073403,0.802267576536702,1.),.UNSPECIFIED.);
#7215=B_SPLINE_CURVE_WITH_KNOTS('',3,(#14366,#14367,#14368,#14369,#14370,#14371,#14372,#14373,#14374,#14375,#14376,#14377,#14378,#14379),.UNSPECIFIED.,.F.,.F.,(4,2,2,2,2,2,4),(0.,0.209070306146806,0.227507590453725,0.258503412012631,0.604535153073403,0.802267576536702,1.),.UNSPECIFIED.);
#7216=B_SPLINE_CURVE_WITH_KNOTS('',3,(#14381,#14382,#14383,#14384,#14385,#14386,#14387,#14388,#14389,#14390,#14391,#14392,#14393,#14394,#14395,#14396),.UNSPECIFIED.,.F.,.F.,(4,2,2,2,2,2,2,4),(0.,0.25,0.3125,0.375,0.5,0.75,0.8125,1.),.UNSPECIFIED.);
#7217=B_SPLINE_CURVE_WITH_KNOTS('',3,(#14628,#14629,#14630,#14631,#14632,#14633,#14634,#14635,#14636,#14637,#14638,#14639,#14640,#14641,#14642,#14643),.UNSPECIFIED.,.F.,.F.,(4,2,2,2,2,2,2,4),(0.,0.25,0.3125,0.375,0.5,0.75,0.8125,1.),.UNSPECIFIED.);
#7218=B_SPLINE_CURVE_WITH_KNOTS('',3,(#14646,#14647,#14648,#14649,#14650,#14651,#14652,#14653,#14654,#14655,#14656,#14657,#14658,#14659),.UNSPECIFIED.,.F.,.F.,(4,2,2,2,2,2,4),(0.,0.209070306146819,0.227507511693886,0.258503412012643,0.60453515307341,0.802267576536705,1.),.UNSPECIFIED.);
#7219=B_SPLINE_CURVE_WITH_KNOTS('',3,(#14661,#14662,#14663,#14664,#14665,#14666,#14667,#14668,#14669,#14670,#14671,#14672,#14673,#14674),.UNSPECIFIED.,.F.,.F.,(4,2,2,2,2,2,4),(0.,0.209070306146819,0.227507511693886,0.258503412012643,0.60453515307341,0.802267576536705,1.),.UNSPECIFIED.);
#7220=B_SPLINE_CURVE_WITH_KNOTS('',3,(#14676,#14677,#14678,#14679,#14680,#14681,#14682,#14683,#14684,#14685,#14686,#14687,#14688,#14689,#14690,#14691),.UNSPECIFIED.,.F.,.F.,(4,2,2,2,2,2,2,4),(0.,0.25,0.3125,0.375,0.5,0.75,0.8125,1.),.UNSPECIFIED.);
#7221=B_SPLINE_CURVE_WITH_KNOTS('',3,(#14693,#14694,#14695,#14696,#14697,#14698,#14699,#14700,#14701,#14702,#14703,#14704,#14705,#14706),.UNSPECIFIED.,.F.,.F.,(4,2,2,2,2,2,4),(0.,0.209070306146819,0.227507511693886,0.258503412012643,0.60453515307341,0.802267576536705,1.),.UNSPECIFIED.);
#7222=B_SPLINE_CURVE_WITH_KNOTS('',3,(#14708,#14709,#14710,#14711,#14712,#14713,#14714,#14715,#14716,#14717,#14718,#14719,#14720,#14721),.UNSPECIFIED.,.F.,.F.,(4,2,2,2,2,2,4),(0.,0.209070306146819,0.227507511693886,0.258503412012643,0.60453515307341,0.802267576536705,1.),.UNSPECIFIED.);
#7223=B_SPLINE_CURVE_WITH_KNOTS('',3,(#14808,#14809,#14810,#14811),.UNSPECIFIED.,.F.,.F.,(4,4),(4.50282097808953E-17,0.000649964800134608),.UNSPECIFIED.);
#7224=B_SPLINE_CURVE_WITH_KNOTS('',3,(#14844,#14845,#14846,#14847,#14848,#14849,#14850,#14851,#14852,#14853,#14854,#14855,#14856,#14857,#14858,#14859),.UNSPECIFIED.,.F.,.F.,(4,2,2,2,2,2,2,4),(0.,0.25,0.3125,0.375,0.5,0.75,0.8125,1.),.UNSPECIFIED.);
#7225=B_SPLINE_CURVE_WITH_KNOTS('',3,(#15104,#15105,#15106,#15107,#15108,#15109,#15110,#15111,#15112,#15113,#15114,#15115,#15116,#15117,#15118,#15119),.UNSPECIFIED.,.F.,.F.,(4,2,2,2,2,2,2,4),(0.,0.25,0.3125,0.375,0.5,0.75,0.8125,1.),.UNSPECIFIED.);
#7226=B_SPLINE_CURVE_WITH_KNOTS('',3,(#15122,#15123,#15124,#15125,#15126,#15127,#15128,#15129,#15130,#15131,#15132,#15133,#15134,#15135),.UNSPECIFIED.,.F.,.F.,(4,2,2,2,2,2,4),(0.,0.209070306148825,0.227507590455731,0.258503412014524,0.604535153074413,0.802267576537206,1.),.UNSPECIFIED.);
#7227=B_SPLINE_CURVE_WITH_KNOTS('',3,(#15137,#15138,#15139,#15140,#15141,#15142,#15143,#15144,#15145,#15146,#15147,#15148,#15149,#15150),.UNSPECIFIED.,.F.,.F.,(4,2,2,2,2,2,4),(0.,0.209070306148825,0.227507590455731,0.258503412014524,0.604535153074413,0.802267576537206,1.),.UNSPECIFIED.);
#7228=B_SPLINE_CURVE_WITH_KNOTS('',3,(#15151,#15152,#15153,#15154,#15155,#15156,#15157,#15158,#15159,#15160,#15161,#15162,#15163,#15164),.UNSPECIFIED.,.F.,.F.,(4,2,2,2,2,2,4),(0.,0.209070306148825,0.227507590455731,0.258503412014524,0.604535153074413,0.802267576537206,1.),.UNSPECIFIED.);
#7229=B_SPLINE_CURVE_WITH_KNOTS('',3,(#15166,#15167,#15168,#15169,#15170,#15171,#15172,#15173,#15174,#15175,#15176,#15177,#15178,#15179),.UNSPECIFIED.,.F.,.F.,(4,2,2,2,2,2,4),(0.,0.209070306148825,0.227507590455731,0.258503412014524,0.604535153074413,0.802267576537206,1.),.UNSPECIFIED.);
#7230=B_SPLINE_CURVE_WITH_KNOTS('',3,(#15668,#15669,#15670,#15671),.UNSPECIFIED.,.F.,.F.,(4,4),(0.00499711513231117,0.00528918958725474),.UNSPECIFIED.);
#7231=B_SPLINE_CURVE_WITH_KNOTS('',3,(#15757,#15758,#15759,#15760),.UNSPECIFIED.,.F.,.F.,(4,4),(-0.000235580958177982,6.56619940711534E-18),.UNSPECIFIED.);
#7232=B_SPLINE_CURVE_WITH_KNOTS('',3,(#15762,#15763,#15764,#15765),.UNSPECIFIED.,.F.,.F.,(4,4),(0.,0.000746531461078167),.UNSPECIFIED.);
#7233=B_SPLINE_CURVE_WITH_KNOTS('',3,(#15769,#15770,#15771,#15772),.UNSPECIFIED.,.F.,.F.,(4,4),(0.,0.000890135323219122),.UNSPECIFIED.);
#7234=B_SPLINE_CURVE_WITH_KNOTS('',3,(#15949,#15950,#15951,#15952),.UNSPECIFIED.,.F.,.F.,(4,4),(0.,0.000746531461078251),.UNSPECIFIED.);
#7235=B_SPLINE_CURVE_WITH_KNOTS('',3,(#15967,#15968,#15969,#15970),.UNSPECIFIED.,.F.,.F.,(4,4),(0.,0.000890135323219127),.UNSPECIFIED.);
#7236=B_SPLINE_CURVE_WITH_KNOTS('',3,(#16946,#16947,#16948,#16949),.UNSPECIFIED.,.F.,.F.,(4,4),(0.00513081532040237,0.00528918958725558),.UNSPECIFIED.);
#7237=B_SPLINE_CURVE_WITH_KNOTS('',3,(#17128,#17129,#17130,#17131),.UNSPECIFIED.,.F.,.F.,(4,4),(-0.000146571002116096,-8.2128314565777E-18),.UNSPECIFIED.);
#7238=B_SPLINE_CURVE_WITH_KNOTS('',3,(#17133,#17134,#17135,#17136),.UNSPECIFIED.,.F.,.F.,(4,4),(0.,0.000452834170065989),.UNSPECIFIED.);
#7239=B_SPLINE_CURVE_WITH_KNOTS('',3,(#17137,#17138,#17139,#17140),.UNSPECIFIED.,.F.,.F.,(4,4),(0.000323278584100427,0.000463480877626417),.UNSPECIFIED.);
#7240=B_SPLINE_CURVE_WITH_KNOTS('',3,(#17411,#17412,#17413,#17414,#17415,#17416,#17417,#17418,#17419,#17420,#17421,#17422,#17423,#17424),.UNSPECIFIED.,.F.,.F.,(4,2,2,2,2,2,4),(0.,0.197732265179967,0.395464530359932,0.77249232213195,0.790929060719863,0.817062928129882,1.),.UNSPECIFIED.);
#7241=B_SPLINE_CURVE_WITH_KNOTS('',3,(#17432,#17433,#17434,#17435,#17436,#17437,#17438,#17439,#17440,#17441,#17442,#17443,#17444,#17445),.UNSPECIFIED.,.F.,.F.,(4,2,2,2,2,2,4),(0.,0.197732265179967,0.395464530359932,0.77249232213195,0.790929060719863,0.817062928129882,1.),.UNSPECIFIED.);
#7242=B_SPLINE_CURVE_WITH_KNOTS('',3,(#17499,#17500,#17501,#17502,#17503,#17504,#17505,#17506,#17507,#17508,#17509,#17510,#17511,#17512),.UNSPECIFIED.,.F.,.F.,(4,2,2,2,2,2,4),(0.,0.197732265179967,0.395464530359932,0.77249232213195,0.790929060719863,0.817062928129882,1.),.UNSPECIFIED.);
#7243=B_SPLINE_CURVE_WITH_KNOTS('',3,(#17515,#17516,#17517,#17518,#17519,#17520,#17521,#17522,#17523,#17524,#17525,#17526,#17527,#17528),.UNSPECIFIED.,.F.,.F.,(4,2,2,2,2,2,4),(0.,0.197732265179967,0.395464530359932,0.77249232213195,0.790929060719863,0.817062928129882,1.),.UNSPECIFIED.);
#7244=B_SPLINE_CURVE_WITH_KNOTS('',3,(#17567,#17568,#17569,#17570),.UNSPECIFIED.,.F.,.F.,(4,4),(0.,1.),.UNSPECIFIED.);
#7245=B_SPLINE_CURVE_WITH_KNOTS('',3,(#17586,#17587,#17588,#17589),.UNSPECIFIED.,.F.,.F.,(4,4),(0.,1.),.UNSPECIFIED.);
#7246=B_SPLINE_CURVE_WITH_KNOTS('',3,(#17637,#17638,#17639,#17640),.UNSPECIFIED.,.F.,.F.,(4,4),(0.,1.),.UNSPECIFIED.);
#7247=B_SPLINE_CURVE_WITH_KNOTS('',3,(#17642,#17643,#17644,#17645),.UNSPECIFIED.,.F.,.F.,(4,4),(0.,1.),.UNSPECIFIED.);
#7248=B_SPLINE_CURVE_WITH_KNOTS('',3,(#17667,#17668,#17669,#17670),.UNSPECIFIED.,.F.,.F.,(4,4),(0.,1.),.UNSPECIFIED.);
#7249=EDGE_LOOP('',(#2445,#2446,#2447,#2448,#2449,#2450));
#7250=EDGE_LOOP('',(#2451,#2452,#2453,#2454,#2455,#2456));
#7251=EDGE_LOOP('',(#2457,#2458,#2459,#2460,#2461,#2462));
#7252=EDGE_LOOP('',(#2463,#2464,#2465,#2466,#2467,#2468));
#7253=EDGE_LOOP('',(#2469,#2470,#2471,#2472,#2473,#2474));
#7254=EDGE_LOOP('',(#2475,#2476,#2477,#2478,#2479,#2480));
#7255=EDGE_LOOP('',(#2481,#2482,#2483,#2484));
#7256=EDGE_LOOP('',(#2485,#2486,#2487,#2488,#2489,#2490));
#7257=EDGE_LOOP('',(#2491,#2492,#2493,#2494));
#7258=EDGE_LOOP('',(#2495,#2496,#2497,#2498,#2499,#2500));
#7259=EDGE_LOOP('',(#2501,#2502,#2503));
#7260=EDGE_LOOP('',(#2504,#2505,#2506));
#7261=EDGE_LOOP('',(#2507,#2508,#2509));
#7262=EDGE_LOOP('',(#2510,#2511,#2512));
#7263=EDGE_LOOP('',(#2513,#2514,#2515,#2516));
#7264=EDGE_LOOP('',(#2517,#2518,#2519));
#7265=EDGE_LOOP('',(#2520,#2521,#2522));
#7266=EDGE_LOOP('',(#2523,#2524,#2525));
#7267=EDGE_LOOP('',(#2526,#2527,#2528,#2529,#2530,#2531));
#7268=EDGE_LOOP('',(#2532,#2533,#2534,#2535));
#7269=EDGE_LOOP('',(#2536,#2537,#2538,#2539,#2540,#2541,#2542,#2543));
#7270=EDGE_LOOP('',(#2544,#2545,#2546,#2547,#2548,#2549,#2550,#2551));
#7271=EDGE_LOOP('',(#2552,#2553,#2554,#2555,#2556,#2557,#2558,#2559));
#7272=EDGE_LOOP('',(#2560,#2561,#2562,#2563,#2564,#2565,#2566,#2567));
#7273=EDGE_LOOP('',(#2568,#2569,#2570,#2571,#2572,#2573,#2574,#2575));
#7274=EDGE_LOOP('',(#2576,#2577,#2578,#2579,#2580,#2581,#2582,#2583));
#7275=EDGE_LOOP('',(#2584,#2585,#2586,#2587,#2588,#2589,#2590,#2591));
#7276=EDGE_LOOP('',(#2592,#2593,#2594,#2595,#2596,#2597,#2598,#2599));
#7277=EDGE_LOOP('',(#2600,#2601,#2602,#2603,#2604,#2605,#2606,#2607));
#7278=EDGE_LOOP('',(#2608,#2609,#2610,#2611,#2612,#2613,#2614,#2615));
#7279=EDGE_LOOP('',(#2616,#2617,#2618,#2619,#2620,#2621,#2622,#2623));
#7280=EDGE_LOOP('',(#2624,#2625,#2626,#2627,#2628,#2629,#2630,#2631));
#7281=EDGE_LOOP('',(#2632,#2633,#2634,#2635,#2636,#2637,#2638,#2639));
#7282=EDGE_LOOP('',(#2640,#2641,#2642,#2643,#2644,#2645,#2646,#2647));
#7283=EDGE_LOOP('',(#2648,#2649,#2650,#2651,#2652,#2653,#2654,#2655));
#7284=EDGE_LOOP('',(#2656,#2657,#2658,#2659,#2660,#2661,#2662,#2663));
#7285=EDGE_LOOP('',(#2664,#2665,#2666,#2667,#2668,#2669,#2670,#2671));
#7286=EDGE_LOOP('',(#2672,#2673,#2674,#2675,#2676,#2677,#2678,#2679));
#7287=EDGE_LOOP('',(#2680,#2681,#2682,#2683,#2684,#2685,#2686,#2687));
#7288=EDGE_LOOP('',(#2688,#2689,#2690,#2691,#2692,#2693,#2694,#2695));
#7289=EDGE_LOOP('',(#2696,#2697,#2698,#2699,#2700,#2701,#2702,#2703));
#7290=EDGE_LOOP('',(#2704,#2705,#2706,#2707,#2708,#2709,#2710,#2711));
#7291=EDGE_LOOP('',(#2712,#2713,#2714,#2715,#2716,#2717,#2718,#2719));
#7292=EDGE_LOOP('',(#2720,#2721,#2722,#2723,#2724,#2725,#2726,#2727));
#7293=EDGE_LOOP('',(#2728,#2729,#2730,#2731,#2732,#2733,#2734,#2735));
#7294=EDGE_LOOP('',(#2736,#2737,#2738,#2739,#2740,#2741,#2742,#2743));
#7295=EDGE_LOOP('',(#2744,#2745,#2746,#2747,#2748,#2749,#2750,#2751));
#7296=EDGE_LOOP('',(#2752,#2753,#2754,#2755,#2756,#2757,#2758,#2759));
#7297=EDGE_LOOP('',(#2760,#2761,#2762,#2763,#2764,#2765,#2766,#2767));
#7298=EDGE_LOOP('',(#2768,#2769,#2770,#2771,#2772,#2773,#2774,#2775,#2776,#2777,#2778,#2779,#2780,#2781,#2782,#2783,#2784,#2785,#2786,#2787,#2788,#2789,#2790,#2791,#2792,#2793,#2794,#2795,#2796,#2797,#2798,#2799,#2800,#2801,#2802,#2803,#2804,#2805));
#7299=EDGE_LOOP('',(#2806,#2807,#2808,#2809,#2810,#2811));
#7300=EDGE_LOOP('',(#2812,#2813,#2814,#2815,#2816,#2817));
#7301=EDGE_LOOP('',(#2818,#2819,#2820,#2821,#2822));
#7302=EDGE_LOOP('',(#2823,#2824,#2825,#2826,#2827,#2828,#2829,#2830,#2831,#2832));
#7303=EDGE_LOOP('',(#2833,#2834,#2835,#2836,#2837,#2838,#2839,#2840,#2841,#2842,#2843,#2844,#2845,#2846,#2847,#2848,#2849,#2850,#2851,#2852,#2853,#2854,#2855,#2856,#2857,#2858,#2859,#2860,#2861,#2862,#2863,#2864,#2865,#2866,#2867,#2868,#2869,#2870,#2871,#2872,#2873,#2874,#2875,#2876,#2877,#2878,#2879,#2880,#2881,#2882,#2883,#2884,#2885,#2886,#2887,#2888));
#7304=EDGE_LOOP('',(#2889,#2890,#2891,#2892));
#7305=EDGE_LOOP('',(#2893,#2894,#2895,#2896));
#7306=EDGE_LOOP('',(#2897,#2898,#2899,#2900));
#7307=EDGE_LOOP('',(#2901,#2902,#2903,#2904,#2905));
#7308=EDGE_LOOP('',(#2906,#2907,#2908,#2909,#2910));
#7309=EDGE_LOOP('',(#2911,#2912,#2913,#2914,#2915,#2916));
#7310=EDGE_LOOP('',(#2917,#2918,#2919,#2920,#2921));
#7311=EDGE_LOOP('',(#2922,#2923,#2924,#2925,#2926,#2927));
#7312=EDGE_LOOP('',(#2928,#2929,#2930,#2931,#2932,#2933));
#7313=EDGE_LOOP('',(#2934,#2935,#2936,#2937,#2938));
#7314=EDGE_LOOP('',(#2939,#2940,#2941,#2942,#2943,#2944));
#7315=EDGE_LOOP('',(#2945,#2946,#2947,#2948,#2949));
#7316=EDGE_LOOP('',(#2950,#2951,#2952,#2953,#2954));
#7317=EDGE_LOOP('',(#2955,#2956,#2957,#2958));
#7318=EDGE_LOOP('',(#2959,#2960,#2961,#2962));
#7319=EDGE_LOOP('',(#2963,#2964,#2965,#2966));
#7320=EDGE_LOOP('',(#2967,#2968,#2969,#2970));
#7321=EDGE_LOOP('',(#2971,#2972,#2973,#2974));
#7322=EDGE_LOOP('',(#2975,#2976,#2977,#2978));
#7323=EDGE_LOOP('',(#2979,#2980,#2981,#2982));
#7324=EDGE_LOOP('',(#2983,#2984,#2985,#2986));
#7325=EDGE_LOOP('',(#2987,#2988,#2989,#2990));
#7326=EDGE_LOOP('',(#2991,#2992,#2993,#2994));
#7327=EDGE_LOOP('',(#2995,#2996,#2997,#2998));
#7328=EDGE_LOOP('',(#2999,#3000,#3001,#3002));
#7329=EDGE_LOOP('',(#3003,#3004,#3005,#3006));
#7330=EDGE_LOOP('',(#3007,#3008,#3009,#3010));
#7331=EDGE_LOOP('',(#3011,#3012,#3013,#3014));
#7332=EDGE_LOOP('',(#3015,#3016,#3017,#3018));
#7333=EDGE_LOOP('',(#3019,#3020,#3021,#3022));
#7334=EDGE_LOOP('',(#3023,#3024,#3025,#3026));
#7335=EDGE_LOOP('',(#3027,#3028,#3029,#3030));
#7336=EDGE_LOOP('',(#3031,#3032,#3033,#3034));
#7337=EDGE_LOOP('',(#3035,#3036,#3037,#3038));
#7338=EDGE_LOOP('',(#3039,#3040,#3041,#3042));
#7339=EDGE_LOOP('',(#3043,#3044,#3045,#3046));
#7340=EDGE_LOOP('',(#3047,#3048,#3049,#3050));
#7341=EDGE_LOOP('',(#3051,#3052,#3053,#3054));
#7342=EDGE_LOOP('',(#3055,#3056,#3057,#3058));
#7343=EDGE_LOOP('',(#3059,#3060,#3061,#3062));
#7344=EDGE_LOOP('',(#3063,#3064,#3065,#3066));
#7345=EDGE_LOOP('',(#3067,#3068,#3069,#3070));
#7346=EDGE_LOOP('',(#3071,#3072,#3073,#3074));
#7347=EDGE_LOOP('',(#3075,#3076,#3077,#3078));
#7348=EDGE_LOOP('',(#3079,#3080,#3081,#3082));
#7349=EDGE_LOOP('',(#3083,#3084,#3085,#3086));
#7350=EDGE_LOOP('',(#3087,#3088,#3089,#3090));
#7351=EDGE_LOOP('',(#3091,#3092,#3093,#3094));
#7352=EDGE_LOOP('',(#3095,#3096,#3097,#3098));
#7353=EDGE_LOOP('',(#3099,#3100,#3101,#3102));
#7354=EDGE_LOOP('',(#3103,#3104,#3105,#3106));
#7355=EDGE_LOOP('',(#3107,#3108,#3109,#3110));
#7356=EDGE_LOOP('',(#3111,#3112,#3113,#3114));
#7357=EDGE_LOOP('',(#3115,#3116,#3117,#3118));
#7358=EDGE_LOOP('',(#3119,#3120,#3121,#3122));
#7359=EDGE_LOOP('',(#3123,#3124,#3125,#3126));
#7360=EDGE_LOOP('',(#3127,#3128,#3129,#3130));
#7361=EDGE_LOOP('',(#3131,#3132,#3133,#3134));
#7362=EDGE_LOOP('',(#3135,#3136,#3137,#3138));
#7363=EDGE_LOOP('',(#3139,#3140,#3141,#3142));
#7364=EDGE_LOOP('',(#3143,#3144,#3145,#3146));
#7365=EDGE_LOOP('',(#3147,#3148,#3149,#3150));
#7366=EDGE_LOOP('',(#3151,#3152,#3153,#3154));
#7367=EDGE_LOOP('',(#3155,#3156,#3157,#3158));
#7368=EDGE_LOOP('',(#3159,#3160,#3161,#3162));
#7369=EDGE_LOOP('',(#3163,#3164,#3165,#3166));
#7370=EDGE_LOOP('',(#3167,#3168,#3169,#3170));
#7371=EDGE_LOOP('',(#3171,#3172,#3173,#3174));
#7372=EDGE_LOOP('',(#3175,#3176,#3177,#3178));
#7373=EDGE_LOOP('',(#3179,#3180,#3181,#3182));
#7374=EDGE_LOOP('',(#3183,#3184,#3185,#3186));
#7375=EDGE_LOOP('',(#3187,#3188,#3189,#3190));
#7376=EDGE_LOOP('',(#3191,#3192,#3193,#3194));
#7377=EDGE_LOOP('',(#3195,#3196,#3197,#3198));
#7378=EDGE_LOOP('',(#3199,#3200,#3201,#3202));
#7379=EDGE_LOOP('',(#3203,#3204,#3205,#3206));
#7380=EDGE_LOOP('',(#3207,#3208,#3209,#3210));
#7381=EDGE_LOOP('',(#3211,#3212,#3213,#3214));
#7382=EDGE_LOOP('',(#3215,#3216,#3217,#3218));
#7383=EDGE_LOOP('',(#3219,#3220,#3221,#3222));
#7384=EDGE_LOOP('',(#3223,#3224,#3225,#3226));
#7385=EDGE_LOOP('',(#3227,#3228,#3229,#3230));
#7386=EDGE_LOOP('',(#3231,#3232,#3233,#3234));
#7387=EDGE_LOOP('',(#3235,#3236,#3237,#3238));
#7388=EDGE_LOOP('',(#3239,#3240,#3241,#3242));
#7389=EDGE_LOOP('',(#3243,#3244,#3245,#3246));
#7390=EDGE_LOOP('',(#3247,#3248,#3249,#3250));
#7391=EDGE_LOOP('',(#3251,#3252,#3253,#3254));
#7392=EDGE_LOOP('',(#3255,#3256,#3257,#3258));
#7393=EDGE_LOOP('',(#3259,#3260,#3261,#3262));
#7394=EDGE_LOOP('',(#3263,#3264,#3265,#3266));
#7395=EDGE_LOOP('',(#3267,#3268,#3269,#3270));
#7396=EDGE_LOOP('',(#3271,#3272,#3273,#3274));
#7397=EDGE_LOOP('',(#3275,#3276,#3277,#3278));
#7398=EDGE_LOOP('',(#3279,#3280,#3281,#3282));
#7399=EDGE_LOOP('',(#3283,#3284,#3285,#3286));
#7400=EDGE_LOOP('',(#3287,#3288,#3289,#3290));
#7401=EDGE_LOOP('',(#3291,#3292,#3293,#3294));
#7402=EDGE_LOOP('',(#3295,#3296,#3297,#3298));
#7403=EDGE_LOOP('',(#3299,#3300,#3301,#3302));
#7404=EDGE_LOOP('',(#3303,#3304,#3305,#3306));
#7405=EDGE_LOOP('',(#3307,#3308,#3309,#3310));
#7406=EDGE_LOOP('',(#3311,#3312,#3313,#3314));
#7407=EDGE_LOOP('',(#3315,#3316,#3317,#3318));
#7408=EDGE_LOOP('',(#3319,#3320,#3321,#3322));
#7409=EDGE_LOOP('',(#3323,#3324,#3325,#3326));
#7410=EDGE_LOOP('',(#3327,#3328,#3329,#3330));
#7411=EDGE_LOOP('',(#3331,#3332,#3333,#3334));
#7412=EDGE_LOOP('',(#3335,#3336,#3337,#3338));
#7413=EDGE_LOOP('',(#3339,#3340,#3341,#3342));
#7414=EDGE_LOOP('',(#3343,#3344,#3345,#3346));
#7415=EDGE_LOOP('',(#3347,#3348,#3349,#3350));
#7416=EDGE_LOOP('',(#3351,#3352,#3353,#3354));
#7417=EDGE_LOOP('',(#3355,#3356,#3357,#3358));
#7418=EDGE_LOOP('',(#3359,#3360,#3361,#3362));
#7419=EDGE_LOOP('',(#3363,#3364,#3365,#3366));
#7420=EDGE_LOOP('',(#3367,#3368,#3369,#3370));
#7421=EDGE_LOOP('',(#3371,#3372,#3373,#3374));
#7422=EDGE_LOOP('',(#3375,#3376,#3377,#3378));
#7423=EDGE_LOOP('',(#3379,#3380,#3381,#3382));
#7424=EDGE_LOOP('',(#3383,#3384,#3385,#3386));
#7425=EDGE_LOOP('',(#3387,#3388,#3389,#3390));
#7426=EDGE_LOOP('',(#3391,#3392,#3393,#3394));
#7427=EDGE_LOOP('',(#3395,#3396,#3397,#3398));
#7428=EDGE_LOOP('',(#3399,#3400,#3401,#3402));
#7429=EDGE_LOOP('',(#3403,#3404,#3405,#3406));
#7430=EDGE_LOOP('',(#3407,#3408,#3409,#3410));
#7431=EDGE_LOOP('',(#3411,#3412,#3413,#3414));
#7432=EDGE_LOOP('',(#3415,#3416,#3417,#3418));
#7433=EDGE_LOOP('',(#3419,#3420,#3421,#3422));
#7434=EDGE_LOOP('',(#3423,#3424,#3425,#3426));
#7435=EDGE_LOOP('',(#3427,#3428,#3429,#3430));
#7436=EDGE_LOOP('',(#3431,#3432,#3433,#3434));
#7437=EDGE_LOOP('',(#3435,#3436,#3437,#3438));
#7438=EDGE_LOOP('',(#3439,#3440,#3441,#3442));
#7439=EDGE_LOOP('',(#3443,#3444,#3445,#3446));
#7440=EDGE_LOOP('',(#3447,#3448,#3449,#3450));
#7441=EDGE_LOOP('',(#3451,#3452,#3453,#3454));
#7442=EDGE_LOOP('',(#3455,#3456,#3457,#3458));
#7443=EDGE_LOOP('',(#3459,#3460,#3461,#3462));
#7444=EDGE_LOOP('',(#3463,#3464,#3465,#3466));
#7445=EDGE_LOOP('',(#3467,#3468,#3469,#3470));
#7446=EDGE_LOOP('',(#3471,#3472,#3473,#3474));
#7447=EDGE_LOOP('',(#3475,#3476,#3477,#3478));
#7448=EDGE_LOOP('',(#3479,#3480,#3481,#3482));
#7449=EDGE_LOOP('',(#3483,#3484,#3485,#3486));
#7450=EDGE_LOOP('',(#3487,#3488,#3489,#3490));
#7451=EDGE_LOOP('',(#3491,#3492,#3493,#3494));
#7452=EDGE_LOOP('',(#3495,#3496,#3497,#3498));
#7453=EDGE_LOOP('',(#3499,#3500,#3501,#3502));
#7454=EDGE_LOOP('',(#3503,#3504,#3505,#3506));
#7455=EDGE_LOOP('',(#3507,#3508,#3509,#3510));
#7456=EDGE_LOOP('',(#3511,#3512,#3513,#3514));
#7457=EDGE_LOOP('',(#3515,#3516,#3517,#3518));
#7458=EDGE_LOOP('',(#3519,#3520,#3521,#3522));
#7459=EDGE_LOOP('',(#3523,#3524,#3525,#3526));
#7460=EDGE_LOOP('',(#3527,#3528,#3529,#3530));
#7461=EDGE_LOOP('',(#3531,#3532,#3533,#3534));
#7462=EDGE_LOOP('',(#3535,#3536,#3537,#3538));
#7463=EDGE_LOOP('',(#3539,#3540,#3541,#3542));
#7464=EDGE_LOOP('',(#3543,#3544,#3545,#3546));
#7465=EDGE_LOOP('',(#3547,#3548,#3549,#3550));
#7466=EDGE_LOOP('',(#3551,#3552,#3553,#3554));
#7467=EDGE_LOOP('',(#3555,#3556,#3557,#3558));
#7468=EDGE_LOOP('',(#3559,#3560,#3561,#3562));
#7469=EDGE_LOOP('',(#3563,#3564,#3565,#3566));
#7470=EDGE_LOOP('',(#3567,#3568,#3569,#3570));
#7471=EDGE_LOOP('',(#3571,#3572,#3573,#3574));
#7472=EDGE_LOOP('',(#3575,#3576,#3577,#3578));
#7473=EDGE_LOOP('',(#3579,#3580,#3581,#3582));
#7474=EDGE_LOOP('',(#3583,#3584,#3585,#3586));
#7475=EDGE_LOOP('',(#3587,#3588,#3589,#3590));
#7476=EDGE_LOOP('',(#3591,#3592,#3593,#3594));
#7477=EDGE_LOOP('',(#3595,#3596,#3597,#3598));
#7478=EDGE_LOOP('',(#3599,#3600,#3601,#3602));
#7479=EDGE_LOOP('',(#3603,#3604,#3605,#3606));
#7480=EDGE_LOOP('',(#3607,#3608,#3609,#3610));
#7481=EDGE_LOOP('',(#3611,#3612,#3613,#3614));
#7482=EDGE_LOOP('',(#3615,#3616,#3617,#3618));
#7483=EDGE_LOOP('',(#3619,#3620,#3621,#3622));
#7484=EDGE_LOOP('',(#3623,#3624,#3625,#3626));
#7485=EDGE_LOOP('',(#3627,#3628,#3629,#3630));
#7486=EDGE_LOOP('',(#3631,#3632,#3633,#3634));
#7487=EDGE_LOOP('',(#3635,#3636,#3637,#3638));
#7488=EDGE_LOOP('',(#3639,#3640,#3641,#3642));
#7489=EDGE_LOOP('',(#3643,#3644,#3645,#3646));
#7490=EDGE_LOOP('',(#3647,#3648,#3649,#3650));
#7491=EDGE_LOOP('',(#3651,#3652,#3653,#3654));
#7492=EDGE_LOOP('',(#3655,#3656,#3657,#3658));
#7493=EDGE_LOOP('',(#3659,#3660,#3661,#3662));
#7494=EDGE_LOOP('',(#3663,#3664,#3665,#3666));
#7495=EDGE_LOOP('',(#3667,#3668,#3669,#3670));
#7496=EDGE_LOOP('',(#3671,#3672,#3673,#3674));
#7497=EDGE_LOOP('',(#3675,#3676,#3677,#3678));
#7498=EDGE_LOOP('',(#3679,#3680,#3681,#3682));
#7499=EDGE_LOOP('',(#3683,#3684,#3685,#3686));
#7500=EDGE_LOOP('',(#3687,#3688,#3689,#3690));
#7501=EDGE_LOOP('',(#3691,#3692,#3693,#3694));
#7502=EDGE_LOOP('',(#3695,#3696,#3697,#3698));
#7503=EDGE_LOOP('',(#3699,#3700,#3701,#3702));
#7504=EDGE_LOOP('',(#3703,#3704,#3705,#3706));
#7505=EDGE_LOOP('',(#3707,#3708,#3709,#3710));
#7506=EDGE_LOOP('',(#3711,#3712,#3713,#3714));
#7507=EDGE_LOOP('',(#3715,#3716,#3717,#3718));
#7508=EDGE_LOOP('',(#3719,#3720,#3721,#3722));
#7509=EDGE_LOOP('',(#3723,#3724,#3725,#3726));
#7510=EDGE_LOOP('',(#3727,#3728,#3729,#3730));
#7511=EDGE_LOOP('',(#3731,#3732,#3733,#3734));
#7512=EDGE_LOOP('',(#3735,#3736,#3737,#3738));
#7513=EDGE_LOOP('',(#3739,#3740,#3741,#3742));
#7514=EDGE_LOOP('',(#3743,#3744,#3745,#3746));
#7515=EDGE_LOOP('',(#3747,#3748,#3749,#3750));
#7516=EDGE_LOOP('',(#3751,#3752,#3753,#3754));
#7517=EDGE_LOOP('',(#3755,#3756,#3757,#3758));
#7518=EDGE_LOOP('',(#3759,#3760,#3761,#3762));
#7519=EDGE_LOOP('',(#3763,#3764,#3765,#3766));
#7520=EDGE_LOOP('',(#3767,#3768,#3769,#3770,#3771,#3772));
#7521=EDGE_LOOP('',(#3773,#3774,#3775,#3776));
#7522=EDGE_LOOP('',(#3777,#3778,#3779,#3780));
#7523=EDGE_LOOP('',(#3781,#3782,#3783,#3784));
#7524=EDGE_LOOP('',(#3785,#3786,#3787,#3788));
#7525=EDGE_LOOP('',(#3789,#3790,#3791,#3792));
#7526=EDGE_LOOP('',(#3793,#3794,#3795,#3796));
#7527=EDGE_LOOP('',(#3797,#3798,#3799,#3800));
#7528=EDGE_LOOP('',(#3801,#3802,#3803,#3804));
#7529=EDGE_LOOP('',(#3805,#3806,#3807,#3808));
#7530=EDGE_LOOP('',(#3809,#3810,#3811,#3812));
#7531=EDGE_LOOP('',(#3813,#3814,#3815,#3816));
#7532=EDGE_LOOP('',(#3817,#3818,#3819,#3820));
#7533=EDGE_LOOP('',(#3821,#3822,#3823,#3824));
#7534=EDGE_LOOP('',(#3825,#3826,#3827,#3828));
#7535=EDGE_LOOP('',(#3829,#3830,#3831,#3832));
#7536=EDGE_LOOP('',(#3833,#3834,#3835,#3836));
#7537=EDGE_LOOP('',(#3837,#3838,#3839,#3840));
#7538=EDGE_LOOP('',(#3841,#3842,#3843,#3844));
#7539=EDGE_LOOP('',(#3845,#3846,#3847,#3848));
#7540=EDGE_LOOP('',(#3849,#3850,#3851,#3852));
#7541=EDGE_LOOP('',(#3853,#3854,#3855,#3856));
#7542=EDGE_LOOP('',(#3857,#3858,#3859,#3860));
#7543=EDGE_LOOP('',(#3861,#3862,#3863,#3864));
#7544=EDGE_LOOP('',(#3865,#3866,#3867,#3868));
#7545=EDGE_LOOP('',(#3869,#3870,#3871,#3872));
#7546=EDGE_LOOP('',(#3873,#3874,#3875,#3876));
#7547=EDGE_LOOP('',(#3877,#3878,#3879,#3880));
#7548=EDGE_LOOP('',(#3881,#3882,#3883,#3884));
#7549=EDGE_LOOP('',(#3885,#3886,#3887,#3888));
#7550=EDGE_LOOP('',(#3889,#3890,#3891,#3892));
#7551=EDGE_LOOP('',(#3893,#3894,#3895,#3896,#3897));
#7552=EDGE_LOOP('',(#3898));
#7553=EDGE_LOOP('',(#3899));
#7554=EDGE_LOOP('',(#3900));
#7555=EDGE_LOOP('',(#3901));
#7556=EDGE_LOOP('',(#3902,#3903,#3904,#3905,#3906,#3907,#3908,#3909));
#7557=EDGE_LOOP('',(#3910,#3911,#3912,#3913,#3914,#3915,#3916,#3917));
#7558=EDGE_LOOP('',(#3918,#3919,#3920,#3921,#3922,#3923,#3924,#3925));
#7559=EDGE_LOOP('',(#3926,#3927,#3928,#3929,#3930,#3931,#3932,#3933));
#7560=EDGE_LOOP('',(#3934,#3935,#3936,#3937,#3938,#3939,#3940,#3941));
#7561=EDGE_LOOP('',(#3942,#3943,#3944,#3945,#3946,#3947,#3948,#3949));
#7562=EDGE_LOOP('',(#3950,#3951,#3952,#3953,#3954,#3955,#3956,#3957));
#7563=EDGE_LOOP('',(#3958,#3959,#3960,#3961,#3962,#3963,#3964,#3965));
#7564=EDGE_LOOP('',(#3966,#3967,#3968,#3969,#3970,#3971,#3972,#3973));
#7565=EDGE_LOOP('',(#3974,#3975,#3976,#3977,#3978,#3979,#3980,#3981));
#7566=EDGE_LOOP('',(#3982,#3983,#3984,#3985,#3986,#3987,#3988,#3989));
#7567=EDGE_LOOP('',(#3990,#3991,#3992,#3993,#3994,#3995,#3996,#3997));
#7568=EDGE_LOOP('',(#3998,#3999,#4000,#4001,#4002,#4003,#4004,#4005));
#7569=EDGE_LOOP('',(#4006,#4007,#4008,#4009,#4010,#4011,#4012,#4013));
#7570=EDGE_LOOP('',(#4014,#4015,#4016,#4017,#4018,#4019,#4020,#4021));
#7571=EDGE_LOOP('',(#4022,#4023,#4024,#4025,#4026,#4027,#4028,#4029));
#7572=EDGE_LOOP('',(#4030,#4031,#4032,#4033,#4034,#4035,#4036,#4037));
#7573=EDGE_LOOP('',(#4038,#4039,#4040,#4041,#4042,#4043,#4044,#4045));
#7574=EDGE_LOOP('',(#4046,#4047,#4048,#4049,#4050,#4051,#4052,#4053));
#7575=EDGE_LOOP('',(#4054,#4055,#4056,#4057,#4058,#4059,#4060,#4061));
#7576=EDGE_LOOP('',(#4062,#4063,#4064,#4065,#4066,#4067,#4068,#4069));
#7577=EDGE_LOOP('',(#4070,#4071,#4072,#4073,#4074,#4075,#4076,#4077));
#7578=EDGE_LOOP('',(#4078,#4079,#4080,#4081,#4082,#4083,#4084,#4085));
#7579=EDGE_LOOP('',(#4086,#4087,#4088,#4089,#4090,#4091,#4092,#4093));
#7580=EDGE_LOOP('',(#4094,#4095,#4096,#4097,#4098,#4099,#4100,#4101));
#7581=EDGE_LOOP('',(#4102,#4103,#4104,#4105,#4106,#4107,#4108,#4109));
#7582=EDGE_LOOP('',(#4110,#4111,#4112,#4113,#4114,#4115,#4116,#4117));
#7583=EDGE_LOOP('',(#4118,#4119,#4120,#4121,#4122,#4123,#4124,#4125));
#7584=EDGE_LOOP('',(#4126,#4127,#4128,#4129,#4130,#4131,#4132,#4133));
#7585=EDGE_LOOP('',(#4134,#4135,#4136,#4137,#4138,#4139,#4140,#4141,#4142,#4143,#4144,#4145,#4146,#4147,#4148,#4149,#4150,#4151,#4152,#4153,#4154,#4155,#4156,#4157,#4158,#4159,#4160,#4161,#4162,#4163,#4164,#4165,#4166,#4167,#4168,#4169,#4170,#4171,#4172,#4173,#4174,#4175,#4176,#4177,#4178,#4179));
#7586=EDGE_LOOP('',(#4180,#4181,#4182,#4183));
#7587=EDGE_LOOP('',(#4184,#4185,#4186,#4187));
#7588=EDGE_LOOP('',(#4188,#4189,#4190,#4191));
#7589=EDGE_LOOP('',(#4192,#4193,#4194,#4195));
#7590=EDGE_LOOP('',(#4196,#4197,#4198,#4199));
#7591=EDGE_LOOP('',(#4200,#4201,#4202,#4203));
#7592=EDGE_LOOP('',(#4204,#4205,#4206,#4207));
#7593=EDGE_LOOP('',(#4208,#4209,#4210,#4211));
#7594=EDGE_LOOP('',(#4212,#4213,#4214,#4215));
#7595=EDGE_LOOP('',(#4216,#4217,#4218,#4219));
#7596=EDGE_LOOP('',(#4220,#4221,#4222,#4223,#4224,#4225,#4226,#4227));
#7597=EDGE_LOOP('',(#4228,#4229,#4230,#4231));
#7598=EDGE_LOOP('',(#4232,#4233,#4234,#4235));
#7599=EDGE_LOOP('',(#4236,#4237,#4238,#4239));
#7600=EDGE_LOOP('',(#4240,#4241,#4242,#4243));
#7601=EDGE_LOOP('',(#4244,#4245,#4246,#4247));
#7602=EDGE_LOOP('',(#4248,#4249,#4250,#4251));
#7603=EDGE_LOOP('',(#4252,#4253,#4254,#4255));
#7604=EDGE_LOOP('',(#4256,#4257,#4258,#4259));
#7605=EDGE_LOOP('',(#4260,#4261,#4262,#4263));
#7606=EDGE_LOOP('',(#4264,#4265,#4266,#4267));
#7607=EDGE_LOOP('',(#4268,#4269,#4270,#4271));
#7608=EDGE_LOOP('',(#4272,#4273,#4274,#4275));
#7609=EDGE_LOOP('',(#4276,#4277,#4278,#4279));
#7610=EDGE_LOOP('',(#4280,#4281,#4282,#4283));
#7611=EDGE_LOOP('',(#4284,#4285,#4286,#4287));
#7612=EDGE_LOOP('',(#4288,#4289,#4290,#4291));
#7613=EDGE_LOOP('',(#4292,#4293,#4294,#4295,#4296));
#7614=EDGE_LOOP('',(#4297,#4298,#4299,#4300,#4301,#4302,#4303,#4304));
#7615=EDGE_LOOP('',(#4305,#4306,#4307,#4308));
#7616=EDGE_LOOP('',(#4309,#4310,#4311,#4312));
#7617=EDGE_LOOP('',(#4313,#4314,#4315,#4316));
#7618=EDGE_LOOP('',(#4317,#4318,#4319,#4320));
#7619=EDGE_LOOP('',(#4321,#4322,#4323,#4324));
#7620=EDGE_LOOP('',(#4325,#4326,#4327,#4328));
#7621=EDGE_LOOP('',(#4329,#4330,#4331,#4332));
#7622=EDGE_LOOP('',(#4333,#4334,#4335,#4336));
#7623=EDGE_LOOP('',(#4337,#4338,#4339,#4340));
#7624=EDGE_LOOP('',(#4341,#4342,#4343,#4344));
#7625=EDGE_LOOP('',(#4345,#4346,#4347,#4348));
#7626=EDGE_LOOP('',(#4349,#4350,#4351,#4352));
#7627=EDGE_LOOP('',(#4353,#4354,#4355,#4356));
#7628=EDGE_LOOP('',(#4357,#4358,#4359,#4360));
#7629=EDGE_LOOP('',(#4361,#4362,#4363,#4364));
#7630=EDGE_LOOP('',(#4365,#4366,#4367,#4368));
#7631=EDGE_LOOP('',(#4369,#4370,#4371,#4372));
#7632=EDGE_LOOP('',(#4373,#4374,#4375,#4376));
#7633=EDGE_LOOP('',(#4377,#4378,#4379,#4380));
#7634=EDGE_LOOP('',(#4381,#4382,#4383,#4384));
#7635=EDGE_LOOP('',(#4385,#4386,#4387,#4388));
#7636=EDGE_LOOP('',(#4389,#4390,#4391,#4392));
#7637=EDGE_LOOP('',(#4393,#4394,#4395,#4396));
#7638=EDGE_LOOP('',(#4397,#4398,#4399,#4400));
#7639=EDGE_LOOP('',(#4401,#4402,#4403,#4404));
#7640=EDGE_LOOP('',(#4405,#4406,#4407,#4408));
#7641=EDGE_LOOP('',(#4409,#4410,#4411,#4412));
#7642=EDGE_LOOP('',(#4413,#4414,#4415,#4416,#4417,#4418,#4419,#4420,#4421,#4422));
#7643=EDGE_LOOP('',(#4423,#4424,#4425,#4426));
#7644=EDGE_LOOP('',(#4427,#4428,#4429,#4430));
#7645=EDGE_LOOP('',(#4431,#4432,#4433,#4434));
#7646=EDGE_LOOP('',(#4435,#4436,#4437,#4438));
#7647=EDGE_LOOP('',(#4439,#4440,#4441,#4442));
#7648=EDGE_LOOP('',(#4443,#4444,#4445,#4446));
#7649=EDGE_LOOP('',(#4447,#4448,#4449,#4450));
#7650=EDGE_LOOP('',(#4451,#4452,#4453,#4454));
#7651=EDGE_LOOP('',(#4455,#4456,#4457,#4458));
#7652=EDGE_LOOP('',(#4459,#4460,#4461,#4462));
#7653=EDGE_LOOP('',(#4463,#4464,#4465,#4466));
#7654=EDGE_LOOP('',(#4467,#4468,#4469,#4470));
#7655=EDGE_LOOP('',(#4471,#4472,#4473,#4474));
#7656=EDGE_LOOP('',(#4475,#4476,#4477,#4478));
#7657=EDGE_LOOP('',(#4479,#4480,#4481,#4482));
#7658=EDGE_LOOP('',(#4483,#4484,#4485,#4486));
#7659=EDGE_LOOP('',(#4487,#4488,#4489,#4490));
#7660=EDGE_LOOP('',(#4491,#4492,#4493,#4494));
#7661=EDGE_LOOP('',(#4495,#4496,#4497,#4498));
#7662=EDGE_LOOP('',(#4499,#4500,#4501,#4502));
#7663=EDGE_LOOP('',(#4503,#4504,#4505,#4506));
#7664=EDGE_LOOP('',(#4507,#4508,#4509,#4510));
#7665=EDGE_LOOP('',(#4511,#4512,#4513,#4514));
#7666=EDGE_LOOP('',(#4515,#4516,#4517,#4518,#4519,#4520,#4521,#4522,#4523,#4524,#4525,#4526,#4527,#4528,#4529,#4530,#4531,#4532,#4533,#4534,#4535,#4536,#4537,#4538,#4539,#4540));
#7667=EDGE_LOOP('',(#4541,#4542,#4543,#4544,#4545,#4546,#4547,#4548,#4549,#4550,#4551,#4552,#4553,#4554,#4555,#4556,#4557,#4558,#4559,#4560,#4561,#4562,#4563,#4564,#4565,#4566));
#7668=EDGE_LOOP('',(#4567,#4568,#4569,#4570,#4571,#4572));
#7669=EDGE_LOOP('',(#4573,#4574,#4575,#4576,#4577,#4578));
#7670=EDGE_LOOP('',(#4579,#4580,#4581,#4582,#4583,#4584));
#7671=EDGE_LOOP('',(#4585,#4586,#4587,#4588,#4589,#4590));
#7672=EDGE_LOOP('',(#4591,#4592,#4593,#4594));
#7673=EDGE_LOOP('',(#4595));
#7674=EDGE_LOOP('',(#4596));
#7675=EDGE_LOOP('',(#4597));
#7676=EDGE_LOOP('',(#4598));
#7677=EDGE_LOOP('',(#4599));
#7678=EDGE_LOOP('',(#4600));
#7679=EDGE_LOOP('',(#4601));
#7680=EDGE_LOOP('',(#4602));
#7681=EDGE_LOOP('',(#4603));
#7682=EDGE_LOOP('',(#4604));
#7683=EDGE_LOOP('',(#4605));
#7684=EDGE_LOOP('',(#4606));
#7685=EDGE_LOOP('',(#4607));
#7686=EDGE_LOOP('',(#4608));
#7687=EDGE_LOOP('',(#4609));
#7688=EDGE_LOOP('',(#4610));
#7689=EDGE_LOOP('',(#4611));
#7690=EDGE_LOOP('',(#4612));
#7691=EDGE_LOOP('',(#4613));
#7692=EDGE_LOOP('',(#4614));
#7693=EDGE_LOOP('',(#4615));
#7694=EDGE_LOOP('',(#4616));
#7695=EDGE_LOOP('',(#4617));
#7696=EDGE_LOOP('',(#4618));
#7697=EDGE_LOOP('',(#4619));
#7698=EDGE_LOOP('',(#4620));
#7699=EDGE_LOOP('',(#4621));
#7700=EDGE_LOOP('',(#4622));
#7701=EDGE_LOOP('',(#4623,#4624,#4625,#4626,#4627,#4628));
#7702=EDGE_LOOP('',(#4629,#4630,#4631,#4632,#4633,#4634));
#7703=EDGE_LOOP('',(#4635,#4636,#4637,#4638,#4639,#4640));
#7704=EDGE_LOOP('',(#4641,#4642,#4643,#4644,#4645,#4646));
#7705=EDGE_LOOP('',(#4647,#4648,#4649,#4650));
#7706=EDGE_LOOP('',(#4651,#4652,#4653,#4654));
#7707=EDGE_LOOP('',(#4655,#4656,#4657,#4658));
#7708=EDGE_LOOP('',(#4659,#4660,#4661,#4662));
#7709=EDGE_LOOP('',(#4663,#4664,#4665,#4666,#4667,#4668));
#7710=EDGE_LOOP('',(#4669,#4670,#4671,#4672,#4673,#4674,#4675));
#7711=EDGE_LOOP('',(#4676,#4677,#4678,#4679,#4680));
#7712=EDGE_LOOP('',(#4681,#4682,#4683,#4684,#4685));
#7713=EDGE_LOOP('',(#4686,#4687,#4688,#4689,#4690,#4691));
#7714=EDGE_LOOP('',(#4692,#4693,#4694,#4695,#4696));
#7715=EDGE_LOOP('',(#4697,#4698,#4699,#4700,#4701));
#7716=EDGE_LOOP('',(#4702,#4703,#4704,#4705,#4706,#4707));
#7717=EDGE_LOOP('',(#4708,#4709,#4710,#4711,#4712));
#7718=EDGE_LOOP('',(#4713,#4714,#4715,#4716));
#7719=EDGE_LOOP('',(#4717,#4718,#4719,#4720));
#7720=EDGE_LOOP('',(#4721,#4722,#4723,#4724));
#7721=EDGE_LOOP('',(#4725,#4726,#4727,#4728));
#7722=EDGE_LOOP('',(#4729,#4730,#4731,#4732));
#7723=EDGE_LOOP('',(#4733,#4734,#4735,#4736));
#7724=EDGE_LOOP('',(#4737,#4738,#4739,#4740));
#7725=EDGE_LOOP('',(#4741,#4742,#4743,#4744));
#7726=EDGE_LOOP('',(#4745,#4746,#4747,#4748));
#7727=EDGE_LOOP('',(#4749,#4750,#4751,#4752));
#7728=EDGE_LOOP('',(#4753,#4754,#4755,#4756));
#7729=EDGE_LOOP('',(#4757,#4758,#4759,#4760));
#7730=EDGE_LOOP('',(#4761,#4762,#4763,#4764));
#7731=EDGE_LOOP('',(#4765,#4766,#4767,#4768));
#7732=EDGE_LOOP('',(#4769,#4770,#4771,#4772));
#7733=EDGE_LOOP('',(#4773,#4774,#4775,#4776));
#7734=EDGE_LOOP('',(#4777,#4778,#4779,#4780));
#7735=EDGE_LOOP('',(#4781,#4782,#4783,#4784));
#7736=EDGE_LOOP('',(#4785,#4786,#4787,#4788));
#7737=EDGE_LOOP('',(#4789,#4790,#4791,#4792));
#7738=EDGE_LOOP('',(#4793,#4794,#4795,#4796));
#7739=EDGE_LOOP('',(#4797,#4798,#4799,#4800));
#7740=EDGE_LOOP('',(#4801,#4802,#4803,#4804));
#7741=EDGE_LOOP('',(#4805,#4806,#4807,#4808));
#7742=EDGE_LOOP('',(#4809,#4810,#4811,#4812));
#7743=EDGE_LOOP('',(#4813,#4814,#4815,#4816));
#7744=EDGE_LOOP('',(#4817,#4818,#4819,#4820));
#7745=EDGE_LOOP('',(#4821,#4822,#4823,#4824));
#7746=EDGE_LOOP('',(#4825,#4826,#4827,#4828));
#7747=EDGE_LOOP('',(#4829,#4830,#4831,#4832));
#7748=EDGE_LOOP('',(#4833,#4834,#4835,#4836));
#7749=EDGE_LOOP('',(#4837,#4838,#4839,#4840));
#7750=EDGE_LOOP('',(#4841,#4842,#4843,#4844));
#7751=EDGE_LOOP('',(#4845,#4846,#4847,#4848));
#7752=EDGE_LOOP('',(#4849,#4850,#4851,#4852));
#7753=EDGE_LOOP('',(#4853,#4854,#4855,#4856));
#7754=EDGE_LOOP('',(#4857,#4858,#4859,#4860));
#7755=EDGE_LOOP('',(#4861,#4862,#4863,#4864));
#7756=EDGE_LOOP('',(#4865,#4866,#4867,#4868));
#7757=EDGE_LOOP('',(#4869,#4870,#4871,#4872));
#7758=EDGE_LOOP('',(#4873,#4874,#4875,#4876));
#7759=EDGE_LOOP('',(#4877,#4878,#4879,#4880));
#7760=EDGE_LOOP('',(#4881,#4882,#4883,#4884));
#7761=EDGE_LOOP('',(#4885,#4886,#4887,#4888));
#7762=EDGE_LOOP('',(#4889,#4890,#4891,#4892));
#7763=EDGE_LOOP('',(#4893,#4894,#4895,#4896));
#7764=EDGE_LOOP('',(#4897,#4898,#4899,#4900));
#7765=EDGE_LOOP('',(#4901,#4902,#4903,#4904));
#7766=EDGE_LOOP('',(#4905,#4906,#4907,#4908));
#7767=EDGE_LOOP('',(#4909,#4910,#4911,#4912));
#7768=EDGE_LOOP('',(#4913,#4914,#4915,#4916));
#7769=EDGE_LOOP('',(#4917,#4918,#4919,#4920));
#7770=EDGE_LOOP('',(#4921,#4922,#4923,#4924));
#7771=EDGE_LOOP('',(#4925,#4926,#4927,#4928));
#7772=EDGE_LOOP('',(#4929,#4930,#4931,#4932));
#7773=EDGE_LOOP('',(#4933,#4934,#4935,#4936));
#7774=EDGE_LOOP('',(#4937,#4938,#4939,#4940));
#7775=EDGE_LOOP('',(#4941,#4942,#4943,#4944));
#7776=EDGE_LOOP('',(#4945,#4946,#4947,#4948));
#7777=EDGE_LOOP('',(#4949,#4950,#4951,#4952,#4953,#4954,#4955));
#7778=EDGE_LOOP('',(#4956,#4957,#4958,#4959));
#7779=EDGE_LOOP('',(#4960,#4961,#4962,#4963));
#7780=EDGE_LOOP('',(#4964,#4965,#4966,#4967));
#7781=EDGE_LOOP('',(#4968,#4969,#4970,#4971,#4972,#4973,#4974));
#7782=EDGE_LOOP('',(#4975,#4976,#4977,#4978));
#7783=EDGE_LOOP('',(#4979,#4980,#4981,#4982));
#7784=EDGE_LOOP('',(#4983,#4984,#4985,#4986));
#7785=EDGE_LOOP('',(#4987,#4988,#4989,#4990));
#7786=EDGE_LOOP('',(#4991,#4992,#4993,#4994));
#7787=EDGE_LOOP('',(#4995,#4996,#4997));
#7788=EDGE_LOOP('',(#4998,#4999,#5000));
#7789=EDGE_LOOP('',(#5001,#5002,#5003,#5004));
#7790=EDGE_LOOP('',(#5005,#5006,#5007,#5008,#5009,#5010));
#7791=EDGE_LOOP('',(#5011,#5012,#5013,#5014));
#7792=EDGE_LOOP('',(#5015,#5016,#5017,#5018));
#7793=EDGE_LOOP('',(#5019,#5020,#5021,#5022));
#7794=EDGE_LOOP('',(#5023,#5024,#5025,#5026));
#7795=EDGE_LOOP('',(#5027,#5028,#5029,#5030));
#7796=EDGE_LOOP('',(#5031,#5032,#5033,#5034));
#7797=FACE_BOUND('',#7249,.T.);
#7798=FACE_BOUND('',#7250,.T.);
#7799=FACE_BOUND('',#7251,.T.);
#7800=FACE_BOUND('',#7252,.T.);
#7801=FACE_BOUND('',#7253,.T.);
#7802=FACE_BOUND('',#7254,.T.);
#7803=FACE_BOUND('',#7255,.T.);
#7804=FACE_BOUND('',#7256,.T.);
#7805=FACE_BOUND('',#7257,.T.);
#7806=FACE_BOUND('',#7258,.T.);
#7807=FACE_BOUND('',#7259,.T.);
#7808=FACE_BOUND('',#7260,.T.);
#7809=FACE_BOUND('',#7261,.T.);
#7810=FACE_BOUND('',#7262,.T.);
#7811=FACE_BOUND('',#7263,.T.);
#7812=FACE_BOUND('',#7264,.T.);
#7813=FACE_BOUND('',#7265,.T.);
#7814=FACE_BOUND('',#7266,.T.);
#7815=FACE_BOUND('',#7267,.T.);
#7816=FACE_BOUND('',#7268,.T.);
#7817=FACE_BOUND('',#7269,.T.);
#7818=FACE_BOUND('',#7270,.T.);
#7819=FACE_BOUND('',#7271,.T.);
#7820=FACE_BOUND('',#7272,.T.);
#7821=FACE_BOUND('',#7273,.T.);
#7822=FACE_BOUND('',#7274,.T.);
#7823=FACE_BOUND('',#7275,.T.);
#7824=FACE_BOUND('',#7276,.T.);
#7825=FACE_BOUND('',#7277,.T.);
#7826=FACE_BOUND('',#7278,.T.);
#7827=FACE_BOUND('',#7279,.T.);
#7828=FACE_BOUND('',#7280,.T.);
#7829=FACE_BOUND('',#7281,.T.);
#7830=FACE_BOUND('',#7282,.T.);
#7831=FACE_BOUND('',#7283,.T.);
#7832=FACE_BOUND('',#7284,.T.);
#7833=FACE_BOUND('',#7285,.T.);
#7834=FACE_BOUND('',#7286,.T.);
#7835=FACE_BOUND('',#7287,.T.);
#7836=FACE_BOUND('',#7288,.T.);
#7837=FACE_BOUND('',#7289,.T.);
#7838=FACE_BOUND('',#7290,.T.);
#7839=FACE_BOUND('',#7291,.T.);
#7840=FACE_BOUND('',#7292,.T.);
#7841=FACE_BOUND('',#7293,.T.);
#7842=FACE_BOUND('',#7294,.T.);
#7843=FACE_BOUND('',#7295,.T.);
#7844=FACE_BOUND('',#7296,.T.);
#7845=FACE_BOUND('',#7297,.T.);
#7846=FACE_BOUND('',#7298,.T.);
#7847=FACE_BOUND('',#7299,.T.);
#7848=FACE_BOUND('',#7300,.T.);
#7849=FACE_BOUND('',#7301,.T.);
#7850=FACE_BOUND('',#7302,.T.);
#7851=FACE_BOUND('',#7303,.T.);
#7852=FACE_BOUND('',#7304,.T.);
#7853=FACE_BOUND('',#7305,.T.);
#7854=FACE_BOUND('',#7306,.T.);
#7855=FACE_BOUND('',#7307,.T.);
#7856=FACE_BOUND('',#7308,.T.);
#7857=FACE_BOUND('',#7309,.T.);
#7858=FACE_BOUND('',#7310,.T.);
#7859=FACE_BOUND('',#7311,.T.);
#7860=FACE_BOUND('',#7312,.T.);
#7861=FACE_BOUND('',#7313,.T.);
#7862=FACE_BOUND('',#7314,.T.);
#7863=FACE_BOUND('',#7315,.T.);
#7864=FACE_BOUND('',#7316,.T.);
#7865=FACE_BOUND('',#7317,.T.);
#7866=FACE_BOUND('',#7318,.T.);
#7867=FACE_BOUND('',#7319,.T.);
#7868=FACE_BOUND('',#7320,.T.);
#7869=FACE_BOUND('',#7321,.T.);
#7870=FACE_BOUND('',#7322,.T.);
#7871=FACE_BOUND('',#7323,.T.);
#7872=FACE_BOUND('',#7324,.T.);
#7873=FACE_BOUND('',#7325,.T.);
#7874=FACE_BOUND('',#7326,.T.);
#7875=FACE_BOUND('',#7327,.T.);
#7876=FACE_BOUND('',#7328,.T.);
#7877=FACE_BOUND('',#7329,.T.);
#7878=FACE_BOUND('',#7330,.T.);
#7879=FACE_BOUND('',#7331,.T.);
#7880=FACE_BOUND('',#7332,.T.);
#7881=FACE_BOUND('',#7333,.T.);
#7882=FACE_BOUND('',#7334,.T.);
#7883=FACE_BOUND('',#7335,.T.);
#7884=FACE_BOUND('',#7336,.T.);
#7885=FACE_BOUND('',#7337,.T.);
#7886=FACE_BOUND('',#7338,.T.);
#7887=FACE_BOUND('',#7339,.T.);
#7888=FACE_BOUND('',#7340,.T.);
#7889=FACE_BOUND('',#7341,.T.);
#7890=FACE_BOUND('',#7342,.T.);
#7891=FACE_BOUND('',#7343,.T.);
#7892=FACE_BOUND('',#7344,.T.);
#7893=FACE_BOUND('',#7345,.T.);
#7894=FACE_BOUND('',#7346,.T.);
#7895=FACE_BOUND('',#7347,.T.);
#7896=FACE_BOUND('',#7348,.T.);
#7897=FACE_BOUND('',#7349,.T.);
#7898=FACE_BOUND('',#7350,.T.);
#7899=FACE_BOUND('',#7351,.T.);
#7900=FACE_BOUND('',#7352,.T.);
#7901=FACE_BOUND('',#7353,.T.);
#7902=FACE_BOUND('',#7354,.T.);
#7903=FACE_BOUND('',#7355,.T.);
#7904=FACE_BOUND('',#7356,.T.);
#7905=FACE_BOUND('',#7357,.T.);
#7906=FACE_BOUND('',#7358,.T.);
#7907=FACE_BOUND('',#7359,.T.);
#7908=FACE_BOUND('',#7360,.T.);
#7909=FACE_BOUND('',#7361,.T.);
#7910=FACE_BOUND('',#7362,.T.);
#7911=FACE_BOUND('',#7363,.T.);
#7912=FACE_BOUND('',#7364,.T.);
#7913=FACE_BOUND('',#7365,.T.);
#7914=FACE_BOUND('',#7366,.T.);
#7915=FACE_BOUND('',#7367,.T.);
#7916=FACE_BOUND('',#7368,.T.);
#7917=FACE_BOUND('',#7369,.T.);
#7918=FACE_BOUND('',#7370,.T.);
#7919=FACE_BOUND('',#7371,.T.);
#7920=FACE_BOUND('',#7372,.T.);
#7921=FACE_BOUND('',#7373,.T.);
#7922=FACE_BOUND('',#7374,.T.);
#7923=FACE_BOUND('',#7375,.T.);
#7924=FACE_BOUND('',#7376,.T.);
#7925=FACE_BOUND('',#7377,.T.);
#7926=FACE_BOUND('',#7378,.T.);
#7927=FACE_BOUND('',#7379,.T.);
#7928=FACE_BOUND('',#7380,.T.);
#7929=FACE_BOUND('',#7381,.T.);
#7930=FACE_BOUND('',#7382,.T.);
#7931=FACE_BOUND('',#7383,.T.);
#7932=FACE_BOUND('',#7384,.T.);
#7933=FACE_BOUND('',#7385,.T.);
#7934=FACE_BOUND('',#7386,.T.);
#7935=FACE_BOUND('',#7387,.T.);
#7936=FACE_BOUND('',#7388,.T.);
#7937=FACE_BOUND('',#7389,.T.);
#7938=FACE_BOUND('',#7390,.T.);
#7939=FACE_BOUND('',#7391,.T.);
#7940=FACE_BOUND('',#7392,.T.);
#7941=FACE_BOUND('',#7393,.T.);
#7942=FACE_BOUND('',#7394,.T.);
#7943=FACE_BOUND('',#7395,.T.);
#7944=FACE_BOUND('',#7396,.T.);
#7945=FACE_BOUND('',#7397,.T.);
#7946=FACE_BOUND('',#7398,.T.);
#7947=FACE_BOUND('',#7399,.T.);
#7948=FACE_BOUND('',#7400,.T.);
#7949=FACE_BOUND('',#7401,.T.);
#7950=FACE_BOUND('',#7402,.T.);
#7951=FACE_BOUND('',#7403,.T.);
#7952=FACE_BOUND('',#7404,.T.);
#7953=FACE_BOUND('',#7405,.T.);
#7954=FACE_BOUND('',#7406,.T.);
#7955=FACE_BOUND('',#7407,.T.);
#7956=FACE_BOUND('',#7408,.T.);
#7957=FACE_BOUND('',#7409,.T.);
#7958=FACE_BOUND('',#7410,.T.);
#7959=FACE_BOUND('',#7411,.T.);
#7960=FACE_BOUND('',#7412,.T.);
#7961=FACE_BOUND('',#7413,.T.);
#7962=FACE_BOUND('',#7414,.T.);
#7963=FACE_BOUND('',#7415,.T.);
#7964=FACE_BOUND('',#7416,.T.);
#7965=FACE_BOUND('',#7417,.T.);
#7966=FACE_BOUND('',#7418,.T.);
#7967=FACE_BOUND('',#7419,.T.);
#7968=FACE_BOUND('',#7420,.T.);
#7969=FACE_BOUND('',#7421,.T.);
#7970=FACE_BOUND('',#7422,.T.);
#7971=FACE_BOUND('',#7423,.T.);
#7972=FACE_BOUND('',#7424,.T.);
#7973=FACE_BOUND('',#7425,.T.);
#7974=FACE_BOUND('',#7426,.T.);
#7975=FACE_BOUND('',#7427,.T.);
#7976=FACE_BOUND('',#7428,.T.);
#7977=FACE_BOUND('',#7429,.T.);
#7978=FACE_BOUND('',#7430,.T.);
#7979=FACE_BOUND('',#7431,.T.);
#7980=FACE_BOUND('',#7432,.T.);
#7981=FACE_BOUND('',#7433,.T.);
#7982=FACE_BOUND('',#7434,.T.);
#7983=FACE_BOUND('',#7435,.T.);
#7984=FACE_BOUND('',#7436,.T.);
#7985=FACE_BOUND('',#7437,.T.);
#7986=FACE_BOUND('',#7438,.T.);
#7987=FACE_BOUND('',#7439,.T.);
#7988=FACE_BOUND('',#7440,.T.);
#7989=FACE_BOUND('',#7441,.T.);
#7990=FACE_BOUND('',#7442,.T.);
#7991=FACE_BOUND('',#7443,.T.);
#7992=FACE_BOUND('',#7444,.T.);
#7993=FACE_BOUND('',#7445,.T.);
#7994=FACE_BOUND('',#7446,.T.);
#7995=FACE_BOUND('',#7447,.T.);
#7996=FACE_BOUND('',#7448,.T.);
#7997=FACE_BOUND('',#7449,.T.);
#7998=FACE_BOUND('',#7450,.T.);
#7999=FACE_BOUND('',#7451,.T.);
#8000=FACE_BOUND('',#7452,.T.);
#8001=FACE_BOUND('',#7453,.T.);
#8002=FACE_BOUND('',#7454,.T.);
#8003=FACE_BOUND('',#7455,.T.);
#8004=FACE_BOUND('',#7456,.T.);
#8005=FACE_BOUND('',#7457,.T.);
#8006=FACE_BOUND('',#7458,.T.);
#8007=FACE_BOUND('',#7459,.T.);
#8008=FACE_BOUND('',#7460,.T.);
#8009=FACE_BOUND('',#7461,.T.);
#8010=FACE_BOUND('',#7462,.T.);
#8011=FACE_BOUND('',#7463,.T.);
#8012=FACE_BOUND('',#7464,.T.);
#8013=FACE_BOUND('',#7465,.T.);
#8014=FACE_BOUND('',#7466,.T.);
#8015=FACE_BOUND('',#7467,.T.);
#8016=FACE_BOUND('',#7468,.T.);
#8017=FACE_BOUND('',#7469,.T.);
#8018=FACE_BOUND('',#7470,.T.);
#8019=FACE_BOUND('',#7471,.T.);
#8020=FACE_BOUND('',#7472,.T.);
#8021=FACE_BOUND('',#7473,.T.);
#8022=FACE_BOUND('',#7474,.T.);
#8023=FACE_BOUND('',#7475,.T.);
#8024=FACE_BOUND('',#7476,.T.);
#8025=FACE_BOUND('',#7477,.T.);
#8026=FACE_BOUND('',#7478,.T.);
#8027=FACE_BOUND('',#7479,.T.);
#8028=FACE_BOUND('',#7480,.T.);
#8029=FACE_BOUND('',#7481,.T.);
#8030=FACE_BOUND('',#7482,.T.);
#8031=FACE_BOUND('',#7483,.T.);
#8032=FACE_BOUND('',#7484,.T.);
#8033=FACE_BOUND('',#7485,.T.);
#8034=FACE_BOUND('',#7486,.T.);
#8035=FACE_BOUND('',#7487,.T.);
#8036=FACE_BOUND('',#7488,.T.);
#8037=FACE_BOUND('',#7489,.T.);
#8038=FACE_BOUND('',#7490,.T.);
#8039=FACE_BOUND('',#7491,.T.);
#8040=FACE_BOUND('',#7492,.T.);
#8041=FACE_BOUND('',#7493,.T.);
#8042=FACE_BOUND('',#7494,.T.);
#8043=FACE_BOUND('',#7495,.T.);
#8044=FACE_BOUND('',#7496,.T.);
#8045=FACE_BOUND('',#7497,.T.);
#8046=FACE_BOUND('',#7498,.T.);
#8047=FACE_BOUND('',#7499,.T.);
#8048=FACE_BOUND('',#7500,.T.);
#8049=FACE_BOUND('',#7501,.T.);
#8050=FACE_BOUND('',#7502,.T.);
#8051=FACE_BOUND('',#7503,.T.);
#8052=FACE_BOUND('',#7504,.T.);
#8053=FACE_BOUND('',#7505,.T.);
#8054=FACE_BOUND('',#7506,.T.);
#8055=FACE_BOUND('',#7507,.T.);
#8056=FACE_BOUND('',#7508,.T.);
#8057=FACE_BOUND('',#7509,.T.);
#8058=FACE_BOUND('',#7510,.T.);
#8059=FACE_BOUND('',#7511,.T.);
#8060=FACE_BOUND('',#7512,.T.);
#8061=FACE_BOUND('',#7513,.T.);
#8062=FACE_BOUND('',#7514,.T.);
#8063=FACE_BOUND('',#7515,.T.);
#8064=FACE_BOUND('',#7516,.T.);
#8065=FACE_BOUND('',#7517,.T.);
#8066=FACE_BOUND('',#7518,.T.);
#8067=FACE_BOUND('',#7519,.T.);
#8068=FACE_BOUND('',#7520,.T.);
#8069=FACE_BOUND('',#7521,.T.);
#8070=FACE_BOUND('',#7522,.T.);
#8071=FACE_BOUND('',#7523,.T.);
#8072=FACE_BOUND('',#7524,.T.);
#8073=FACE_BOUND('',#7525,.T.);
#8074=FACE_BOUND('',#7526,.T.);
#8075=FACE_BOUND('',#7527,.T.);
#8076=FACE_BOUND('',#7528,.T.);
#8077=FACE_BOUND('',#7529,.T.);
#8078=FACE_BOUND('',#7530,.T.);
#8079=FACE_BOUND('',#7531,.T.);
#8080=FACE_BOUND('',#7532,.T.);
#8081=FACE_BOUND('',#7533,.T.);
#8082=FACE_BOUND('',#7534,.T.);
#8083=FACE_BOUND('',#7535,.T.);
#8084=FACE_BOUND('',#7536,.T.);
#8085=FACE_BOUND('',#7537,.T.);
#8086=FACE_BOUND('',#7538,.T.);
#8087=FACE_BOUND('',#7539,.T.);
#8088=FACE_BOUND('',#7540,.T.);
#8089=FACE_BOUND('',#7541,.T.);
#8090=FACE_BOUND('',#7542,.T.);
#8091=FACE_BOUND('',#7543,.T.);
#8092=FACE_BOUND('',#7544,.T.);
#8093=FACE_BOUND('',#7545,.T.);
#8094=FACE_BOUND('',#7546,.T.);
#8095=FACE_BOUND('',#7547,.T.);
#8096=FACE_BOUND('',#7548,.T.);
#8097=FACE_BOUND('',#7549,.T.);
#8098=FACE_BOUND('',#7550,.T.);
#8099=FACE_BOUND('',#7551,.T.);
#8100=FACE_BOUND('',#7552,.T.);
#8101=FACE_BOUND('',#7553,.T.);
#8102=FACE_BOUND('',#7554,.T.);
#8103=FACE_BOUND('',#7555,.T.);
#8104=FACE_BOUND('',#7556,.T.);
#8105=FACE_BOUND('',#7557,.T.);
#8106=FACE_BOUND('',#7558,.T.);
#8107=FACE_BOUND('',#7559,.T.);
#8108=FACE_BOUND('',#7560,.T.);
#8109=FACE_BOUND('',#7561,.T.);
#8110=FACE_BOUND('',#7562,.T.);
#8111=FACE_BOUND('',#7563,.T.);
#8112=FACE_BOUND('',#7564,.T.);
#8113=FACE_BOUND('',#7565,.T.);
#8114=FACE_BOUND('',#7566,.T.);
#8115=FACE_BOUND('',#7567,.T.);
#8116=FACE_BOUND('',#7568,.T.);
#8117=FACE_BOUND('',#7569,.T.);
#8118=FACE_BOUND('',#7570,.T.);
#8119=FACE_BOUND('',#7571,.T.);
#8120=FACE_BOUND('',#7572,.T.);
#8121=FACE_BOUND('',#7573,.T.);
#8122=FACE_BOUND('',#7574,.T.);
#8123=FACE_BOUND('',#7575,.T.);
#8124=FACE_BOUND('',#7576,.T.);
#8125=FACE_BOUND('',#7577,.T.);
#8126=FACE_BOUND('',#7578,.T.);
#8127=FACE_BOUND('',#7579,.T.);
#8128=FACE_BOUND('',#7580,.T.);
#8129=FACE_BOUND('',#7581,.T.);
#8130=FACE_BOUND('',#7582,.T.);
#8131=FACE_BOUND('',#7583,.T.);
#8132=FACE_BOUND('',#7584,.T.);
#8133=FACE_BOUND('',#7585,.T.);
#8134=FACE_BOUND('',#7586,.T.);
#8135=FACE_BOUND('',#7587,.T.);
#8136=FACE_BOUND('',#7588,.T.);
#8137=FACE_BOUND('',#7589,.T.);
#8138=FACE_BOUND('',#7590,.T.);
#8139=FACE_BOUND('',#7591,.T.);
#8140=FACE_BOUND('',#7592,.T.);
#8141=FACE_BOUND('',#7593,.T.);
#8142=FACE_BOUND('',#7594,.T.);
#8143=FACE_BOUND('',#7595,.T.);
#8144=FACE_BOUND('',#7596,.T.);
#8145=FACE_BOUND('',#7597,.T.);
#8146=FACE_BOUND('',#7598,.T.);
#8147=FACE_BOUND('',#7599,.T.);
#8148=FACE_BOUND('',#7600,.T.);
#8149=FACE_BOUND('',#7601,.T.);
#8150=FACE_BOUND('',#7602,.T.);
#8151=FACE_BOUND('',#7603,.T.);
#8152=FACE_BOUND('',#7604,.T.);
#8153=FACE_BOUND('',#7605,.T.);
#8154=FACE_BOUND('',#7606,.T.);
#8155=FACE_BOUND('',#7607,.T.);
#8156=FACE_BOUND('',#7608,.T.);
#8157=FACE_BOUND('',#7609,.T.);
#8158=FACE_BOUND('',#7610,.T.);
#8159=FACE_BOUND('',#7611,.T.);
#8160=FACE_BOUND('',#7612,.T.);
#8161=FACE_BOUND('',#7613,.T.);
#8162=FACE_BOUND('',#7614,.T.);
#8163=FACE_BOUND('',#7615,.T.);
#8164=FACE_BOUND('',#7616,.T.);
#8165=FACE_BOUND('',#7617,.T.);
#8166=FACE_BOUND('',#7618,.T.);
#8167=FACE_BOUND('',#7619,.T.);
#8168=FACE_BOUND('',#7620,.T.);
#8169=FACE_BOUND('',#7621,.T.);
#8170=FACE_BOUND('',#7622,.T.);
#8171=FACE_BOUND('',#7623,.T.);
#8172=FACE_BOUND('',#7624,.T.);
#8173=FACE_BOUND('',#7625,.T.);
#8174=FACE_BOUND('',#7626,.T.);
#8175=FACE_BOUND('',#7627,.T.);
#8176=FACE_BOUND('',#7628,.T.);
#8177=FACE_BOUND('',#7629,.T.);
#8178=FACE_BOUND('',#7630,.T.);
#8179=FACE_BOUND('',#7631,.T.);
#8180=FACE_BOUND('',#7632,.T.);
#8181=FACE_BOUND('',#7633,.T.);
#8182=FACE_BOUND('',#7634,.T.);
#8183=FACE_BOUND('',#7635,.T.);
#8184=FACE_BOUND('',#7636,.T.);
#8185=FACE_BOUND('',#7637,.T.);
#8186=FACE_BOUND('',#7638,.T.);
#8187=FACE_BOUND('',#7639,.T.);
#8188=FACE_BOUND('',#7640,.T.);
#8189=FACE_BOUND('',#7641,.T.);
#8190=FACE_BOUND('',#7642,.T.);
#8191=FACE_BOUND('',#7643,.T.);
#8192=FACE_BOUND('',#7644,.T.);
#8193=FACE_BOUND('',#7645,.T.);
#8194=FACE_BOUND('',#7646,.T.);
#8195=FACE_BOUND('',#7647,.T.);
#8196=FACE_BOUND('',#7648,.T.);
#8197=FACE_BOUND('',#7649,.T.);
#8198=FACE_BOUND('',#7650,.T.);
#8199=FACE_BOUND('',#7651,.T.);
#8200=FACE_BOUND('',#7652,.T.);
#8201=FACE_BOUND('',#7653,.T.);
#8202=FACE_BOUND('',#7654,.T.);
#8203=FACE_BOUND('',#7655,.T.);
#8204=FACE_BOUND('',#7656,.T.);
#8205=FACE_BOUND('',#7657,.T.);
#8206=FACE_BOUND('',#7658,.T.);
#8207=FACE_BOUND('',#7659,.T.);
#8208=FACE_BOUND('',#7660,.T.);
#8209=FACE_BOUND('',#7661,.T.);
#8210=FACE_BOUND('',#7662,.T.);
#8211=FACE_BOUND('',#7663,.T.);
#8212=FACE_BOUND('',#7664,.T.);
#8213=FACE_BOUND('',#7665,.T.);
#8214=FACE_BOUND('',#7666,.T.);
#8215=FACE_BOUND('',#7667,.T.);
#8216=FACE_BOUND('',#7668,.T.);
#8217=FACE_BOUND('',#7669,.T.);
#8218=FACE_BOUND('',#7670,.T.);
#8219=FACE_BOUND('',#7671,.T.);
#8220=FACE_BOUND('',#7672,.T.);
#8221=FACE_BOUND('',#7673,.T.);
#8222=FACE_BOUND('',#7674,.T.);
#8223=FACE_BOUND('',#7675,.T.);
#8224=FACE_BOUND('',#7676,.T.);
#8225=FACE_BOUND('',#7677,.T.);
#8226=FACE_BOUND('',#7678,.T.);
#8227=FACE_BOUND('',#7679,.T.);
#8228=FACE_BOUND('',#7680,.T.);
#8229=FACE_BOUND('',#7681,.T.);
#8230=FACE_BOUND('',#7682,.T.);
#8231=FACE_BOUND('',#7683,.T.);
#8232=FACE_BOUND('',#7684,.T.);
#8233=FACE_BOUND('',#7685,.T.);
#8234=FACE_BOUND('',#7686,.T.);
#8235=FACE_BOUND('',#7687,.T.);
#8236=FACE_BOUND('',#7688,.T.);
#8237=FACE_BOUND('',#7689,.T.);
#8238=FACE_BOUND('',#7690,.T.);
#8239=FACE_BOUND('',#7691,.T.);
#8240=FACE_BOUND('',#7692,.T.);
#8241=FACE_BOUND('',#7693,.T.);
#8242=FACE_BOUND('',#7694,.T.);
#8243=FACE_BOUND('',#7695,.T.);
#8244=FACE_BOUND('',#7696,.T.);
#8245=FACE_BOUND('',#7697,.T.);
#8246=FACE_BOUND('',#7698,.T.);
#8247=FACE_BOUND('',#7699,.T.);
#8248=FACE_BOUND('',#7700,.T.);
#8249=FACE_BOUND('',#7701,.T.);
#8250=FACE_BOUND('',#7702,.T.);
#8251=FACE_BOUND('',#7703,.T.);
#8252=FACE_BOUND('',#7704,.T.);
#8253=FACE_BOUND('',#7705,.T.);
#8254=FACE_BOUND('',#7706,.T.);
#8255=FACE_BOUND('',#7707,.T.);
#8256=FACE_BOUND('',#7708,.T.);
#8257=FACE_BOUND('',#7709,.T.);
#8258=FACE_BOUND('',#7710,.T.);
#8259=FACE_BOUND('',#7711,.T.);
#8260=FACE_BOUND('',#7712,.T.);
#8261=FACE_BOUND('',#7713,.T.);
#8262=FACE_BOUND('',#7714,.T.);
#8263=FACE_BOUND('',#7715,.T.);
#8264=FACE_BOUND('',#7716,.T.);
#8265=FACE_BOUND('',#7717,.T.);
#8266=FACE_BOUND('',#7718,.T.);
#8267=FACE_BOUND('',#7719,.T.);
#8268=FACE_BOUND('',#7720,.T.);
#8269=FACE_BOUND('',#7721,.T.);
#8270=FACE_BOUND('',#7722,.T.);
#8271=FACE_BOUND('',#7723,.T.);
#8272=FACE_BOUND('',#7724,.T.);
#8273=FACE_BOUND('',#7725,.T.);
#8274=FACE_BOUND('',#7726,.T.);
#8275=FACE_BOUND('',#7727,.T.);
#8276=FACE_BOUND('',#7728,.T.);
#8277=FACE_BOUND('',#7729,.T.);
#8278=FACE_BOUND('',#7730,.T.);
#8279=FACE_BOUND('',#7731,.T.);
#8280=FACE_BOUND('',#7732,.T.);
#8281=FACE_BOUND('',#7733,.T.);
#8282=FACE_BOUND('',#7734,.T.);
#8283=FACE_BOUND('',#7735,.T.);
#8284=FACE_BOUND('',#7736,.T.);
#8285=FACE_BOUND('',#7737,.T.);
#8286=FACE_BOUND('',#7738,.T.);
#8287=FACE_BOUND('',#7739,.T.);
#8288=FACE_BOUND('',#7740,.T.);
#8289=FACE_BOUND('',#7741,.T.);
#8290=FACE_BOUND('',#7742,.T.);
#8291=FACE_BOUND('',#7743,.T.);
#8292=FACE_BOUND('',#7744,.T.);
#8293=FACE_BOUND('',#7745,.T.);
#8294=FACE_BOUND('',#7746,.T.);
#8295=FACE_BOUND('',#7747,.T.);
#8296=FACE_BOUND('',#7748,.T.);
#8297=FACE_BOUND('',#7749,.T.);
#8298=FACE_BOUND('',#7750,.T.);
#8299=FACE_BOUND('',#7751,.T.);
#8300=FACE_BOUND('',#7752,.T.);
#8301=FACE_BOUND('',#7753,.T.);
#8302=FACE_BOUND('',#7754,.T.);
#8303=FACE_BOUND('',#7755,.T.);
#8304=FACE_BOUND('',#7756,.T.);
#8305=FACE_BOUND('',#7757,.T.);
#8306=FACE_BOUND('',#7758,.T.);
#8307=FACE_BOUND('',#7759,.T.);
#8308=FACE_BOUND('',#7760,.T.);
#8309=FACE_BOUND('',#7761,.T.);
#8310=FACE_BOUND('',#7762,.T.);
#8311=FACE_BOUND('',#7763,.T.);
#8312=FACE_BOUND('',#7764,.T.);
#8313=FACE_BOUND('',#7765,.T.);
#8314=FACE_BOUND('',#7766,.T.);
#8315=FACE_BOUND('',#7767,.T.);
#8316=FACE_BOUND('',#7768,.T.);
#8317=FACE_BOUND('',#7769,.T.);
#8318=FACE_BOUND('',#7770,.T.);
#8319=FACE_BOUND('',#7771,.T.);
#8320=FACE_BOUND('',#7772,.T.);
#8321=FACE_BOUND('',#7773,.T.);
#8322=FACE_BOUND('',#7774,.T.);
#8323=FACE_BOUND('',#7775,.T.);
#8324=FACE_BOUND('',#7776,.T.);
#8325=FACE_BOUND('',#7777,.T.);
#8326=FACE_BOUND('',#7778,.T.);
#8327=FACE_BOUND('',#7779,.T.);
#8328=FACE_BOUND('',#7780,.T.);
#8329=FACE_BOUND('',#7781,.T.);
#8330=FACE_BOUND('',#7782,.T.);
#8331=FACE_BOUND('',#7783,.T.);
#8332=FACE_BOUND('',#7784,.T.);
#8333=FACE_BOUND('',#7785,.T.);
#8334=FACE_BOUND('',#7786,.T.);
#8335=FACE_BOUND('',#7787,.T.);
#8336=FACE_BOUND('',#7788,.T.);
#8337=FACE_BOUND('',#7789,.T.);
#8338=FACE_BOUND('',#7790,.T.);
#8339=FACE_BOUND('',#7791,.T.);
#8340=FACE_BOUND('',#7792,.T.);
#8341=FACE_BOUND('',#7793,.T.);
#8342=FACE_BOUND('',#7794,.T.);
#8343=FACE_BOUND('',#7795,.T.);
#8344=FACE_BOUND('',#7796,.T.);
#8345=B_SPLINE_SURFACE_WITH_KNOTS('',3,3,((#12322,#12323,#12324,#12325,
#12326,#12327,#12328,#12329,#12330,#12331,#12332,#12333,#12334,#12335),(#12336,#12337,#12338,#12339,#12340,#12341,#12342,#12343,#12344,#12345,
#12346,#12347,#12348,#12349),(#12350,#12351,#12352,#12353,#12354,#12355,
#12356,#12357,#12358,#12359,#12360,#12361,#12362,#12363),(#12364,#12365,
#12366,#12367,#12368,#12369,#12370,#12371,#12372,#12373,#12374,#12375,#12376,
#12377),(#12378,#12379,#12380,#12381,#12382,#12383,#12384,#12385,#12386,
#12387,#12388,#12389,#12390,#12391),(#12392,#12393,#12394,#12395,#12396,
#12397,#12398,#12399,#12400,#12401,#12402,#12403,#12404,#12405),(#12406,
#12407,#12408,#12409,#12410,#12411,#12412,#12413,#12414,#12415,#12416,#12417,
#12418,#12419),(#12420,#12421,#12422,#12423,#12424,#12425,#12426,#12427,
#12428,#12429,#12430,#12431,#12432,#12433),(#12434,#12435,#12436,#12437,
#12438,#12439,#12440,#12441,#12442,#12443,#12444,#12445,#12446,#12447),(#12448,#12449,#12450,#12451,#12452,#12453,#12454,#12455,#12456,#12457,
#12458,#12459,#12460,#12461),(#12462,#12463,#12464,#12465,#12466,#12467,
#12468,#12469,#12470,#12471,#12472,#12473,#12474,#12475),(#12476,#12477,
#12478,#12479,#12480,#12481,#12482,#12483,#12484,#12485,#12486,#12487,#12488,
#12489),(#12490,#12491,#12492,#12493,#12494,#12495,#12496,#12497,#12498,
#12499,#12500,#12501,#12502,#12503),(#12504,#12505,#12506,#12507,#12508,
#12509,#12510,#12511,#12512,#12513,#12514,#12515,#12516,#12517)),.UNSPECIFIED.,.F.,.F.,.F.,(4,2,2,2,2,2,4),(4,2,2,2,2,2,4),(0.,0.25,0.375,0.5,0.75,0.875,1.),(0.,0.193837334035451,0.211931079460704,0.244222500658236,0.596918667017726,0.798459333508863,1.),.UNSPECIFIED.);
#8346=B_SPLINE_SURFACE_WITH_KNOTS('',3,3,((#12608,#12609,#12610,#12611,
#12612,#12613,#12614,#12615,#12616,#12617,#12618,#12619,#12620,#12621),(#12622,#12623,#12624,#12625,#12626,#12627,#12628,#12629,#12630,#12631,
#12632,#12633,#12634,#12635),(#12636,#12637,#12638,#12639,#12640,#12641,
#12642,#12643,#12644,#12645,#12646,#12647,#12648,#12649),(#12650,#12651,
#12652,#12653,#12654,#12655,#12656,#12657,#12658,#12659,#12660,#12661,#12662,
#12663),(#12664,#12665,#12666,#12667,#12668,#12669,#12670,#12671,#12672,
#12673,#12674,#12675,#12676,#12677),(#12678,#12679,#12680,#12681,#12682,
#12683,#12684,#12685,#12686,#12687,#12688,#12689,#12690,#12691),(#12692,
#12693,#12694,#12695,#12696,#12697,#12698,#12699,#12700,#12701,#12702,#12703,
#12704,#12705),(#12706,#12707,#12708,#12709,#12710,#12711,#12712,#12713,
#12714,#12715,#12716,#12717,#12718,#12719),(#12720,#12721,#12722,#12723,
#12724,#12725,#12726,#12727,#12728,#12729,#12730,#12731,#12732,#12733),(#12734,#12735,#12736,#12737,#12738,#12739,#12740,#12741,#12742,#12743,
#12744,#12745,#12746,#12747),(#12748,#12749,#12750,#12751,#12752,#12753,
#12754,#12755,#12756,#12757,#12758,#12759,#12760,#12761),(#12762,#12763,
#12764,#12765,#12766,#12767,#12768,#12769,#12770,#12771,#12772,#12773,#12774,
#12775),(#12776,#12777,#12778,#12779,#12780,#12781,#12782,#12783,#12784,
#12785,#12786,#12787,#12788,#12789),(#12790,#12791,#12792,#12793,#12794,
#12795,#12796,#12797,#12798,#12799,#12800,#12801,#12802,#12803)),.UNSPECIFIED.,.F.,.F.,.F.,(4,2,2,2,2,2,4),(4,2,2,2,2,2,4),(0.,0.25,0.375,0.5,0.75,0.875,1.),(0.,0.193837334035493,0.211931079460747,0.244222500658274,0.596918667017746,0.798459333508873,1.),.UNSPECIFIED.);
#8347=B_SPLINE_SURFACE_WITH_KNOTS('',3,3,((#12894,#12895,#12896,#12897,
#12898,#12899,#12900,#12901,#12902,#12903,#12904,#12905,#12906,#12907),(#12908,#12909,#12910,#12911,#12912,#12913,#12914,#12915,#12916,#12917,
#12918,#12919,#12920,#12921),(#12922,#12923,#12924,#12925,#12926,#12927,
#12928,#12929,#12930,#12931,#12932,#12933,#12934,#12935),(#12936,#12937,
#12938,#12939,#12940,#12941,#12942,#12943,#12944,#12945,#12946,#12947,#12948,
#12949),(#12950,#12951,#12952,#12953,#12954,#12955,#12956,#12957,#12958,
#12959,#12960,#12961,#12962,#12963),(#12964,#12965,#12966,#12967,#12968,
#12969,#12970,#12971,#12972,#12973,#12974,#12975,#12976,#12977),(#12978,
#12979,#12980,#12981,#12982,#12983,#12984,#12985,#12986,#12987,#12988,#12989,
#12990,#12991),(#12992,#12993,#12994,#12995,#12996,#12997,#12998,#12999,
#13000,#13001,#13002,#13003,#13004,#13005),(#13006,#13007,#13008,#13009,
#13010,#13011,#13012,#13013,#13014,#13015,#13016,#13017,#13018,#13019),(#13020,#13021,#13022,#13023,#13024,#13025,#13026,#13027,#13028,#13029,
#13030,#13031,#13032,#13033),(#13034,#13035,#13036,#13037,#13038,#13039,
#13040,#13041,#13042,#13043,#13044,#13045,#13046,#13047),(#13048,#13049,
#13050,#13051,#13052,#13053,#13054,#13055,#13056,#13057,#13058,#13059,#13060,
#13061),(#13062,#13063,#13064,#13065,#13066,#13067,#13068,#13069,#13070,
#13071,#13072,#13073,#13074,#13075),(#13076,#13077,#13078,#13079,#13080,
#13081,#13082,#13083,#13084,#13085,#13086,#13087,#13088,#13089)),.UNSPECIFIED.,.F.,.F.,.F.,(4,2,2,2,2,2,4),(4,2,2,2,2,2,4),(0.,0.25,0.375,0.5,0.75,0.875,1.),(0.,0.19383733403547,0.211931079460722,0.244222500658254,0.596918667017735,0.798459333508868,1.),.UNSPECIFIED.);
#8348=B_SPLINE_SURFACE_WITH_KNOTS('',3,3,((#13180,#13181,#13182,#13183,
#13184,#13185,#13186,#13187,#13188,#13189,#13190,#13191,#13192,#13193),(#13194,#13195,#13196,#13197,#13198,#13199,#13200,#13201,#13202,#13203,
#13204,#13205,#13206,#13207),(#13208,#13209,#13210,#13211,#13212,#13213,
#13214,#13215,#13216,#13217,#13218,#13219,#13220,#13221),(#13222,#13223,
#13224,#13225,#13226,#13227,#13228,#13229,#13230,#13231,#13232,#13233,#13234,
#13235),(#13236,#13237,#13238,#13239,#13240,#13241,#13242,#13243,#13244,
#13245,#13246,#13247,#13248,#13249),(#13250,#13251,#13252,#13253,#13254,
#13255,#13256,#13257,#13258,#13259,#13260,#13261,#13262,#13263),(#13264,
#13265,#13266,#13267,#13268,#13269,#13270,#13271,#13272,#13273,#13274,#13275,
#13276,#13277),(#13278,#13279,#13280,#13281,#13282,#13283,#13284,#13285,
#13286,#13287,#13288,#13289,#13290,#13291),(#13292,#13293,#13294,#13295,
#13296,#13297,#13298,#13299,#13300,#13301,#13302,#13303,#13304,#13305),(#13306,#13307,#13308,#13309,#13310,#13311,#13312,#13313,#13314,#13315,
#13316,#13317,#13318,#13319),(#13320,#13321,#13322,#13323,#13324,#13325,
#13326,#13327,#13328,#13329,#13330,#13331,#13332,#13333),(#13334,#13335,
#13336,#13337,#13338,#13339,#13340,#13341,#13342,#13343,#13344,#13345,#13346,
#13347),(#13348,#13349,#13350,#13351,#13352,#13353,#13354,#13355,#13356,
#13357,#13358,#13359,#13360,#13361),(#13362,#13363,#13364,#13365,#13366,
#13367,#13368,#13369,#13370,#13371,#13372,#13373,#13374,#13375)),.UNSPECIFIED.,.F.,.F.,.F.,(4,2,2,2,2,2,4),(4,2,2,2,2,2,4),(0.,0.25,0.375,0.5,0.75,0.875,1.),(0.,0.193837334035495,0.21193129505057,0.244222500658276,0.596918667017748,0.798459333508874,1.),.UNSPECIFIED.);
#8349=B_SPLINE_SURFACE_WITH_KNOTS('',3,3,((#13466,#13467,#13468,#13469,
#13470,#13471,#13472,#13473,#13474,#13475,#13476,#13477,#13478,#13479),(#13480,#13481,#13482,#13483,#13484,#13485,#13486,#13487,#13488,#13489,
#13490,#13491,#13492,#13493),(#13494,#13495,#13496,#13497,#13498,#13499,
#13500,#13501,#13502,#13503,#13504,#13505,#13506,#13507),(#13508,#13509,
#13510,#13511,#13512,#13513,#13514,#13515,#13516,#13517,#13518,#13519,#13520,
#13521),(#13522,#13523,#13524,#13525,#13526,#13527,#13528,#13529,#13530,
#13531,#13532,#13533,#13534,#13535),(#13536,#13537,#13538,#13539,#13540,
#13541,#13542,#13543,#13544,#13545,#13546,#13547,#13548,#13549),(#13550,
#13551,#13552,#13553,#13554,#13555,#13556,#13557,#13558,#13559,#13560,#13561,
#13562,#13563),(#13564,#13565,#13566,#13567,#13568,#13569,#13570,#13571,
#13572,#13573,#13574,#13575,#13576,#13577),(#13578,#13579,#13580,#13581,
#13582,#13583,#13584,#13585,#13586,#13587,#13588,#13589,#13590,#13591),(#13592,#13593,#13594,#13595,#13596,#13597,#13598,#13599,#13600,#13601,
#13602,#13603,#13604,#13605),(#13606,#13607,#13608,#13609,#13610,#13611,
#13612,#13613,#13614,#13615,#13616,#13617,#13618,#13619),(#13620,#13621,
#13622,#13623,#13624,#13625,#13626,#13627,#13628,#13629,#13630,#13631,#13632,
#13633),(#13634,#13635,#13636,#13637,#13638,#13639,#13640,#13641,#13642,
#13643,#13644,#13645,#13646,#13647),(#13648,#13649,#13650,#13651,#13652,
#13653,#13654,#13655,#13656,#13657,#13658,#13659,#13660,#13661)),.UNSPECIFIED.,.F.,.F.,.F.,(4,2,2,2,2,2,4),(4,2,2,2,2,2,4),(0.,0.25,0.375,0.5,0.75,0.875,1.),(0.,0.195291893702577,0.213427215264344,0.245586150346169,0.59764594685129,0.798822973425645,1.),.UNSPECIFIED.);
#8350=B_SPLINE_SURFACE_WITH_KNOTS('',3,3,((#13752,#13753,#13754,#13755,
#13756,#13757,#13758,#13759,#13760,#13761,#13762,#13763,#13764,#13765),(#13766,#13767,#13768,#13769,#13770,#13771,#13772,#13773,#13774,#13775,
#13776,#13777,#13778,#13779),(#13780,#13781,#13782,#13783,#13784,#13785,
#13786,#13787,#13788,#13789,#13790,#13791,#13792,#13793),(#13794,#13795,
#13796,#13797,#13798,#13799,#13800,#13801,#13802,#13803,#13804,#13805,#13806,
#13807),(#13808,#13809,#13810,#13811,#13812,#13813,#13814,#13815,#13816,
#13817,#13818,#13819,#13820,#13821),(#13822,#13823,#13824,#13825,#13826,
#13827,#13828,#13829,#13830,#13831,#13832,#13833,#13834,#13835),(#13836,
#13837,#13838,#13839,#13840,#13841,#13842,#13843,#13844,#13845,#13846,#13847,
#13848,#13849),(#13850,#13851,#13852,#13853,#13854,#13855,#13856,#13857,
#13858,#13859,#13860,#13861,#13862,#13863),(#13864,#13865,#13866,#13867,
#13868,#13869,#13870,#13871,#13872,#13873,#13874,#13875,#13876,#13877),(#13878,#13879,#13880,#13881,#13882,#13883,#13884,#13885,#13886,#13887,
#13888,#13889,#13890,#13891),(#13892,#13893,#13894,#13895,#13896,#13897,
#13898,#13899,#13900,#13901,#13902,#13903,#13904,#13905),(#13906,#13907,
#13908,#13909,#13910,#13911,#13912,#13913,#13914,#13915,#13916,#13917,#13918,
#13919),(#13920,#13921,#13922,#13923,#13924,#13925,#13926,#13927,#13928,
#13929,#13930,#13931,#13932,#13933),(#13934,#13935,#13936,#13937,#13938,
#13939,#13940,#13941,#13942,#13943,#13944,#13945,#13946,#13947)),.UNSPECIFIED.,.F.,.F.,.F.,(4,2,2,2,2,2,4),(4,2,2,2,2,2,4),(0.,0.25,0.375,0.5,0.75,0.875,1.),(0.,0.193837334035569,0.211931187255706,0.244222500658346,0.596918667017785,0.798459333508892,1.),.UNSPECIFIED.);
#8351=B_SPLINE_SURFACE_WITH_KNOTS('',3,3,((#14062,#14063,#14064,#14065,
#14066,#14067,#14068,#14069,#14070,#14071,#14072,#14073,#14074,#14075),(#14076,#14077,#14078,#14079,#14080,#14081,#14082,#14083,#14084,#14085,
#14086,#14087,#14088,#14089),(#14090,#14091,#14092,#14093,#14094,#14095,
#14096,#14097,#14098,#14099,#14100,#14101,#14102,#14103),(#14104,#14105,
#14106,#14107,#14108,#14109,#14110,#14111,#14112,#14113,#14114,#14115,#14116,
#14117),(#14118,#14119,#14120,#14121,#14122,#14123,#14124,#14125,#14126,
#14127,#14128,#14129,#14130,#14131),(#14132,#14133,#14134,#14135,#14136,
#14137,#14138,#14139,#14140,#14141,#14142,#14143,#14144,#14145),(#14146,
#14147,#14148,#14149,#14150,#14151,#14152,#14153,#14154,#14155,#14156,#14157,
#14158,#14159),(#14160,#14161,#14162,#14163,#14164,#14165,#14166,#14167,
#14168,#14169,#14170,#14171,#14172,#14173),(#14174,#14175,#14176,#14177,
#14178,#14179,#14180,#14181,#14182,#14183,#14184,#14185,#14186,#14187),(#14188,#14189,#14190,#14191,#14192,#14193,#14194,#14195,#14196,#14197,
#14198,#14199,#14200,#14201),(#14202,#14203,#14204,#14205,#14206,#14207,
#14208,#14209,#14210,#14211,#14212,#14213,#14214,#14215),(#14216,#14217,
#14218,#14219,#14220,#14221,#14222,#14223,#14224,#14225,#14226,#14227,#14228,
#14229),(#14230,#14231,#14232,#14233,#14234,#14235,#14236,#14237,#14238,
#14239,#14240,#14241,#14242,#14243),(#14244,#14245,#14246,#14247,#14248,
#14249,#14250,#14251,#14252,#14253,#14254,#14255,#14256,#14257),(#14258,
#14259,#14260,#14261,#14262,#14263,#14264,#14265,#14266,#14267,#14268,#14269,
#14270,#14271),(#14272,#14273,#14274,#14275,#14276,#14277,#14278,#14279,
#14280,#14281,#14282,#14283,#14284,#14285)),.UNSPECIFIED.,.F.,.F.,.F.,(4,2,2,2,2,2,2,4),(4,2,2,2,2,2,4),(0.,0.25,0.3125,0.375,0.5,0.75,0.8125,1.),(0.,0.209070306146806,0.227507590453725,0.258503412012631,0.604535153073403,0.802267576536702,1.),.UNSPECIFIED.);
#8352=B_SPLINE_SURFACE_WITH_KNOTS('',3,3,((#14404,#14405,#14406,#14407,
#14408,#14409,#14410,#14411,#14412,#14413,#14414,#14415,#14416,#14417),(#14418,#14419,#14420,#14421,#14422,#14423,#14424,#14425,#14426,#14427,
#14428,#14429,#14430,#14431),(#14432,#14433,#14434,#14435,#14436,#14437,
#14438,#14439,#14440,#14441,#14442,#14443,#14444,#14445),(#14446,#14447,
#14448,#14449,#14450,#14451,#14452,#14453,#14454,#14455,#14456,#14457,#14458,
#14459),(#14460,#14461,#14462,#14463,#14464,#14465,#14466,#14467,#14468,
#14469,#14470,#14471,#14472,#14473),(#14474,#14475,#14476,#14477,#14478,
#14479,#14480,#14481,#14482,#14483,#14484,#14485,#14486,#14487),(#14488,
#14489,#14490,#14491,#14492,#14493,#14494,#14495,#14496,#14497,#14498,#14499,
#14500,#14501),(#14502,#14503,#14504,#14505,#14506,#14507,#14508,#14509,
#14510,#14511,#14512,#14513,#14514,#14515),(#14516,#14517,#14518,#14519,
#14520,#14521,#14522,#14523,#14524,#14525,#14526,#14527,#14528,#14529),(#14530,#14531,#14532,#14533,#14534,#14535,#14536,#14537,#14538,#14539,
#14540,#14541,#14542,#14543),(#14544,#14545,#14546,#14547,#14548,#14549,
#14550,#14551,#14552,#14553,#14554,#14555,#14556,#14557),(#14558,#14559,
#14560,#14561,#14562,#14563,#14564,#14565,#14566,#14567,#14568,#14569,#14570,
#14571),(#14572,#14573,#14574,#14575,#14576,#14577,#14578,#14579,#14580,
#14581,#14582,#14583,#14584,#14585),(#14586,#14587,#14588,#14589,#14590,
#14591,#14592,#14593,#14594,#14595,#14596,#14597,#14598,#14599),(#14600,
#14601,#14602,#14603,#14604,#14605,#14606,#14607,#14608,#14609,#14610,#14611,
#14612,#14613),(#14614,#14615,#14616,#14617,#14618,#14619,#14620,#14621,
#14622,#14623,#14624,#14625,#14626,#14627)),.UNSPECIFIED.,.F.,.F.,.F.,(4,2,2,2,2,2,2,4),(4,2,2,2,2,2,4),(0.,0.25,0.3125,0.375,0.5,0.75,0.8125,1.),(0.,0.209070306146819,0.227507511693886,0.258503412012643,0.60453515307341,0.802267576536705,1.),.UNSPECIFIED.);
#8353=B_SPLINE_SURFACE_WITH_KNOTS('',3,3,((#14880,#14881,#14882,#14883,
#14884,#14885,#14886,#14887,#14888,#14889,#14890,#14891,#14892,#14893),(#14894,#14895,#14896,#14897,#14898,#14899,#14900,#14901,#14902,#14903,
#14904,#14905,#14906,#14907),(#14908,#14909,#14910,#14911,#14912,#14913,
#14914,#14915,#14916,#14917,#14918,#14919,#14920,#14921),(#14922,#14923,
#14924,#14925,#14926,#14927,#14928,#14929,#14930,#14931,#14932,#14933,#14934,
#14935),(#14936,#14937,#14938,#14939,#14940,#14941,#14942,#14943,#14944,
#14945,#14946,#14947,#14948,#14949),(#14950,#14951,#14952,#14953,#14954,
#14955,#14956,#14957,#14958,#14959,#14960,#14961,#14962,#14963),(#14964,
#14965,#14966,#14967,#14968,#14969,#14970,#14971,#14972,#14973,#14974,#14975,
#14976,#14977),(#14978,#14979,#14980,#14981,#14982,#14983,#14984,#14985,
#14986,#14987,#14988,#14989,#14990,#14991),(#14992,#14993,#14994,#14995,
#14996,#14997,#14998,#14999,#15000,#15001,#15002,#15003,#15004,#15005),(#15006,#15007,#15008,#15009,#15010,#15011,#15012,#15013,#15014,#15015,
#15016,#15017,#15018,#15019),(#15020,#15021,#15022,#15023,#15024,#15025,
#15026,#15027,#15028,#15029,#15030,#15031,#15032,#15033),(#15034,#15035,
#15036,#15037,#15038,#15039,#15040,#15041,#15042,#15043,#15044,#15045,#15046,
#15047),(#15048,#15049,#15050,#15051,#15052,#15053,#15054,#15055,#15056,
#15057,#15058,#15059,#15060,#15061),(#15062,#15063,#15064,#15065,#15066,
#15067,#15068,#15069,#15070,#15071,#15072,#15073,#15074,#15075),(#15076,
#15077,#15078,#15079,#15080,#15081,#15082,#15083,#15084,#15085,#15086,#15087,
#15088,#15089),(#15090,#15091,#15092,#15093,#15094,#15095,#15096,#15097,
#15098,#15099,#15100,#15101,#15102,#15103)),.UNSPECIFIED.,.F.,.F.,.F.,(4,2,2,2,2,2,2,4),(4,2,2,2,2,2,4),(0.,0.25,0.3125,0.375,0.5,0.75,0.8125,1.),(0.,0.209070306148825,0.227507590455731,0.258503412014524,0.604535153074413,0.802267576537206,1.),.UNSPECIFIED.);
#8354=B_SPLINE_SURFACE_WITH_KNOTS('',3,3,((#17786,#17787,#17788,#17789,
#17790,#17791,#17792,#17793,#17794,#17795,#17796,#17797,#17798,#17799),(#17800,#17801,#17802,#17803,#17804,#17805,#17806,#17807,#17808,#17809,
#17810,#17811,#17812,#17813),(#17814,#17815,#17816,#17817,#17818,#17819,
#17820,#17821,#17822,#17823,#17824,#17825,#17826,#17827),(#17828,#17829,
#17830,#17831,#17832,#17833,#17834,#17835,#17836,#17837,#17838,#17839,#17840,
#17841),(#17842,#17843,#17844,#17845,#17846,#17847,#17848,#17849,#17850,
#17851,#17852,#17853,#17854,#17855),(#17856,#17857,#17858,#17859,#17860,
#17861,#17862,#17863,#17864,#17865,#17866,#17867,#17868,#17869),(#17870,
#17871,#17872,#17873,#17874,#17875,#17876,#17877,#17878,#17879,#17880,#17881,
#17882,#17883),(#17884,#17885,#17886,#17887,#17888,#17889,#17890,#17891,
#17892,#17893,#17894,#17895,#17896,#17897),(#17898,#17899,#17900,#17901,
#17902,#17903,#17904,#17905,#17906,#17907,#17908,#17909,#17910,#17911),(#17912,#17913,#17914,#17915,#17916,#17917,#17918,#17919,#17920,#17921,
#17922,#17923,#17924,#17925),(#17926,#17927,#17928,#17929,#17930,#17931,
#17932,#17933,#17934,#17935,#17936,#17937,#17938,#17939),(#17940,#17941,
#17942,#17943,#17944,#17945,#17946,#17947,#17948,#17949,#17950,#17951,#17952,
#17953),(#17954,#17955,#17956,#17957,#17958,#17959,#17960,#17961,#17962,
#17963,#17964,#17965,#17966,#17967),(#17968,#17969,#17970,#17971,#17972,
#17973,#17974,#17975,#17976,#17977,#17978,#17979,#17980,#17981),(#17982,
#17983,#17984,#17985,#17986,#17987,#17988,#17989,#17990,#17991,#17992,#17993,
#17994,#17995),(#17996,#17997,#17998,#17999,#18000,#18001,#18002,#18003,
#18004,#18005,#18006,#18007,#18008,#18009)),.UNSPECIFIED.,.F.,.F.,.F.,(4,2,2,2,2,2,2,4),(4,2,2,2,2,2,4),(0.,0.25,0.3125,0.375,0.5,0.75,0.8125,1.),(0.,0.197732265179967,0.395464530359932,0.77249232213195,0.790929060719863,0.817062928129882,1.),.UNSPECIFIED.);
#8355=ADVANCED_FACE('',(#7797),#8345,.F.);
#8356=ADVANCED_FACE('',(#7798),#8346,.F.);
#8357=ADVANCED_FACE('',(#7799),#8347,.F.);
#8358=ADVANCED_FACE('',(#7800),#8348,.F.);
#8359=ADVANCED_FACE('',(#7801),#8349,.F.);
#8360=ADVANCED_FACE('',(#7802),#8350,.F.);
#8361=ADVANCED_FACE('',(#7803),#2219,.F.);
#8362=ADVANCED_FACE('',(#7804),#8351,.F.);
#8363=ADVANCED_FACE('',(#7805),#2220,.F.);
#8364=ADVANCED_FACE('',(#7806),#8352,.F.);
#8365=ADVANCED_FACE('',(#7807),#269,.F.);
#8366=ADVANCED_FACE('',(#7808),#270,.F.);
#8367=ADVANCED_FACE('',(#7809),#271,.F.);
#8368=ADVANCED_FACE('',(#7810),#272,.F.);
#8369=ADVANCED_FACE('',(#7811),#273,.F.);
#8370=ADVANCED_FACE('',(#7812),#274,.F.);
#8371=ADVANCED_FACE('',(#7813),#275,.F.);
#8372=ADVANCED_FACE('',(#7814),#276,.F.);
#8373=ADVANCED_FACE('',(#7815),#8353,.F.);
#8374=ADVANCED_FACE('',(#7816,#7817,#7818,#7819,#7820,#7821,#7822,#7823,#7824,#7825,#7826,#7827,#7828,#7829,#7830,#7831,#7832,#7833,#7834,#7835,#7836,#7837,#7838,#7839,#7840,#7841,#7842,#7843,#7844,#7845,#7846),#40,.T.);
#8375=ADVANCED_FACE('',(#7847),#41,.T.);
#8376=ADVANCED_FACE('',(#7848),#42,.F.);
#8377=ADVANCED_FACE('',(#7849),#43,.T.);
#8378=ADVANCED_FACE('',(#7850),#44,.T.);
#8379=ADVANCED_FACE('',(#7851),#45,.T.);
#8380=ADVANCED_FACE('',(#7852),#46,.F.);
#8381=ADVANCED_FACE('',(#7853),#47,.F.);
#8382=ADVANCED_FACE('',(#7854),#48,.F.);
#8383=ADVANCED_FACE('',(#7855),#49,.F.);
#8384=ADVANCED_FACE('',(#7856),#50,.F.);
#8385=ADVANCED_FACE('',(#7857),#51,.F.);
#8386=ADVANCED_FACE('',(#7858),#52,.F.);
#8387=ADVANCED_FACE('',(#7859),#53,.F.);
#8388=ADVANCED_FACE('',(#7860),#54,.T.);
#8389=ADVANCED_FACE('',(#7861),#55,.F.);
#8390=ADVANCED_FACE('',(#7862),#56,.F.);
#8391=ADVANCED_FACE('',(#7863),#57,.F.);
#8392=ADVANCED_FACE('',(#7864),#58,.F.);
#8393=ADVANCED_FACE('',(#7865),#59,.T.);
#8394=ADVANCED_FACE('',(#7866),#2221,.F.);
#8395=ADVANCED_FACE('',(#7867),#60,.T.);
#8396=ADVANCED_FACE('',(#7868),#2222,.F.);
#8397=ADVANCED_FACE('',(#7869),#61,.T.);
#8398=ADVANCED_FACE('',(#7870),#2223,.F.);
#8399=ADVANCED_FACE('',(#7871),#62,.T.);
#8400=ADVANCED_FACE('',(#7872),#63,.T.);
#8401=ADVANCED_FACE('',(#7873),#2224,.F.);
#8402=ADVANCED_FACE('',(#7874),#64,.T.);
#8403=ADVANCED_FACE('',(#7875),#2225,.F.);
#8404=ADVANCED_FACE('',(#7876),#65,.T.);
#8405=ADVANCED_FACE('',(#7877),#2226,.F.);
#8406=ADVANCED_FACE('',(#7878),#66,.T.);
#8407=ADVANCED_FACE('',(#7879),#67,.T.);
#8408=ADVANCED_FACE('',(#7880),#2227,.F.);
#8409=ADVANCED_FACE('',(#7881),#68,.T.);
#8410=ADVANCED_FACE('',(#7882),#2228,.F.);
#8411=ADVANCED_FACE('',(#7883),#69,.T.);
#8412=ADVANCED_FACE('',(#7884),#2229,.F.);
#8413=ADVANCED_FACE('',(#7885),#70,.T.);
#8414=ADVANCED_FACE('',(#7886),#71,.T.);
#8415=ADVANCED_FACE('',(#7887),#2230,.F.);
#8416=ADVANCED_FACE('',(#7888),#72,.T.);
#8417=ADVANCED_FACE('',(#7889),#2231,.F.);
#8418=ADVANCED_FACE('',(#7890),#73,.T.);
#8419=ADVANCED_FACE('',(#7891),#2232,.F.);
#8420=ADVANCED_FACE('',(#7892),#74,.T.);
#8421=ADVANCED_FACE('',(#7893),#75,.T.);
#8422=ADVANCED_FACE('',(#7894),#2233,.F.);
#8423=ADVANCED_FACE('',(#7895),#76,.T.);
#8424=ADVANCED_FACE('',(#7896),#2234,.F.);
#8425=ADVANCED_FACE('',(#7897),#77,.T.);
#8426=ADVANCED_FACE('',(#7898),#2235,.F.);
#8427=ADVANCED_FACE('',(#7899),#78,.T.);
#8428=ADVANCED_FACE('',(#7900),#2236,.F.);
#8429=ADVANCED_FACE('',(#7901),#79,.T.);
#8430=ADVANCED_FACE('',(#7902),#2237,.F.);
#8431=ADVANCED_FACE('',(#7903),#80,.T.);
#8432=ADVANCED_FACE('',(#7904),#2238,.F.);
#8433=ADVANCED_FACE('',(#7905),#81,.T.);
#8434=ADVANCED_FACE('',(#7906),#2239,.F.);
#8435=ADVANCED_FACE('',(#7907),#2240,.F.);
#8436=ADVANCED_FACE('',(#7908),#82,.T.);
#8437=ADVANCED_FACE('',(#7909),#2241,.F.);
#8438=ADVANCED_FACE('',(#7910),#83,.T.);
#8439=ADVANCED_FACE('',(#7911),#2242,.F.);
#8440=ADVANCED_FACE('',(#7912),#84,.T.);
#8441=ADVANCED_FACE('',(#7913),#2243,.F.);
#8442=ADVANCED_FACE('',(#7914),#85,.T.);
#8443=ADVANCED_FACE('',(#7915),#2244,.F.);
#8444=ADVANCED_FACE('',(#7916),#86,.T.);
#8445=ADVANCED_FACE('',(#7917),#2245,.F.);
#8446=ADVANCED_FACE('',(#7918),#87,.T.);
#8447=ADVANCED_FACE('',(#7919),#2246,.F.);
#8448=ADVANCED_FACE('',(#7920),#88,.T.);
#8449=ADVANCED_FACE('',(#7921),#89,.T.);
#8450=ADVANCED_FACE('',(#7922),#2247,.F.);
#8451=ADVANCED_FACE('',(#7923),#90,.T.);
#8452=ADVANCED_FACE('',(#7924),#2248,.F.);
#8453=ADVANCED_FACE('',(#7925),#91,.T.);
#8454=ADVANCED_FACE('',(#7926),#2249,.F.);
#8455=ADVANCED_FACE('',(#7927),#92,.T.);
#8456=ADVANCED_FACE('',(#7928),#93,.T.);
#8457=ADVANCED_FACE('',(#7929),#2250,.F.);
#8458=ADVANCED_FACE('',(#7930),#94,.T.);
#8459=ADVANCED_FACE('',(#7931),#2251,.F.);
#8460=ADVANCED_FACE('',(#7932),#95,.T.);
#8461=ADVANCED_FACE('',(#7933),#2252,.F.);
#8462=ADVANCED_FACE('',(#7934),#96,.T.);
#8463=ADVANCED_FACE('',(#7935),#97,.T.);
#8464=ADVANCED_FACE('',(#7936),#2253,.F.);
#8465=ADVANCED_FACE('',(#7937),#98,.T.);
#8466=ADVANCED_FACE('',(#7938),#2254,.F.);
#8467=ADVANCED_FACE('',(#7939),#99,.T.);
#8468=ADVANCED_FACE('',(#7940),#2255,.F.);
#8469=ADVANCED_FACE('',(#7941),#100,.T.);
#8470=ADVANCED_FACE('',(#7942),#101,.T.);
#8471=ADVANCED_FACE('',(#7943),#2256,.F.);
#8472=ADVANCED_FACE('',(#7944),#102,.T.);
#8473=ADVANCED_FACE('',(#7945),#2257,.F.);
#8474=ADVANCED_FACE('',(#7946),#103,.T.);
#8475=ADVANCED_FACE('',(#7947),#2258,.F.);
#8476=ADVANCED_FACE('',(#7948),#104,.T.);
#8477=ADVANCED_FACE('',(#7949),#105,.T.);
#8478=ADVANCED_FACE('',(#7950),#2259,.F.);
#8479=ADVANCED_FACE('',(#7951),#106,.T.);
#8480=ADVANCED_FACE('',(#7952),#2260,.F.);
#8481=ADVANCED_FACE('',(#7953),#107,.T.);
#8482=ADVANCED_FACE('',(#7954),#2261,.F.);
#8483=ADVANCED_FACE('',(#7955),#108,.T.);
#8484=ADVANCED_FACE('',(#7956),#2262,.F.);
#8485=ADVANCED_FACE('',(#7957),#109,.T.);
#8486=ADVANCED_FACE('',(#7958),#2263,.F.);
#8487=ADVANCED_FACE('',(#7959),#110,.T.);
#8488=ADVANCED_FACE('',(#7960),#2264,.F.);
#8489=ADVANCED_FACE('',(#7961),#111,.T.);
#8490=ADVANCED_FACE('',(#7962),#2265,.F.);
#8491=ADVANCED_FACE('',(#7963),#112,.T.);
#8492=ADVANCED_FACE('',(#7964),#2266,.F.);
#8493=ADVANCED_FACE('',(#7965),#113,.T.);
#8494=ADVANCED_FACE('',(#7966),#2267,.F.);
#8495=ADVANCED_FACE('',(#7967),#114,.T.);
#8496=ADVANCED_FACE('',(#7968),#2268,.F.);
#8497=ADVANCED_FACE('',(#7969),#115,.T.);
#8498=ADVANCED_FACE('',(#7970),#2269,.F.);
#8499=ADVANCED_FACE('',(#7971),#116,.T.);
#8500=ADVANCED_FACE('',(#7972),#2270,.F.);
#8501=ADVANCED_FACE('',(#7973),#117,.T.);
#8502=ADVANCED_FACE('',(#7974),#2271,.F.);
#8503=ADVANCED_FACE('',(#7975),#118,.T.);
#8504=ADVANCED_FACE('',(#7976),#2272,.F.);
#8505=ADVANCED_FACE('',(#7977),#119,.T.);
#8506=ADVANCED_FACE('',(#7978),#2273,.F.);
#8507=ADVANCED_FACE('',(#7979),#120,.T.);
#8508=ADVANCED_FACE('',(#7980),#2274,.F.);
#8509=ADVANCED_FACE('',(#7981),#121,.T.);
#8510=ADVANCED_FACE('',(#7982),#2275,.F.);
#8511=ADVANCED_FACE('',(#7983),#122,.T.);
#8512=ADVANCED_FACE('',(#7984),#2276,.F.);
#8513=ADVANCED_FACE('',(#7985),#123,.T.);
#8514=ADVANCED_FACE('',(#7986),#2277,.F.);
#8515=ADVANCED_FACE('',(#7987),#124,.T.);
#8516=ADVANCED_FACE('',(#7988),#2278,.F.);
#8517=ADVANCED_FACE('',(#7989),#125,.T.);
#8518=ADVANCED_FACE('',(#7990),#2279,.F.);
#8519=ADVANCED_FACE('',(#7991),#126,.T.);
#8520=ADVANCED_FACE('',(#7992),#2280,.F.);
#8521=ADVANCED_FACE('',(#7993),#127,.T.);
#8522=ADVANCED_FACE('',(#7994),#2281,.F.);
#8523=ADVANCED_FACE('',(#7995),#128,.T.);
#8524=ADVANCED_FACE('',(#7996),#2282,.F.);
#8525=ADVANCED_FACE('',(#7997),#129,.T.);
#8526=ADVANCED_FACE('',(#7998),#130,.T.);
#8527=ADVANCED_FACE('',(#7999),#2283,.F.);
#8528=ADVANCED_FACE('',(#8000),#131,.T.);
#8529=ADVANCED_FACE('',(#8001),#2284,.F.);
#8530=ADVANCED_FACE('',(#8002),#132,.T.);
#8531=ADVANCED_FACE('',(#8003),#2285,.F.);
#8532=ADVANCED_FACE('',(#8004),#133,.T.);
#8533=ADVANCED_FACE('',(#8005),#134,.T.);
#8534=ADVANCED_FACE('',(#8006),#2286,.F.);
#8535=ADVANCED_FACE('',(#8007),#135,.T.);
#8536=ADVANCED_FACE('',(#8008),#2287,.F.);
#8537=ADVANCED_FACE('',(#8009),#136,.T.);
#8538=ADVANCED_FACE('',(#8010),#2288,.F.);
#8539=ADVANCED_FACE('',(#8011),#137,.T.);
#8540=ADVANCED_FACE('',(#8012),#138,.T.);
#8541=ADVANCED_FACE('',(#8013),#2289,.F.);
#8542=ADVANCED_FACE('',(#8014),#139,.T.);
#8543=ADVANCED_FACE('',(#8015),#2290,.F.);
#8544=ADVANCED_FACE('',(#8016),#140,.T.);
#8545=ADVANCED_FACE('',(#8017),#2291,.F.);
#8546=ADVANCED_FACE('',(#8018),#141,.T.);
#8547=ADVANCED_FACE('',(#8019),#2292,.F.);
#8548=ADVANCED_FACE('',(#8020),#142,.T.);
#8549=ADVANCED_FACE('',(#8021),#2293,.F.);
#8550=ADVANCED_FACE('',(#8022),#143,.T.);
#8551=ADVANCED_FACE('',(#8023),#2294,.F.);
#8552=ADVANCED_FACE('',(#8024),#144,.T.);
#8553=ADVANCED_FACE('',(#8025),#2295,.F.);
#8554=ADVANCED_FACE('',(#8026),#145,.T.);
#8555=ADVANCED_FACE('',(#8027),#2296,.F.);
#8556=ADVANCED_FACE('',(#8028),#146,.T.);
#8557=ADVANCED_FACE('',(#8029),#2297,.F.);
#8558=ADVANCED_FACE('',(#8030),#147,.T.);
#8559=ADVANCED_FACE('',(#8031),#2298,.F.);
#8560=ADVANCED_FACE('',(#8032),#148,.T.);
#8561=ADVANCED_FACE('',(#8033),#149,.T.);
#8562=ADVANCED_FACE('',(#8034),#2299,.F.);
#8563=ADVANCED_FACE('',(#8035),#150,.T.);
#8564=ADVANCED_FACE('',(#8036),#2300,.F.);
#8565=ADVANCED_FACE('',(#8037),#151,.T.);
#8566=ADVANCED_FACE('',(#8038),#2301,.F.);
#8567=ADVANCED_FACE('',(#8039),#152,.T.);
#8568=ADVANCED_FACE('',(#8040),#2302,.F.);
#8569=ADVANCED_FACE('',(#8041),#153,.T.);
#8570=ADVANCED_FACE('',(#8042),#2303,.F.);
#8571=ADVANCED_FACE('',(#8043),#154,.T.);
#8572=ADVANCED_FACE('',(#8044),#2304,.F.);
#8573=ADVANCED_FACE('',(#8045),#155,.T.);
#8574=ADVANCED_FACE('',(#8046),#2305,.F.);
#8575=ADVANCED_FACE('',(#8047),#156,.T.);
#8576=ADVANCED_FACE('',(#8048),#2306,.F.);
#8577=ADVANCED_FACE('',(#8049),#157,.T.);
#8578=ADVANCED_FACE('',(#8050),#2307,.F.);
#8579=ADVANCED_FACE('',(#8051),#158,.T.);
#8580=ADVANCED_FACE('',(#8052),#2308,.F.);
#8581=ADVANCED_FACE('',(#8053),#159,.T.);
#8582=ADVANCED_FACE('',(#8054),#160,.T.);
#8583=ADVANCED_FACE('',(#8055),#2309,.F.);
#8584=ADVANCED_FACE('',(#8056),#161,.T.);
#8585=ADVANCED_FACE('',(#8057),#2310,.F.);
#8586=ADVANCED_FACE('',(#8058),#162,.T.);
#8587=ADVANCED_FACE('',(#8059),#2311,.F.);
#8588=ADVANCED_FACE('',(#8060),#163,.T.);
#8589=ADVANCED_FACE('',(#8061),#164,.T.);
#8590=ADVANCED_FACE('',(#8062),#2312,.F.);
#8591=ADVANCED_FACE('',(#8063),#165,.T.);
#8592=ADVANCED_FACE('',(#8064),#2313,.F.);
#8593=ADVANCED_FACE('',(#8065),#166,.T.);
#8594=ADVANCED_FACE('',(#8066),#2314,.F.);
#8595=ADVANCED_FACE('',(#8067),#167,.T.);
#8596=ADVANCED_FACE('',(#8068),#168,.F.);
#8597=ADVANCED_FACE('',(#8069),#2315,.F.);
#8598=ADVANCED_FACE('',(#8070),#2316,.F.);
#8599=ADVANCED_FACE('',(#8071),#2317,.F.);
#8600=ADVANCED_FACE('',(#8072),#2318,.F.);
#8601=ADVANCED_FACE('',(#8073),#2319,.F.);
#8602=ADVANCED_FACE('',(#8074),#169,.T.);
#8603=ADVANCED_FACE('',(#8075),#170,.T.);
#8604=ADVANCED_FACE('',(#8076),#2320,.F.);
#8605=ADVANCED_FACE('',(#8077),#2321,.F.);
#8606=ADVANCED_FACE('',(#8078),#2322,.F.);
#8607=ADVANCED_FACE('',(#8079),#2323,.F.);
#8608=ADVANCED_FACE('',(#8080),#2324,.F.);
#8609=ADVANCED_FACE('',(#8081),#2325,.F.);
#8610=ADVANCED_FACE('',(#8082),#171,.T.);
#8611=ADVANCED_FACE('',(#8083),#2326,.F.);
#8612=ADVANCED_FACE('',(#8084),#172,.T.);
#8613=ADVANCED_FACE('',(#8085),#2327,.F.);
#8614=ADVANCED_FACE('',(#8086),#173,.T.);
#8615=ADVANCED_FACE('',(#8087),#2328,.F.);
#8616=ADVANCED_FACE('',(#8088),#2329,.F.);
#8617=ADVANCED_FACE('',(#8089),#2330,.F.);
#8618=ADVANCED_FACE('',(#8090),#2331,.F.);
#8619=ADVANCED_FACE('',(#8091),#174,.T.);
#8620=ADVANCED_FACE('',(#8092),#2332,.F.);
#8621=ADVANCED_FACE('',(#8093),#2333,.F.);
#8622=ADVANCED_FACE('',(#8094),#175,.T.);
#8623=ADVANCED_FACE('',(#8095),#2334,.F.);
#8624=ADVANCED_FACE('',(#8096),#2335,.F.);
#8625=ADVANCED_FACE('',(#8097),#2336,.F.);
#8626=ADVANCED_FACE('',(#8098),#176,.F.);
#8627=ADVANCED_FACE('',(#8099),#177,.T.);
#8628=ADVANCED_FACE('',(#8100,#8101,#8102,#8103,#8104,#8105,#8106,#8107,#8108,#8109,#8110,#8111,#8112,#8113,#8114,#8115,#8116,#8117,#8118,#8119,#8120,#8121,#8122,#8123,#8124,#8125,#8126,#8127,#8128,#8129,#8130,#8131,#8132,#8133,#8134),#178,.F.);
#8629=ADVANCED_FACE('',(#8135),#179,.T.);
#8630=ADVANCED_FACE('',(#8136),#180,.T.);
#8631=ADVANCED_FACE('',(#8137),#181,.T.);
#8632=ADVANCED_FACE('',(#8138),#182,.T.);
#8633=ADVANCED_FACE('',(#8139),#183,.T.);
#8634=ADVANCED_FACE('',(#8140),#184,.T.);
#8635=ADVANCED_FACE('',(#8141),#185,.T.);
#8636=ADVANCED_FACE('',(#8142),#186,.T.);
#8637=ADVANCED_FACE('',(#8143),#2337,.F.);
#8638=ADVANCED_FACE('',(#8144,#8145),#187,.T.);
#8639=ADVANCED_FACE('',(#8146),#2338,.F.);
#8640=ADVANCED_FACE('',(#8147),#2339,.T.);
#8641=ADVANCED_FACE('',(#8148),#2340,.F.);
#8642=ADVANCED_FACE('',(#8149),#188,.T.);
#8643=ADVANCED_FACE('',(#8150),#2341,.F.);
#8644=ADVANCED_FACE('',(#8151),#2342,.F.);
#8645=ADVANCED_FACE('',(#8152),#2343,.T.);
#8646=ADVANCED_FACE('',(#8153),#2344,.T.);
#8647=ADVANCED_FACE('',(#8154),#2345,.F.);
#8648=ADVANCED_FACE('',(#8155),#2346,.F.);
#8649=ADVANCED_FACE('',(#8156),#189,.T.);
#8650=ADVANCED_FACE('',(#8157),#2347,.F.);
#8651=ADVANCED_FACE('',(#8158),#2348,.F.);
#8652=ADVANCED_FACE('',(#8159),#190,.T.);
#8653=ADVANCED_FACE('',(#8160),#2349,.F.);
#8654=ADVANCED_FACE('',(#8161),#191,.T.);
#8655=ADVANCED_FACE('',(#8162),#2350,.F.);
#8656=ADVANCED_FACE('',(#8163),#192,.T.);
#8657=ADVANCED_FACE('',(#8164),#2351,.F.);
#8658=ADVANCED_FACE('',(#8165),#193,.T.);
#8659=ADVANCED_FACE('',(#8166),#2352,.T.);
#8660=ADVANCED_FACE('',(#8167),#194,.T.);
#8661=ADVANCED_FACE('',(#8168),#2353,.F.);
#8662=ADVANCED_FACE('',(#8169),#195,.T.);
#8663=ADVANCED_FACE('',(#8170),#2354,.F.);
#8664=ADVANCED_FACE('',(#8171),#196,.T.);
#8665=ADVANCED_FACE('',(#8172),#2355,.F.);
#8666=ADVANCED_FACE('',(#8173),#197,.T.);
#8667=ADVANCED_FACE('',(#8174),#2356,.T.);
#8668=ADVANCED_FACE('',(#8175),#198,.T.);
#8669=ADVANCED_FACE('',(#8176),#2357,.T.);
#8670=ADVANCED_FACE('',(#8177),#199,.T.);
#8671=ADVANCED_FACE('',(#8178),#2358,.F.);
#8672=ADVANCED_FACE('',(#8179),#200,.T.);
#8673=ADVANCED_FACE('',(#8180),#2359,.F.);
#8674=ADVANCED_FACE('',(#8181),#201,.T.);
#8675=ADVANCED_FACE('',(#8182),#2360,.F.);
#8676=ADVANCED_FACE('',(#8183),#202,.T.);
#8677=ADVANCED_FACE('',(#8184),#2361,.F.);
#8678=ADVANCED_FACE('',(#8185),#203,.T.);
#8679=ADVANCED_FACE('',(#8186),#2362,.F.);
#8680=ADVANCED_FACE('',(#8187,#8188),#204,.F.);
#8681=ADVANCED_FACE('',(#8189),#2363,.T.);
#8682=ADVANCED_FACE('',(#8190),#205,.F.);
#8683=ADVANCED_FACE('',(#8191),#2364,.T.);
#8684=ADVANCED_FACE('',(#8192),#206,.F.);
#8685=ADVANCED_FACE('',(#8193),#2365,.T.);
#8686=ADVANCED_FACE('',(#8194),#207,.F.);
#8687=ADVANCED_FACE('',(#8195),#2366,.T.);
#8688=ADVANCED_FACE('',(#8196),#208,.F.);
#8689=ADVANCED_FACE('',(#8197),#2367,.T.);
#8690=ADVANCED_FACE('',(#8198),#209,.F.);
#8691=ADVANCED_FACE('',(#8199),#2368,.T.);
#8692=ADVANCED_FACE('',(#8200),#210,.F.);
#8693=ADVANCED_FACE('',(#8201),#2369,.F.);
#8694=ADVANCED_FACE('',(#8202),#211,.F.);
#8695=ADVANCED_FACE('',(#8203),#2370,.F.);
#8696=ADVANCED_FACE('',(#8204),#212,.F.);
#8697=ADVANCED_FACE('',(#8205),#2371,.T.);
#8698=ADVANCED_FACE('',(#8206),#213,.F.);
#8699=ADVANCED_FACE('',(#8207),#2372,.T.);
#8700=ADVANCED_FACE('',(#8208),#214,.F.);
#8701=ADVANCED_FACE('',(#8209),#2373,.T.);
#8702=ADVANCED_FACE('',(#8210),#215,.F.);
#8703=ADVANCED_FACE('',(#8211),#2374,.F.);
#8704=ADVANCED_FACE('',(#8212),#216,.F.);
#8705=ADVANCED_FACE('',(#8213),#2375,.T.);
#8706=ADVANCED_FACE('',(#8214,#8215),#217,.F.);
#8707=ADVANCED_FACE('',(#8216),#218,.T.);
#8708=ADVANCED_FACE('',(#8217),#219,.F.);
#8709=ADVANCED_FACE('',(#8218),#220,.T.);
#8710=ADVANCED_FACE('',(#8219),#221,.F.);
#8711=ADVANCED_FACE('',(#8220),#222,.T.);
#8712=ADVANCED_FACE('',(#8221,#8222),#2376,.F.);
#8713=ADVANCED_FACE('',(#8223,#8224),#2377,.T.);
#8714=ADVANCED_FACE('',(#8225,#8226),#223,.F.);
#8715=ADVANCED_FACE('',(#8227),#224,.F.);
#8716=ADVANCED_FACE('',(#8228,#8229),#2378,.F.);
#8717=ADVANCED_FACE('',(#8230,#8231),#2379,.T.);
#8718=ADVANCED_FACE('',(#8232,#8233),#225,.F.);
#8719=ADVANCED_FACE('',(#8234),#226,.F.);
#8720=ADVANCED_FACE('',(#8235,#8236),#2380,.F.);
#8721=ADVANCED_FACE('',(#8237,#8238),#2381,.T.);
#8722=ADVANCED_FACE('',(#8239,#8240),#227,.F.);
#8723=ADVANCED_FACE('',(#8241),#228,.F.);
#8724=ADVANCED_FACE('',(#8242,#8243),#2382,.F.);
#8725=ADVANCED_FACE('',(#8244,#8245),#2383,.T.);
#8726=ADVANCED_FACE('',(#8246,#8247),#229,.F.);
#8727=ADVANCED_FACE('',(#8248),#230,.F.);
#8728=ADVANCED_FACE('',(#8249),#2384,.T.);
#8729=ADVANCED_FACE('',(#8250),#2385,.T.);
#8730=ADVANCED_FACE('',(#8251),#2386,.T.);
#8731=ADVANCED_FACE('',(#8252),#2387,.T.);
#8732=ADVANCED_FACE('',(#8253),#2388,.T.);
#8733=ADVANCED_FACE('',(#8254),#2389,.T.);
#8734=ADVANCED_FACE('',(#8255),#2390,.T.);
#8735=ADVANCED_FACE('',(#8256),#2391,.T.);
#8736=ADVANCED_FACE('',(#8257),#2392,.T.);
#8737=ADVANCED_FACE('',(#8258),#2393,.T.);
#8738=ADVANCED_FACE('',(#8259),#2394,.T.);
#8739=ADVANCED_FACE('',(#8260),#2395,.T.);
#8740=ADVANCED_FACE('',(#8261),#2396,.T.);
#8741=ADVANCED_FACE('',(#8262),#2397,.T.);
#8742=ADVANCED_FACE('',(#8263),#2398,.T.);
#8743=ADVANCED_FACE('',(#8264),#2399,.T.);
#8744=ADVANCED_FACE('',(#8265),#2400,.T.);
#8745=ADVANCED_FACE('',(#8266),#2401,.T.);
#8746=ADVANCED_FACE('',(#8267),#2402,.T.);
#8747=ADVANCED_FACE('',(#8268),#2403,.T.);
#8748=ADVANCED_FACE('',(#8269),#12,.T.);
#8749=ADVANCED_FACE('',(#8270),#13,.T.);
#8750=ADVANCED_FACE('',(#8271),#2404,.T.);
#8751=ADVANCED_FACE('',(#8272),#2405,.T.);
#8752=ADVANCED_FACE('',(#8273),#14,.T.);
#8753=ADVANCED_FACE('',(#8274),#15,.T.);
#8754=ADVANCED_FACE('',(#8275),#2406,.T.);
#8755=ADVANCED_FACE('',(#8276),#2407,.T.);
#8756=ADVANCED_FACE('',(#8277),#16,.T.);
#8757=ADVANCED_FACE('',(#8278),#17,.T.);
#8758=ADVANCED_FACE('',(#8279),#2408,.T.);
#8759=ADVANCED_FACE('',(#8280),#2409,.T.);
#8760=ADVANCED_FACE('',(#8281),#18,.T.);
#8761=ADVANCED_FACE('',(#8282),#19,.T.);
#8762=ADVANCED_FACE('',(#8283),#2410,.T.);
#8763=ADVANCED_FACE('',(#8284),#2411,.T.);
#8764=ADVANCED_FACE('',(#8285),#20,.T.);
#8765=ADVANCED_FACE('',(#8286),#21,.T.);
#8766=ADVANCED_FACE('',(#8287),#2412,.T.);
#8767=ADVANCED_FACE('',(#8288),#2413,.T.);
#8768=ADVANCED_FACE('',(#8289),#22,.T.);
#8769=ADVANCED_FACE('',(#8290),#23,.T.);
#8770=ADVANCED_FACE('',(#8291),#2414,.T.);
#8771=ADVANCED_FACE('',(#8292),#2415,.T.);
#8772=ADVANCED_FACE('',(#8293),#24,.T.);
#8773=ADVANCED_FACE('',(#8294),#25,.T.);
#8774=ADVANCED_FACE('',(#8295),#2416,.T.);
#8775=ADVANCED_FACE('',(#8296),#2417,.T.);
#8776=ADVANCED_FACE('',(#8297),#26,.T.);
#8777=ADVANCED_FACE('',(#8298),#27,.T.);
#8778=ADVANCED_FACE('',(#8299),#2418,.T.);
#8779=ADVANCED_FACE('',(#8300),#2419,.T.);
#8780=ADVANCED_FACE('',(#8301),#28,.T.);
#8781=ADVANCED_FACE('',(#8302),#29,.T.);
#8782=ADVANCED_FACE('',(#8303),#2420,.T.);
#8783=ADVANCED_FACE('',(#8304),#2421,.T.);
#8784=ADVANCED_FACE('',(#8305),#30,.T.);
#8785=ADVANCED_FACE('',(#8306),#31,.T.);
#8786=ADVANCED_FACE('',(#8307),#2422,.T.);
#8787=ADVANCED_FACE('',(#8308),#2423,.T.);
#8788=ADVANCED_FACE('',(#8309),#32,.T.);
#8789=ADVANCED_FACE('',(#8310),#33,.T.);
#8790=ADVANCED_FACE('',(#8311),#2424,.T.);
#8791=ADVANCED_FACE('',(#8312),#2425,.T.);
#8792=ADVANCED_FACE('',(#8313),#34,.T.);
#8793=ADVANCED_FACE('',(#8314),#35,.T.);
#8794=ADVANCED_FACE('',(#8315),#2426,.T.);
#8795=ADVANCED_FACE('',(#8316),#2427,.T.);
#8796=ADVANCED_FACE('',(#8317),#36,.T.);
#8797=ADVANCED_FACE('',(#8318),#37,.T.);
#8798=ADVANCED_FACE('',(#8319),#2428,.T.);
#8799=ADVANCED_FACE('',(#8320),#2429,.T.);
#8800=ADVANCED_FACE('',(#8321),#2430,.T.);
#8801=ADVANCED_FACE('',(#8322),#277,.T.);
#8802=ADVANCED_FACE('',(#8323),#2431,.F.);
#8803=ADVANCED_FACE('',(#8324),#2432,.T.);
#8804=ADVANCED_FACE('',(#8325),#278,.F.);
#8805=ADVANCED_FACE('',(#8326),#279,.T.);
#8806=ADVANCED_FACE('',(#8327),#2433,.T.);
#8807=ADVANCED_FACE('',(#8328),#2434,.F.);
#8808=ADVANCED_FACE('',(#8329),#280,.F.);
#8809=ADVANCED_FACE('',(#8330),#2435,.T.);
#8810=ADVANCED_FACE('',(#8331),#38,.T.);
#8811=ADVANCED_FACE('',(#8332),#2436,.T.);
#8812=ADVANCED_FACE('',(#8333),#39,.T.);
#8813=ADVANCED_FACE('',(#8334),#2437,.F.);
#8814=ADVANCED_FACE('',(#8335),#281,.F.);
#8815=ADVANCED_FACE('',(#8336),#282,.F.);
#8816=ADVANCED_FACE('',(#8337),#2438,.F.);
#8817=ADVANCED_FACE('',(#8338),#8354,.F.);
#8818=ADVANCED_FACE('',(#8339),#2439,.F.);
#8819=ADVANCED_FACE('',(#8340),#2440,.F.);
#8820=ADVANCED_FACE('',(#8341),#2441,.F.);
#8821=ADVANCED_FACE('',(#8342),#2442,.F.);
#8822=ADVANCED_FACE('',(#8343),#2443,.F.);
#8823=ADVANCED_FACE('',(#8344),#2444,.F.);
#8824=CLOSED_SHELL('',(#8355,#8356,#8357,#8358,#8359,#8360,#8361,#8362,#8363,#8364,#8365,#8366,#8367,#8368,#8369,#8370,#8371,#8372,#8373,#8374,#8375,#8376,#8377,#8378,#8379,#8380,#8381,#8382,#8383,#8384,#8385,#8386,#8387,#8388,#8389,#8390,#8391,#8392,#8393,#8394,#8395,#8396,#8397,#8398,#8399,#8400,#8401,#8402,#8403,#8404,#8405,#8406,#8407,#8408,#8409,#8410,#8411,#8412,#8413,#8414,#8415,#8416,#8417,#8418,#8419,#8420,#8421,#8422,#8423,#8424,#8425,#8426,#8427,#8428,#8429,#8430,#8431,#8432,#8433,#8434,#8435,#8436,#8437,#8438,#8439,#8440,#8441,#8442,#8443,#8444,#8445,#8446,#8447,#8448,#8449,#8450,#8451,#8452,#8453,#8454,#8455,#8456,#8457,#8458,#8459,#8460,#8461,#8462,#8463,#8464,#8465,#8466,#8467,#8468,#8469,#8470,#8471,#8472,#8473,#8474,#8475,#8476,#8477,#8478,#8479,#8480,#8481,#8482,#8483,#8484,#8485,#8486,#8487,#8488,#8489,#8490,#8491,#8492,#8493,#8494,#8495,#8496,#8497,#8498,#8499,#8500,#8501,#8502,#8503,#8504,#8505,#8506,#8507,#8508,#8509,#8510,#8511,#8512,#8513,#8514,#8515,#8516,#8517,#8518,#8519,#8520,#8521,#8522,#8523,#8524,#8525,#8526,#8527,#8528,#8529,#8530,#8531,#8532,#8533,#8534,#8535,#8536,#8537,#8538,#8539,#8540,#8541,#8542,#8543,#8544,#8545,#8546,#8547,#8548,#8549,#8550,#8551,#8552,#8553,#8554,#8555,#8556,#8557,#8558,#8559,#8560,#8561,#8562,#8563,#8564,#8565,#8566,#8567,#8568,#8569,#8570,#8571,#8572,#8573,#8574,#8575,#8576,#8577,#8578,#8579,#8580,#8581,#8582,#8583,#8584,#8585,#8586,#8587,#8588,#8589,#8590,#8591,#8592,#8593,#8594,#8595,#8596,#8597,#8598,#8599,#8600,#8601,#8602,#8603,#8604,#8605,#8606,#8607,#8608,#8609,#8610,#8611,#8612,#8613,#8614,#8615,#8616,#8617,#8618,#8619,#8620,#8621,#8622,#8623,#8624,#8625,#8626,#8627,#8628,#8629,#8630,#8631,#8632,#8633,#8634,#8635,#8636,#8637,#8638,#8639,#8640,#8641,#8642,#8643,#8644,#8645,#8646,#8647,#8648,#8649,#8650,#8651,#8652,#8653,#8654,#8655,#8656,#8657,#8658,#8659,#8660,#8661,#8662,#8663,#8664,#8665,#8666,#8667,#8668,#8669,#8670,#8671,#8672,#8673,#8674,#8675,#8676,#8677,#8678,#8679,#8680,#8681,#8682,#8683,#8684,#8685,#8686,#8687,#8688,#8689,#8690,#8691,#8692,#8693,#8694,#8695,#8696,#8697,#8698,#8699,#8700,#8701,#8702,#8703,#8704,#8705,#8706,#8707,#8708,#8709,#8710,#8711,#8712,#8713,#8714,#8715,#8716,#8717,#8718,#8719,#8720,#8721,#8722,#8723,#8724,#8725,#8726,#8727,#8728,#8729,#8730,#8731,#8732,#8733,#8734,#8735,#8736,#8737,#8738,#8739,#8740,#8741,#8742,#8743,#8744,#8745,#8746,#8747,#8748,#8749,#8750,#8751,#8752,#8753,#8754,#8755,#8756,#8757,#8758,#8759,#8760,#8761,#8762,#8763,#8764,#8765,#8766,#8767,#8768,#8769,#8770,#8771,#8772,#8773,#8774,#8775,#8776,#8777,#8778,#8779,#8780,#8781,#8782,#8783,#8784,#8785,#8786,#8787,#8788,#8789,#8790,#8791,#8792,#8793,#8794,#8795,#8796,#8797,#8798,#8799,#8800,#8801,#8802,#8803,#8804,#8805,#8806,#8807,#8808,#8809,#8810,#8811,#8812,#8813,#8814,#8815,#8816,#8817,#8818,#8819,#8820,#8821,#8822,#8823));
#8825=STYLED_ITEM('',(#8826),#8833);
#8826=PRESENTATION_STYLE_ASSIGNMENT((#8827));
#8827=SURFACE_STYLE_USAGE(.BOTH.,#8828);
#8828=SURFACE_SIDE_STYLE('',(#8829));
#8829=SURFACE_STYLE_FILL_AREA(#8830);
#8830=FILL_AREA_STYLE('',(#8831));
#8831=FILL_AREA_STYLE_COLOUR('',#8832);
#8832=COLOUR_RGB('',0.615686274509804,0.811764705882353,0.929411764705882);
#8833=MANIFOLD_SOLID_BREP('Part 1',#8824);
#8834=SHAPE_DEFINITION_REPRESENTATION(#18022,#8835);
#8835=SHAPE_REPRESENTATION('Part 1',(#8836),#18017);
#8836=AXIS2_PLACEMENT_3D('',#12321,#9746,#9747);
#8837=AXIS2_PLACEMENT_3D('',#14038,#9748,#9749);
#8838=AXIS2_PLACEMENT_3D('',#14059,#9751,#9752);
#8839=AXIS2_PLACEMENT_3D('',#14380,#9754,#9755);
#8840=AXIS2_PLACEMENT_3D('',#14401,#9757,#9758);
#8841=AXIS2_PLACEMENT_3D('',#14737,#9760,#9761);
#8842=AXIS2_PLACEMENT_3D('',#14739,#9762,#9763);
#8843=AXIS2_PLACEMENT_3D('',#14755,#9764,#9765);
#8844=AXIS2_PLACEMENT_3D('',#14757,#9766,#9767);
#8845=AXIS2_PLACEMENT_3D('',#14773,#9768,#9769);
#8846=AXIS2_PLACEMENT_3D('',#14775,#9770,#9771);
#8847=AXIS2_PLACEMENT_3D('',#14791,#9772,#9773);
#8848=AXIS2_PLACEMENT_3D('',#14793,#9774,#9775);
#8849=AXIS2_PLACEMENT_3D('',#14806,#9776,#9777);
#8850=AXIS2_PLACEMENT_3D('',#14813,#9778,#9779);
#8851=AXIS2_PLACEMENT_3D('',#14829,#9780,#9781);
#8852=AXIS2_PLACEMENT_3D('',#14831,#9782,#9783);
#8853=AXIS2_PLACEMENT_3D('',#14862,#9784,#9785);
#8854=AXIS2_PLACEMENT_3D('',#14864,#9786,#9787);
#8855=AXIS2_PLACEMENT_3D('',#14877,#9788,#9789);
#8856=AXIS2_PLACEMENT_3D('',#14879,#9790,#9791);
#8857=AXIS2_PLACEMENT_3D('',#15180,#9792,#9793);
#8858=AXIS2_PLACEMENT_3D('',#15192,#9799,#9800);
#8859=AXIS2_PLACEMENT_3D('',#15196,#9802,#9803);
#8860=AXIS2_PLACEMENT_3D('',#15200,#9805,#9806);
#8861=AXIS2_PLACEMENT_3D('',#15204,#9808,#9809);
#8862=AXIS2_PLACEMENT_3D('',#15208,#9811,#9812);
#8863=AXIS2_PLACEMENT_3D('',#15212,#9814,#9815);
#8864=AXIS2_PLACEMENT_3D('',#15216,#9817,#9818);
#8865=AXIS2_PLACEMENT_3D('',#15220,#9820,#9821);
#8866=AXIS2_PLACEMENT_3D('',#15224,#9823,#9824);
#8867=AXIS2_PLACEMENT_3D('',#15228,#9826,#9827);
#8868=AXIS2_PLACEMENT_3D('',#15232,#9829,#9830);
#8869=AXIS2_PLACEMENT_3D('',#15236,#9832,#9833);
#8870=AXIS2_PLACEMENT_3D('',#15240,#9835,#9836);
#8871=AXIS2_PLACEMENT_3D('',#15244,#9838,#9839);
#8872=AXIS2_PLACEMENT_3D('',#15248,#9841,#9842);
#8873=AXIS2_PLACEMENT_3D('',#15252,#9844,#9845);
#8874=AXIS2_PLACEMENT_3D('',#15256,#9847,#9848);
#8875=AXIS2_PLACEMENT_3D('',#15260,#9850,#9851);
#8876=AXIS2_PLACEMENT_3D('',#15264,#9853,#9854);
#8877=AXIS2_PLACEMENT_3D('',#15268,#9856,#9857);
#8878=AXIS2_PLACEMENT_3D('',#15269,#9858,#9859);
#8879=AXIS2_PLACEMENT_3D('',#15274,#9861,#9862);
#8880=AXIS2_PLACEMENT_3D('',#15278,#9864,#9865);
#8881=AXIS2_PLACEMENT_3D('',#15282,#9867,#9868);
#8882=AXIS2_PLACEMENT_3D('',#15285,#9870,#9871);
#8883=AXIS2_PLACEMENT_3D('',#15290,#9873,#9874);
#8884=AXIS2_PLACEMENT_3D('',#15294,#9876,#9877);
#8885=AXIS2_PLACEMENT_3D('',#15298,#9879,#9880);
#8886=AXIS2_PLACEMENT_3D('',#15304,#9883,#9884);
#8887=AXIS2_PLACEMENT_3D('',#15308,#9886,#9887);
#8888=AXIS2_PLACEMENT_3D('',#15312,#9889,#9890);
#8889=AXIS2_PLACEMENT_3D('',#15316,#9892,#9893);
#8890=AXIS2_PLACEMENT_3D('',#15320,#9895,#9896);
#8891=AXIS2_PLACEMENT_3D('',#15324,#9898,#9899);
#8892=AXIS2_PLACEMENT_3D('',#15328,#9901,#9902);
#8893=AXIS2_PLACEMENT_3D('',#15332,#9904,#9905);
#8894=AXIS2_PLACEMENT_3D('',#15336,#9907,#9908);
#8895=AXIS2_PLACEMENT_3D('',#15340,#9910,#9911);
#8896=AXIS2_PLACEMENT_3D('',#15344,#9913,#9914);
#8897=AXIS2_PLACEMENT_3D('',#15348,#9916,#9917);
#8898=AXIS2_PLACEMENT_3D('',#15352,#9919,#9920);
#8899=AXIS2_PLACEMENT_3D('',#15356,#9922,#9923);
#8900=AXIS2_PLACEMENT_3D('',#15360,#9925,#9926);
#8901=AXIS2_PLACEMENT_3D('',#15364,#9928,#9929);
#8902=AXIS2_PLACEMENT_3D('',#15368,#9931,#9932);
#8903=AXIS2_PLACEMENT_3D('',#15372,#9934,#9935);
#8904=AXIS2_PLACEMENT_3D('',#15376,#9937,#9938);
#8905=AXIS2_PLACEMENT_3D('',#15380,#9940,#9941);
#8906=AXIS2_PLACEMENT_3D('',#15384,#9943,#9944);
#8907=AXIS2_PLACEMENT_3D('',#15388,#9946,#9947);
#8908=AXIS2_PLACEMENT_3D('',#15392,#9949,#9950);
#8909=AXIS2_PLACEMENT_3D('',#15396,#9952,#9953);
#8910=AXIS2_PLACEMENT_3D('',#15397,#9954,#9955);
#8911=AXIS2_PLACEMENT_3D('',#15402,#9957,#9958);
#8912=AXIS2_PLACEMENT_3D('',#15406,#9960,#9961);
#8913=AXIS2_PLACEMENT_3D('',#15410,#9963,#9964);
#8914=AXIS2_PLACEMENT_3D('',#15416,#9967,#9968);
#8915=AXIS2_PLACEMENT_3D('',#15420,#9970,#9971);
#8916=AXIS2_PLACEMENT_3D('',#15424,#9973,#9974);
#8917=AXIS2_PLACEMENT_3D('',#15428,#9976,#9977);
#8918=AXIS2_PLACEMENT_3D('',#15429,#9978,#9979);
#8919=AXIS2_PLACEMENT_3D('',#15434,#9981,#9982);
#8920=AXIS2_PLACEMENT_3D('',#15438,#9984,#9985);
#8921=AXIS2_PLACEMENT_3D('',#15442,#9987,#9988);
#8922=AXIS2_PLACEMENT_3D('',#15448,#9991,#9992);
#8923=AXIS2_PLACEMENT_3D('',#15452,#9994,#9995);
#8924=AXIS2_PLACEMENT_3D('',#15456,#9997,#9998);
#8925=AXIS2_PLACEMENT_3D('',#15460,#10000,#10001);
#8926=AXIS2_PLACEMENT_3D('',#15461,#10002,#10003);
#8927=AXIS2_PLACEMENT_3D('',#15466,#10005,#10006);
#8928=AXIS2_PLACEMENT_3D('',#15470,#10008,#10009);
#8929=AXIS2_PLACEMENT_3D('',#15474,#10011,#10012);
#8930=AXIS2_PLACEMENT_3D('',#15480,#10015,#10016);
#8931=AXIS2_PLACEMENT_3D('',#15484,#10018,#10019);
#8932=AXIS2_PLACEMENT_3D('',#15488,#10021,#10022);
#8933=AXIS2_PLACEMENT_3D('',#15492,#10024,#10025);
#8934=AXIS2_PLACEMENT_3D('',#15496,#10027,#10028);
#8935=AXIS2_PLACEMENT_3D('',#15500,#10030,#10031);
#8936=AXIS2_PLACEMENT_3D('',#15504,#10033,#10034);
#8937=AXIS2_PLACEMENT_3D('',#15508,#10036,#10037);
#8938=AXIS2_PLACEMENT_3D('',#15512,#10039,#10040);
#8939=AXIS2_PLACEMENT_3D('',#15516,#10042,#10043);
#8940=AXIS2_PLACEMENT_3D('',#15520,#10045,#10046);
#8941=AXIS2_PLACEMENT_3D('',#15524,#10048,#10049);
#8942=AXIS2_PLACEMENT_3D('',#15528,#10051,#10052);
#8943=AXIS2_PLACEMENT_3D('',#15532,#10054,#10055);
#8944=AXIS2_PLACEMENT_3D('',#15536,#10057,#10058);
#8945=AXIS2_PLACEMENT_3D('',#15540,#10060,#10061);
#8946=AXIS2_PLACEMENT_3D('',#15541,#10062,#10063);
#8947=AXIS2_PLACEMENT_3D('',#15546,#10065,#10066);
#8948=AXIS2_PLACEMENT_3D('',#15550,#10068,#10069);
#8949=AXIS2_PLACEMENT_3D('',#15554,#10071,#10072);
#8950=AXIS2_PLACEMENT_3D('',#15560,#10075,#10076);
#8951=AXIS2_PLACEMENT_3D('',#15564,#10078,#10079);
#8952=AXIS2_PLACEMENT_3D('',#15568,#10081,#10082);
#8953=AXIS2_PLACEMENT_3D('',#15572,#10084,#10085);
#8954=AXIS2_PLACEMENT_3D('',#15576,#10087,#10088);
#8955=AXIS2_PLACEMENT_3D('',#15580,#10090,#10091);
#8956=AXIS2_PLACEMENT_3D('',#15584,#10093,#10094);
#8957=AXIS2_PLACEMENT_3D('',#15588,#10096,#10097);
#8958=AXIS2_PLACEMENT_3D('',#15589,#10098,#10099);
#8959=AXIS2_PLACEMENT_3D('',#15594,#10101,#10102);
#8960=AXIS2_PLACEMENT_3D('',#15598,#10104,#10105);
#8961=AXIS2_PLACEMENT_3D('',#15602,#10107,#10108);
#8962=AXIS2_PLACEMENT_3D('',#15608,#10111,#10112);
#8963=AXIS2_PLACEMENT_3D('',#15612,#10114,#10115);
#8964=AXIS2_PLACEMENT_3D('',#15616,#10117,#10118);
#8965=AXIS2_PLACEMENT_3D('',#15620,#10120,#10121);
#8966=AXIS2_PLACEMENT_3D('',#15624,#10123,#10124);
#8967=AXIS2_PLACEMENT_3D('',#15628,#10126,#10127);
#8968=AXIS2_PLACEMENT_3D('',#15632,#10129,#10130);
#8969=AXIS2_PLACEMENT_3D('',#15636,#10132,#10133);
#8970=AXIS2_PLACEMENT_3D('',#15640,#10135,#10136);
#8971=AXIS2_PLACEMENT_3D('',#15644,#10138,#10139);
#8972=AXIS2_PLACEMENT_3D('',#15648,#10141,#10142);
#8973=AXIS2_PLACEMENT_3D('',#15652,#10144,#10145);
#8974=AXIS2_PLACEMENT_3D('',#15653,#10146,#10147);
#8975=AXIS2_PLACEMENT_3D('',#15660,#10151,#10152);
#8976=AXIS2_PLACEMENT_3D('',#15675,#10158,#10159);
#8977=AXIS2_PLACEMENT_3D('',#15679,#10161,#10162);
#8978=AXIS2_PLACEMENT_3D('',#15683,#10164,#10165);
#8979=AXIS2_PLACEMENT_3D('',#15687,#10167,#10168);
#8980=AXIS2_PLACEMENT_3D('',#15691,#10170,#10171);
#8981=AXIS2_PLACEMENT_3D('',#15695,#10173,#10174);
#8982=AXIS2_PLACEMENT_3D('',#15699,#10176,#10177);
#8983=AXIS2_PLACEMENT_3D('',#15703,#10179,#10180);
#8984=AXIS2_PLACEMENT_3D('',#15707,#10182,#10183);
#8985=AXIS2_PLACEMENT_3D('',#15711,#10185,#10186);
#8986=AXIS2_PLACEMENT_3D('',#15715,#10188,#10189);
#8987=AXIS2_PLACEMENT_3D('',#15719,#10191,#10192);
#8988=AXIS2_PLACEMENT_3D('',#15723,#10194,#10195);
#8989=AXIS2_PLACEMENT_3D('',#15727,#10198,#10199);
#8990=AXIS2_PLACEMENT_3D('',#15731,#10201,#10202);
#8991=AXIS2_PLACEMENT_3D('',#15739,#10206,#10207);
#8992=AXIS2_PLACEMENT_3D('',#15740,#10208,#10209);
#8993=AXIS2_PLACEMENT_3D('',#15741,#10210,#10211);
#8994=AXIS2_PLACEMENT_3D('',#15743,#10212,#10213);
#8995=AXIS2_PLACEMENT_3D('',#15750,#10217,#10218);
#8996=AXIS2_PLACEMENT_3D('',#15761,#10222,#10223);
#8997=AXIS2_PLACEMENT_3D('',#15782,#10230,#10231);
#8998=AXIS2_PLACEMENT_3D('',#15783,#10232,#10233);
#8999=AXIS2_PLACEMENT_3D('',#15788,#10235,#10236);
#9000=AXIS2_PLACEMENT_3D('',#15792,#10238,#10239);
#9001=AXIS2_PLACEMENT_3D('',#15796,#10241,#10242);
#9002=AXIS2_PLACEMENT_3D('',#15800,#10244,#10245);
#9003=AXIS2_PLACEMENT_3D('',#15804,#10247,#10248);
#9004=AXIS2_PLACEMENT_3D('',#15808,#10250,#10251);
#9005=AXIS2_PLACEMENT_3D('',#15812,#10253,#10254);
#9006=AXIS2_PLACEMENT_3D('',#15820,#10258,#10259);
#9007=AXIS2_PLACEMENT_3D('',#15824,#10261,#10262);
#9008=AXIS2_PLACEMENT_3D('',#15828,#10264,#10265);
#9009=AXIS2_PLACEMENT_3D('',#15832,#10267,#10268);
#9010=AXIS2_PLACEMENT_3D('',#15836,#10270,#10271);
#9011=AXIS2_PLACEMENT_3D('',#15840,#10273,#10274);
#9012=AXIS2_PLACEMENT_3D('',#15844,#10276,#10277);
#9013=AXIS2_PLACEMENT_3D('',#15848,#10279,#10280);
#9014=AXIS2_PLACEMENT_3D('',#15852,#10282,#10283);
#9015=AXIS2_PLACEMENT_3D('',#15856,#10285,#10286);
#9016=AXIS2_PLACEMENT_3D('',#15860,#10288,#10289);
#9017=AXIS2_PLACEMENT_3D('',#15864,#10291,#10292);
#9018=AXIS2_PLACEMENT_3D('',#15868,#10294,#10295);
#9019=AXIS2_PLACEMENT_3D('',#15876,#10299,#10300);
#9020=AXIS2_PLACEMENT_3D('',#15880,#10302,#10303);
#9021=AXIS2_PLACEMENT_3D('',#15884,#10305,#10306);
#9022=AXIS2_PLACEMENT_3D('',#15888,#10308,#10309);
#9023=AXIS2_PLACEMENT_3D('',#15892,#10311,#10312);
#9024=AXIS2_PLACEMENT_3D('',#15895,#10314,#10315);
#9025=AXIS2_PLACEMENT_3D('',#15904,#10320,#10321);
#9026=AXIS2_PLACEMENT_3D('',#15910,#10325,#10326);
#9027=AXIS2_PLACEMENT_3D('',#15916,#10330,#10331);
#9028=AXIS2_PLACEMENT_3D('',#15924,#10336,#10337);
#9029=AXIS2_PLACEMENT_3D('',#15932,#10342,#10343);
#9030=AXIS2_PLACEMENT_3D('',#15939,#10348,#10349);
#9031=AXIS2_PLACEMENT_3D('',#15944,#10353,#10354);
#9032=AXIS2_PLACEMENT_3D('',#15945,#10355,#10356);
#9033=AXIS2_PLACEMENT_3D('',#15957,#10360,#10361);
#9034=AXIS2_PLACEMENT_3D('',#15958,#10362,#10363);
#9035=AXIS2_PLACEMENT_3D('',#15973,#10368,#10369);
#9036=AXIS2_PLACEMENT_3D('',#15978,#10373,#10374);
#9037=AXIS2_PLACEMENT_3D('',#15985,#10379,#10380);
#9038=AXIS2_PLACEMENT_3D('',#15993,#10385,#10386);
#9039=AXIS2_PLACEMENT_3D('',#16001,#10391,#10392);
#9040=AXIS2_PLACEMENT_3D('',#16007,#10396,#10397);
#9041=AXIS2_PLACEMENT_3D('',#16008,#10398,#10399);
#9042=AXIS2_PLACEMENT_3D('',#16011,#10401,#10402);
#9043=AXIS2_PLACEMENT_3D('',#16015,#10405,#10406);
#9044=AXIS2_PLACEMENT_3D('',#16016,#10407,#10408);
#9045=AXIS2_PLACEMENT_3D('',#16019,#10410,#10411);
#9046=AXIS2_PLACEMENT_3D('',#16023,#10414,#10415);
#9047=AXIS2_PLACEMENT_3D('',#16024,#10416,#10417);
#9048=AXIS2_PLACEMENT_3D('',#16027,#10419,#10420);
#9049=AXIS2_PLACEMENT_3D('',#16031,#10423,#10424);
#9050=AXIS2_PLACEMENT_3D('',#16037,#10428,#10429);
#9051=AXIS2_PLACEMENT_3D('',#16038,#10430,#10431);
#9052=AXIS2_PLACEMENT_3D('',#16041,#10433,#10434);
#9053=AXIS2_PLACEMENT_3D('',#16045,#10437,#10438);
#9054=AXIS2_PLACEMENT_3D('',#16046,#10439,#10440);
#9055=AXIS2_PLACEMENT_3D('',#16049,#10442,#10443);
#9056=AXIS2_PLACEMENT_3D('',#16053,#10446,#10447);
#9057=AXIS2_PLACEMENT_3D('',#16054,#10448,#10449);
#9058=AXIS2_PLACEMENT_3D('',#16057,#10451,#10452);
#9059=AXIS2_PLACEMENT_3D('',#16061,#10455,#10456);
#9060=AXIS2_PLACEMENT_3D('',#16067,#10460,#10461);
#9061=AXIS2_PLACEMENT_3D('',#16068,#10462,#10463);
#9062=AXIS2_PLACEMENT_3D('',#16071,#10465,#10466);
#9063=AXIS2_PLACEMENT_3D('',#16075,#10469,#10470);
#9064=AXIS2_PLACEMENT_3D('',#16076,#10471,#10472);
#9065=AXIS2_PLACEMENT_3D('',#16079,#10474,#10475);
#9066=AXIS2_PLACEMENT_3D('',#16083,#10478,#10479);
#9067=AXIS2_PLACEMENT_3D('',#16084,#10480,#10481);
#9068=AXIS2_PLACEMENT_3D('',#16087,#10483,#10484);
#9069=AXIS2_PLACEMENT_3D('',#16091,#10487,#10488);
#9070=AXIS2_PLACEMENT_3D('',#16097,#10492,#10493);
#9071=AXIS2_PLACEMENT_3D('',#16098,#10494,#10495);
#9072=AXIS2_PLACEMENT_3D('',#16101,#10497,#10498);
#9073=AXIS2_PLACEMENT_3D('',#16105,#10501,#10502);
#9074=AXIS2_PLACEMENT_3D('',#16106,#10503,#10504);
#9075=AXIS2_PLACEMENT_3D('',#16109,#10506,#10507);
#9076=AXIS2_PLACEMENT_3D('',#16113,#10510,#10511);
#9077=AXIS2_PLACEMENT_3D('',#16114,#10512,#10513);
#9078=AXIS2_PLACEMENT_3D('',#16117,#10515,#10516);
#9079=AXIS2_PLACEMENT_3D('',#16121,#10519,#10520);
#9080=AXIS2_PLACEMENT_3D('',#16127,#10524,#10525);
#9081=AXIS2_PLACEMENT_3D('',#16128,#10526,#10527);
#9082=AXIS2_PLACEMENT_3D('',#16131,#10529,#10530);
#9083=AXIS2_PLACEMENT_3D('',#16135,#10533,#10534);
#9084=AXIS2_PLACEMENT_3D('',#16136,#10535,#10536);
#9085=AXIS2_PLACEMENT_3D('',#16139,#10538,#10539);
#9086=AXIS2_PLACEMENT_3D('',#16143,#10542,#10543);
#9087=AXIS2_PLACEMENT_3D('',#16144,#10544,#10545);
#9088=AXIS2_PLACEMENT_3D('',#16147,#10547,#10548);
#9089=AXIS2_PLACEMENT_3D('',#16151,#10551,#10552);
#9090=AXIS2_PLACEMENT_3D('',#16152,#10553,#10554);
#9091=AXIS2_PLACEMENT_3D('',#16157,#10557,#10558);
#9092=AXIS2_PLACEMENT_3D('',#16161,#10561,#10562);
#9093=AXIS2_PLACEMENT_3D('',#16162,#10563,#10564);
#9094=AXIS2_PLACEMENT_3D('',#16165,#10566,#10567);
#9095=AXIS2_PLACEMENT_3D('',#16169,#10570,#10571);
#9096=AXIS2_PLACEMENT_3D('',#16170,#10572,#10573);
#9097=AXIS2_PLACEMENT_3D('',#16173,#10575,#10576);
#9098=AXIS2_PLACEMENT_3D('',#16177,#10579,#10580);
#9099=AXIS2_PLACEMENT_3D('',#16178,#10581,#10582);
#9100=AXIS2_PLACEMENT_3D('',#16181,#10584,#10585);
#9101=AXIS2_PLACEMENT_3D('',#16182,#10586,#10587);
#9102=AXIS2_PLACEMENT_3D('',#16187,#10590,#10591);
#9103=AXIS2_PLACEMENT_3D('',#16191,#10594,#10595);
#9104=AXIS2_PLACEMENT_3D('',#16192,#10596,#10597);
#9105=AXIS2_PLACEMENT_3D('',#16195,#10599,#10600);
#9106=AXIS2_PLACEMENT_3D('',#16199,#10603,#10604);
#9107=AXIS2_PLACEMENT_3D('',#16200,#10605,#10606);
#9108=AXIS2_PLACEMENT_3D('',#16203,#10608,#10609);
#9109=AXIS2_PLACEMENT_3D('',#16207,#10612,#10613);
#9110=AXIS2_PLACEMENT_3D('',#16208,#10614,#10615);
#9111=AXIS2_PLACEMENT_3D('',#16211,#10617,#10618);
#9112=AXIS2_PLACEMENT_3D('',#16217,#10622,#10623);
#9113=AXIS2_PLACEMENT_3D('',#16218,#10624,#10625);
#9114=AXIS2_PLACEMENT_3D('',#16221,#10627,#10628);
#9115=AXIS2_PLACEMENT_3D('',#16225,#10631,#10632);
#9116=AXIS2_PLACEMENT_3D('',#16226,#10633,#10634);
#9117=AXIS2_PLACEMENT_3D('',#16229,#10636,#10637);
#9118=AXIS2_PLACEMENT_3D('',#16233,#10640,#10641);
#9119=AXIS2_PLACEMENT_3D('',#16234,#10642,#10643);
#9120=AXIS2_PLACEMENT_3D('',#16237,#10645,#10646);
#9121=AXIS2_PLACEMENT_3D('',#16241,#10649,#10650);
#9122=AXIS2_PLACEMENT_3D('',#16247,#10654,#10655);
#9123=AXIS2_PLACEMENT_3D('',#16248,#10656,#10657);
#9124=AXIS2_PLACEMENT_3D('',#16251,#10659,#10660);
#9125=AXIS2_PLACEMENT_3D('',#16255,#10663,#10664);
#9126=AXIS2_PLACEMENT_3D('',#16256,#10665,#10666);
#9127=AXIS2_PLACEMENT_3D('',#16259,#10668,#10669);
#9128=AXIS2_PLACEMENT_3D('',#16263,#10672,#10673);
#9129=AXIS2_PLACEMENT_3D('',#16264,#10674,#10675);
#9130=AXIS2_PLACEMENT_3D('',#16267,#10677,#10678);
#9131=AXIS2_PLACEMENT_3D('',#16271,#10681,#10682);
#9132=AXIS2_PLACEMENT_3D('',#16277,#10686,#10687);
#9133=AXIS2_PLACEMENT_3D('',#16278,#10688,#10689);
#9134=AXIS2_PLACEMENT_3D('',#16281,#10691,#10692);
#9135=AXIS2_PLACEMENT_3D('',#16285,#10695,#10696);
#9136=AXIS2_PLACEMENT_3D('',#16286,#10697,#10698);
#9137=AXIS2_PLACEMENT_3D('',#16289,#10700,#10701);
#9138=AXIS2_PLACEMENT_3D('',#16293,#10704,#10705);
#9139=AXIS2_PLACEMENT_3D('',#16294,#10706,#10707);
#9140=AXIS2_PLACEMENT_3D('',#16297,#10709,#10710);
#9141=AXIS2_PLACEMENT_3D('',#16301,#10713,#10714);
#9142=AXIS2_PLACEMENT_3D('',#16307,#10718,#10719);
#9143=AXIS2_PLACEMENT_3D('',#16308,#10720,#10721);
#9144=AXIS2_PLACEMENT_3D('',#16311,#10723,#10724);
#9145=AXIS2_PLACEMENT_3D('',#16315,#10727,#10728);
#9146=AXIS2_PLACEMENT_3D('',#16316,#10729,#10730);
#9147=AXIS2_PLACEMENT_3D('',#16319,#10732,#10733);
#9148=AXIS2_PLACEMENT_3D('',#16323,#10736,#10737);
#9149=AXIS2_PLACEMENT_3D('',#16324,#10738,#10739);
#9150=AXIS2_PLACEMENT_3D('',#16327,#10741,#10742);
#9151=AXIS2_PLACEMENT_3D('',#16331,#10745,#10746);
#9152=AXIS2_PLACEMENT_3D('',#16337,#10750,#10751);
#9153=AXIS2_PLACEMENT_3D('',#16338,#10752,#10753);
#9154=AXIS2_PLACEMENT_3D('',#16341,#10755,#10756);
#9155=AXIS2_PLACEMENT_3D('',#16345,#10759,#10760);
#9156=AXIS2_PLACEMENT_3D('',#16346,#10761,#10762);
#9157=AXIS2_PLACEMENT_3D('',#16349,#10764,#10765);
#9158=AXIS2_PLACEMENT_3D('',#16353,#10768,#10769);
#9159=AXIS2_PLACEMENT_3D('',#16354,#10770,#10771);
#9160=AXIS2_PLACEMENT_3D('',#16357,#10773,#10774);
#9161=AXIS2_PLACEMENT_3D('',#16361,#10777,#10778);
#9162=AXIS2_PLACEMENT_3D('',#16367,#10782,#10783);
#9163=AXIS2_PLACEMENT_3D('',#16368,#10784,#10785);
#9164=AXIS2_PLACEMENT_3D('',#16371,#10787,#10788);
#9165=AXIS2_PLACEMENT_3D('',#16375,#10791,#10792);
#9166=AXIS2_PLACEMENT_3D('',#16376,#10793,#10794);
#9167=AXIS2_PLACEMENT_3D('',#16379,#10796,#10797);
#9168=AXIS2_PLACEMENT_3D('',#16383,#10800,#10801);
#9169=AXIS2_PLACEMENT_3D('',#16384,#10802,#10803);
#9170=AXIS2_PLACEMENT_3D('',#16387,#10805,#10806);
#9171=AXIS2_PLACEMENT_3D('',#16391,#10809,#10810);
#9172=AXIS2_PLACEMENT_3D('',#16392,#10811,#10812);
#9173=AXIS2_PLACEMENT_3D('',#16397,#10815,#10816);
#9174=AXIS2_PLACEMENT_3D('',#16401,#10819,#10820);
#9175=AXIS2_PLACEMENT_3D('',#16402,#10821,#10822);
#9176=AXIS2_PLACEMENT_3D('',#16405,#10824,#10825);
#9177=AXIS2_PLACEMENT_3D('',#16409,#10828,#10829);
#9178=AXIS2_PLACEMENT_3D('',#16410,#10830,#10831);
#9179=AXIS2_PLACEMENT_3D('',#16413,#10833,#10834);
#9180=AXIS2_PLACEMENT_3D('',#16417,#10837,#10838);
#9181=AXIS2_PLACEMENT_3D('',#16418,#10839,#10840);
#9182=AXIS2_PLACEMENT_3D('',#16421,#10842,#10843);
#9183=AXIS2_PLACEMENT_3D('',#16427,#10847,#10848);
#9184=AXIS2_PLACEMENT_3D('',#16428,#10849,#10850);
#9185=AXIS2_PLACEMENT_3D('',#16431,#10852,#10853);
#9186=AXIS2_PLACEMENT_3D('',#16435,#10856,#10857);
#9187=AXIS2_PLACEMENT_3D('',#16436,#10858,#10859);
#9188=AXIS2_PLACEMENT_3D('',#16439,#10861,#10862);
#9189=AXIS2_PLACEMENT_3D('',#16443,#10865,#10866);
#9190=AXIS2_PLACEMENT_3D('',#16444,#10867,#10868);
#9191=AXIS2_PLACEMENT_3D('',#16447,#10870,#10871);
#9192=AXIS2_PLACEMENT_3D('',#16451,#10874,#10875);
#9193=AXIS2_PLACEMENT_3D('',#16452,#10876,#10877);
#9194=AXIS2_PLACEMENT_3D('',#16457,#10880,#10881);
#9195=AXIS2_PLACEMENT_3D('',#16461,#10884,#10885);
#9196=AXIS2_PLACEMENT_3D('',#16462,#10886,#10887);
#9197=AXIS2_PLACEMENT_3D('',#16465,#10889,#10890);
#9198=AXIS2_PLACEMENT_3D('',#16469,#10893,#10894);
#9199=AXIS2_PLACEMENT_3D('',#16470,#10895,#10896);
#9200=AXIS2_PLACEMENT_3D('',#16473,#10898,#10899);
#9201=AXIS2_PLACEMENT_3D('',#16477,#10902,#10903);
#9202=AXIS2_PLACEMENT_3D('',#16478,#10904,#10905);
#9203=AXIS2_PLACEMENT_3D('',#16481,#10907,#10908);
#9204=AXIS2_PLACEMENT_3D('',#16487,#10912,#10913);
#9205=AXIS2_PLACEMENT_3D('',#16488,#10914,#10915);
#9206=AXIS2_PLACEMENT_3D('',#16491,#10917,#10918);
#9207=AXIS2_PLACEMENT_3D('',#16495,#10921,#10922);
#9208=AXIS2_PLACEMENT_3D('',#16496,#10923,#10924);
#9209=AXIS2_PLACEMENT_3D('',#16499,#10926,#10927);
#9210=AXIS2_PLACEMENT_3D('',#16503,#10930,#10931);
#9211=AXIS2_PLACEMENT_3D('',#16504,#10932,#10933);
#9212=AXIS2_PLACEMENT_3D('',#16507,#10935,#10936);
#9213=AXIS2_PLACEMENT_3D('',#16511,#10939,#10940);
#9214=AXIS2_PLACEMENT_3D('',#16512,#10941,#10942);
#9215=AXIS2_PLACEMENT_3D('',#16517,#10945,#10946);
#9216=AXIS2_PLACEMENT_3D('',#16521,#10949,#10950);
#9217=AXIS2_PLACEMENT_3D('',#16522,#10951,#10952);
#9218=AXIS2_PLACEMENT_3D('',#16525,#10954,#10955);
#9219=AXIS2_PLACEMENT_3D('',#16529,#10958,#10959);
#9220=AXIS2_PLACEMENT_3D('',#16530,#10960,#10961);
#9221=AXIS2_PLACEMENT_3D('',#16533,#10963,#10964);
#9222=AXIS2_PLACEMENT_3D('',#16537,#10967,#10968);
#9223=AXIS2_PLACEMENT_3D('',#16538,#10969,#10970);
#9224=AXIS2_PLACEMENT_3D('',#16541,#10972,#10973);
#9225=AXIS2_PLACEMENT_3D('',#16547,#10977,#10978);
#9226=AXIS2_PLACEMENT_3D('',#16548,#10979,#10980);
#9227=AXIS2_PLACEMENT_3D('',#16551,#10982,#10983);
#9228=AXIS2_PLACEMENT_3D('',#16555,#10986,#10987);
#9229=AXIS2_PLACEMENT_3D('',#16556,#10988,#10989);
#9230=AXIS2_PLACEMENT_3D('',#16559,#10991,#10992);
#9231=AXIS2_PLACEMENT_3D('',#16563,#10995,#10996);
#9232=AXIS2_PLACEMENT_3D('',#16564,#10997,#10998);
#9233=AXIS2_PLACEMENT_3D('',#16567,#11000,#11001);
#9234=AXIS2_PLACEMENT_3D('',#16571,#11004,#11005);
#9235=AXIS2_PLACEMENT_3D('',#16577,#11009,#11010);
#9236=AXIS2_PLACEMENT_3D('',#16578,#11011,#11012);
#9237=AXIS2_PLACEMENT_3D('',#16581,#11014,#11015);
#9238=AXIS2_PLACEMENT_3D('',#16585,#11018,#11019);
#9239=AXIS2_PLACEMENT_3D('',#16586,#11020,#11021);
#9240=AXIS2_PLACEMENT_3D('',#16589,#11023,#11024);
#9241=AXIS2_PLACEMENT_3D('',#16593,#11027,#11028);
#9242=AXIS2_PLACEMENT_3D('',#16594,#11029,#11030);
#9243=AXIS2_PLACEMENT_3D('',#16597,#11032,#11033);
#9244=AXIS2_PLACEMENT_3D('',#16601,#11036,#11037);
#9245=AXIS2_PLACEMENT_3D('',#16607,#11041,#11042);
#9246=AXIS2_PLACEMENT_3D('',#16608,#11043,#11044);
#9247=AXIS2_PLACEMENT_3D('',#16611,#11046,#11047);
#9248=AXIS2_PLACEMENT_3D('',#16615,#11050,#11051);
#9249=AXIS2_PLACEMENT_3D('',#16616,#11052,#11053);
#9250=AXIS2_PLACEMENT_3D('',#16619,#11055,#11056);
#9251=AXIS2_PLACEMENT_3D('',#16623,#11059,#11060);
#9252=AXIS2_PLACEMENT_3D('',#16624,#11061,#11062);
#9253=AXIS2_PLACEMENT_3D('',#16627,#11064,#11065);
#9254=AXIS2_PLACEMENT_3D('',#16631,#11068,#11069);
#9255=AXIS2_PLACEMENT_3D('',#16637,#11073,#11074);
#9256=AXIS2_PLACEMENT_3D('',#16638,#11075,#11076);
#9257=AXIS2_PLACEMENT_3D('',#16641,#11078,#11079);
#9258=AXIS2_PLACEMENT_3D('',#16645,#11082,#11083);
#9259=AXIS2_PLACEMENT_3D('',#16646,#11084,#11085);
#9260=AXIS2_PLACEMENT_3D('',#16649,#11087,#11088);
#9261=AXIS2_PLACEMENT_3D('',#16653,#11091,#11092);
#9262=AXIS2_PLACEMENT_3D('',#16654,#11093,#11094);
#9263=AXIS2_PLACEMENT_3D('',#16657,#11096,#11097);
#9264=AXIS2_PLACEMENT_3D('',#16661,#11100,#11101);
#9265=AXIS2_PLACEMENT_3D('',#16662,#11102,#11103);
#9266=AXIS2_PLACEMENT_3D('',#16667,#11106,#11107);
#9267=AXIS2_PLACEMENT_3D('',#16671,#11110,#11111);
#9268=AXIS2_PLACEMENT_3D('',#16672,#11112,#11113);
#9269=AXIS2_PLACEMENT_3D('',#16675,#11115,#11116);
#9270=AXIS2_PLACEMENT_3D('',#16679,#11119,#11120);
#9271=AXIS2_PLACEMENT_3D('',#16680,#11121,#11122);
#9272=AXIS2_PLACEMENT_3D('',#16683,#11124,#11125);
#9273=AXIS2_PLACEMENT_3D('',#16687,#11128,#11129);
#9274=AXIS2_PLACEMENT_3D('',#16688,#11130,#11131);
#9275=AXIS2_PLACEMENT_3D('',#16691,#11133,#11134);
#9276=AXIS2_PLACEMENT_3D('',#16697,#11138,#11139);
#9277=AXIS2_PLACEMENT_3D('',#16698,#11140,#11141);
#9278=AXIS2_PLACEMENT_3D('',#16701,#11143,#11144);
#9279=AXIS2_PLACEMENT_3D('',#16705,#11147,#11148);
#9280=AXIS2_PLACEMENT_3D('',#16706,#11149,#11150);
#9281=AXIS2_PLACEMENT_3D('',#16709,#11152,#11153);
#9282=AXIS2_PLACEMENT_3D('',#16713,#11156,#11157);
#9283=AXIS2_PLACEMENT_3D('',#16714,#11158,#11159);
#9284=AXIS2_PLACEMENT_3D('',#16717,#11161,#11162);
#9285=AXIS2_PLACEMENT_3D('',#16721,#11165,#11166);
#9286=AXIS2_PLACEMENT_3D('',#16727,#11170,#11171);
#9287=AXIS2_PLACEMENT_3D('',#16728,#11172,#11173);
#9288=AXIS2_PLACEMENT_3D('',#16731,#11175,#11176);
#9289=AXIS2_PLACEMENT_3D('',#16735,#11179,#11180);
#9290=AXIS2_PLACEMENT_3D('',#16736,#11181,#11182);
#9291=AXIS2_PLACEMENT_3D('',#16739,#11184,#11185);
#9292=AXIS2_PLACEMENT_3D('',#16743,#11188,#11189);
#9293=AXIS2_PLACEMENT_3D('',#16744,#11190,#11191);
#9294=AXIS2_PLACEMENT_3D('',#16747,#11193,#11194);
#9295=AXIS2_PLACEMENT_3D('',#16751,#11197,#11198);
#9296=AXIS2_PLACEMENT_3D('',#16752,#11199,#11200);
#9297=AXIS2_PLACEMENT_3D('',#16757,#11203,#11204);
#9298=AXIS2_PLACEMENT_3D('',#16761,#11207,#11208);
#9299=AXIS2_PLACEMENT_3D('',#16762,#11209,#11210);
#9300=AXIS2_PLACEMENT_3D('',#16765,#11212,#11213);
#9301=AXIS2_PLACEMENT_3D('',#16769,#11216,#11217);
#9302=AXIS2_PLACEMENT_3D('',#16770,#11218,#11219);
#9303=AXIS2_PLACEMENT_3D('',#16773,#11221,#11222);
#9304=AXIS2_PLACEMENT_3D('',#16777,#11225,#11226);
#9305=AXIS2_PLACEMENT_3D('',#16778,#11227,#11228);
#9306=AXIS2_PLACEMENT_3D('',#16781,#11230,#11231);
#9307=AXIS2_PLACEMENT_3D('',#16787,#11235,#11236);
#9308=AXIS2_PLACEMENT_3D('',#16788,#11237,#11238);
#9309=AXIS2_PLACEMENT_3D('',#16791,#11240,#11241);
#9310=AXIS2_PLACEMENT_3D('',#16795,#11244,#11245);
#9311=AXIS2_PLACEMENT_3D('',#16796,#11246,#11247);
#9312=AXIS2_PLACEMENT_3D('',#16799,#11249,#11250);
#9313=AXIS2_PLACEMENT_3D('',#16803,#11253,#11254);
#9314=AXIS2_PLACEMENT_3D('',#16804,#11255,#11256);
#9315=AXIS2_PLACEMENT_3D('',#16807,#11258,#11259);
#9316=AXIS2_PLACEMENT_3D('',#16811,#11262,#11263);
#9317=AXIS2_PLACEMENT_3D('',#16817,#11267,#11268);
#9318=AXIS2_PLACEMENT_3D('',#16818,#11269,#11270);
#9319=AXIS2_PLACEMENT_3D('',#16821,#11272,#11273);
#9320=AXIS2_PLACEMENT_3D('',#16825,#11276,#11277);
#9321=AXIS2_PLACEMENT_3D('',#16826,#11278,#11279);
#9322=AXIS2_PLACEMENT_3D('',#16829,#11281,#11282);
#9323=AXIS2_PLACEMENT_3D('',#16833,#11285,#11286);
#9324=AXIS2_PLACEMENT_3D('',#16834,#11287,#11288);
#9325=AXIS2_PLACEMENT_3D('',#16837,#11290,#11291);
#9326=AXIS2_PLACEMENT_3D('',#16841,#11294,#11295);
#9327=AXIS2_PLACEMENT_3D('',#16847,#11299,#11300);
#9328=AXIS2_PLACEMENT_3D('',#16848,#11301,#11302);
#9329=AXIS2_PLACEMENT_3D('',#16851,#11304,#11305);
#9330=AXIS2_PLACEMENT_3D('',#16855,#11308,#11309);
#9331=AXIS2_PLACEMENT_3D('',#16856,#11310,#11311);
#9332=AXIS2_PLACEMENT_3D('',#16859,#11313,#11314);
#9333=AXIS2_PLACEMENT_3D('',#16863,#11317,#11318);
#9334=AXIS2_PLACEMENT_3D('',#16864,#11319,#11320);
#9335=AXIS2_PLACEMENT_3D('',#16867,#11322,#11323);
#9336=AXIS2_PLACEMENT_3D('',#16871,#11326,#11327);
#9337=AXIS2_PLACEMENT_3D('',#16878,#11332,#11333);
#9338=AXIS2_PLACEMENT_3D('',#16879,#11334,#11335);
#9339=AXIS2_PLACEMENT_3D('',#16880,#11336,#11337);
#9340=AXIS2_PLACEMENT_3D('',#16881,#11338,#11339);
#9341=AXIS2_PLACEMENT_3D('',#16882,#11340,#11341);
#9342=AXIS2_PLACEMENT_3D('',#16883,#11342,#11343);
#9343=AXIS2_PLACEMENT_3D('',#16884,#11344,#11345);
#9344=AXIS2_PLACEMENT_3D('',#16885,#11346,#11347);
#9345=AXIS2_PLACEMENT_3D('',#16886,#11348,#11349);
#9346=AXIS2_PLACEMENT_3D('',#16887,#11350,#11351);
#9347=AXIS2_PLACEMENT_3D('',#16888,#11352,#11353);
#9348=AXIS2_PLACEMENT_3D('',#16890,#11355,#11356);
#9349=AXIS2_PLACEMENT_3D('',#16892,#11358,#11359);
#9350=AXIS2_PLACEMENT_3D('',#16893,#11360,#11361);
#9351=AXIS2_PLACEMENT_3D('',#16894,#11362,#11363);
#9352=AXIS2_PLACEMENT_3D('',#16895,#11364,#11365);
#9353=AXIS2_PLACEMENT_3D('',#16896,#11366,#11367);
#9354=AXIS2_PLACEMENT_3D('',#16897,#11368,#11369);
#9355=AXIS2_PLACEMENT_3D('',#16898,#11370,#11371);
#9356=AXIS2_PLACEMENT_3D('',#16899,#11372,#11373);
#9357=AXIS2_PLACEMENT_3D('',#16900,#11374,#11375);
#9358=AXIS2_PLACEMENT_3D('',#16901,#11376,#11377);
#9359=AXIS2_PLACEMENT_3D('',#16902,#11378,#11379);
#9360=AXIS2_PLACEMENT_3D('',#16903,#11380,#11381);
#9361=AXIS2_PLACEMENT_3D('',#16904,#11382,#11383);
#9362=AXIS2_PLACEMENT_3D('',#16906,#11385,#11386);
#9363=AXIS2_PLACEMENT_3D('',#16907,#11387,#11388);
#9364=AXIS2_PLACEMENT_3D('',#16908,#11389,#11390);
#9365=AXIS2_PLACEMENT_3D('',#16910,#11392,#11393);
#9366=AXIS2_PLACEMENT_3D('',#16911,#11394,#11395);
#9367=AXIS2_PLACEMENT_3D('',#16912,#11396,#11397);
#9368=AXIS2_PLACEMENT_3D('',#16914,#11399,#11400);
#9369=AXIS2_PLACEMENT_3D('',#16915,#11401,#11402);
#9370=AXIS2_PLACEMENT_3D('',#16916,#11403,#11404);
#9371=AXIS2_PLACEMENT_3D('',#16917,#11405,#11406);
#9372=AXIS2_PLACEMENT_3D('',#16918,#11407,#11408);
#9373=AXIS2_PLACEMENT_3D('',#16919,#11409,#11410);
#9374=AXIS2_PLACEMENT_3D('',#16920,#11411,#11412);
#9375=AXIS2_PLACEMENT_3D('',#16921,#11413,#11414);
#9376=AXIS2_PLACEMENT_3D('',#16922,#11415,#11416);
#9377=AXIS2_PLACEMENT_3D('',#16924,#11418,#11419);
#9378=AXIS2_PLACEMENT_3D('',#16925,#11420,#11421);
#9379=AXIS2_PLACEMENT_3D('',#16926,#11422,#11423);
#9380=AXIS2_PLACEMENT_3D('',#16927,#11424,#11425);
#9381=AXIS2_PLACEMENT_3D('',#16928,#11426,#11427);
#9382=AXIS2_PLACEMENT_3D('',#16930,#11429,#11430);
#9383=AXIS2_PLACEMENT_3D('',#16931,#11431,#11432);
#9384=AXIS2_PLACEMENT_3D('',#16932,#11433,#11434);
#9385=AXIS2_PLACEMENT_3D('',#16933,#11435,#11436);
#9386=AXIS2_PLACEMENT_3D('',#16934,#11437,#11438);
#9387=AXIS2_PLACEMENT_3D('',#16935,#11439,#11440);
#9388=AXIS2_PLACEMENT_3D('',#16936,#11441,#11442);
#9389=AXIS2_PLACEMENT_3D('',#16939,#11445,#11446);
#9390=AXIS2_PLACEMENT_3D('',#16942,#11448,#11449);
#9391=AXIS2_PLACEMENT_3D('',#16950,#11451,#11452);
#9392=AXIS2_PLACEMENT_3D('',#16951,#11453,#11454);
#9393=AXIS2_PLACEMENT_3D('',#16953,#11455,#11456);
#9394=AXIS2_PLACEMENT_3D('',#16955,#11457,#11458);
#9395=AXIS2_PLACEMENT_3D('',#16957,#11459,#11460);
#9396=AXIS2_PLACEMENT_3D('',#16959,#11461,#11462);
#9397=AXIS2_PLACEMENT_3D('',#16960,#11463,#11464);
#9398=AXIS2_PLACEMENT_3D('',#16961,#11465,#11466);
#9399=AXIS2_PLACEMENT_3D('',#16962,#11467,#11468);
#9400=AXIS2_PLACEMENT_3D('',#16963,#11469,#11470);
#9401=AXIS2_PLACEMENT_3D('',#16964,#11471,#11472);
#9402=AXIS2_PLACEMENT_3D('',#16965,#11473,#11474);
#9403=AXIS2_PLACEMENT_3D('',#16969,#11476,#11477);
#9404=AXIS2_PLACEMENT_3D('',#16973,#11479,#11480);
#9405=AXIS2_PLACEMENT_3D('',#16977,#11482,#11483);
#9406=AXIS2_PLACEMENT_3D('',#16981,#11485,#11486);
#9407=AXIS2_PLACEMENT_3D('',#16985,#11488,#11489);
#9408=AXIS2_PLACEMENT_3D('',#16989,#11491,#11492);
#9409=AXIS2_PLACEMENT_3D('',#16993,#11494,#11495);
#9410=AXIS2_PLACEMENT_3D('',#16997,#11497,#11498);
#9411=AXIS2_PLACEMENT_3D('',#17001,#11500,#11501);
#9412=AXIS2_PLACEMENT_3D('',#17005,#11503,#11504);
#9413=AXIS2_PLACEMENT_3D('',#17009,#11506,#11507);
#9414=AXIS2_PLACEMENT_3D('',#17013,#11509,#11510);
#9415=AXIS2_PLACEMENT_3D('',#17014,#11511,#11512);
#9416=AXIS2_PLACEMENT_3D('',#17015,#11513,#11514);
#9417=AXIS2_PLACEMENT_3D('',#17016,#11515,#11516);
#9418=AXIS2_PLACEMENT_3D('',#17022,#11520,#11521);
#9419=AXIS2_PLACEMENT_3D('',#17028,#11525,#11526);
#9420=AXIS2_PLACEMENT_3D('',#17034,#11530,#11531);
#9421=AXIS2_PLACEMENT_3D('',#17040,#11535,#11536);
#9422=AXIS2_PLACEMENT_3D('',#17046,#11540,#11541);
#9423=AXIS2_PLACEMENT_3D('',#17052,#11545,#11546);
#9424=AXIS2_PLACEMENT_3D('',#17058,#11550,#11551);
#9425=AXIS2_PLACEMENT_3D('',#17064,#11555,#11556);
#9426=AXIS2_PLACEMENT_3D('',#17067,#11558,#11559);
#9427=AXIS2_PLACEMENT_3D('',#17068,#11560,#11561);
#9428=AXIS2_PLACEMENT_3D('',#17073,#11564,#11565);
#9429=AXIS2_PLACEMENT_3D('',#17078,#11568,#11569);
#9430=AXIS2_PLACEMENT_3D('',#17082,#11572,#11573);
#9431=AXIS2_PLACEMENT_3D('',#17083,#11574,#11575);
#9432=AXIS2_PLACEMENT_3D('',#17084,#11576,#11577);
#9433=AXIS2_PLACEMENT_3D('',#17085,#11578,#11579);
#9434=AXIS2_PLACEMENT_3D('',#17086,#11580,#11581);
#9435=AXIS2_PLACEMENT_3D('',#17089,#11583,#11584);
#9436=AXIS2_PLACEMENT_3D('',#17090,#11585,#11586);
#9437=AXIS2_PLACEMENT_3D('',#17094,#11589,#11590);
#9438=AXIS2_PLACEMENT_3D('',#17095,#11591,#11592);
#9439=AXIS2_PLACEMENT_3D('',#17096,#11593,#11594);
#9440=AXIS2_PLACEMENT_3D('',#17097,#11595,#11596);
#9441=AXIS2_PLACEMENT_3D('',#17098,#11597,#11598);
#9442=AXIS2_PLACEMENT_3D('',#17099,#11599,#11600);
#9443=AXIS2_PLACEMENT_3D('',#17100,#11601,#11602);
#9444=AXIS2_PLACEMENT_3D('',#17101,#11603,#11604);
#9445=AXIS2_PLACEMENT_3D('',#17102,#11605,#11606);
#9446=AXIS2_PLACEMENT_3D('',#17103,#11607,#11608);
#9447=AXIS2_PLACEMENT_3D('',#17104,#11609,#11610);
#9448=AXIS2_PLACEMENT_3D('',#17107,#11612,#11613);
#9449=AXIS2_PLACEMENT_3D('',#17108,#11614,#11615);
#9450=AXIS2_PLACEMENT_3D('',#17112,#11618,#11619);
#9451=AXIS2_PLACEMENT_3D('',#17113,#11620,#11621);
#9452=AXIS2_PLACEMENT_3D('',#17114,#11622,#11623);
#9453=AXIS2_PLACEMENT_3D('',#17117,#11625,#11626);
#9454=AXIS2_PLACEMENT_3D('',#17118,#11627,#11628);
#9455=AXIS2_PLACEMENT_3D('',#17122,#11631,#11632);
#9456=AXIS2_PLACEMENT_3D('',#17123,#11633,#11634);
#9457=AXIS2_PLACEMENT_3D('',#17124,#11635,#11636);
#9458=AXIS2_PLACEMENT_3D('',#17132,#11639,#11640);
#9459=AXIS2_PLACEMENT_3D('',#17143,#11642,#11643);
#9460=AXIS2_PLACEMENT_3D('',#17144,#11644,#11645);
#9461=AXIS2_PLACEMENT_3D('',#17148,#11648,#11649);
#9462=AXIS2_PLACEMENT_3D('',#17151,#11651,#11652);
#9463=AXIS2_PLACEMENT_3D('',#17152,#11653,#11654);
#9464=AXIS2_PLACEMENT_3D('',#17156,#11657,#11658);
#9465=AXIS2_PLACEMENT_3D('',#17159,#11660,#11661);
#9466=AXIS2_PLACEMENT_3D('',#17160,#11662,#11663);
#9467=AXIS2_PLACEMENT_3D('',#17164,#11666,#11667);
#9468=AXIS2_PLACEMENT_3D('',#17167,#11669,#11670);
#9469=AXIS2_PLACEMENT_3D('',#17168,#11671,#11672);
#9470=AXIS2_PLACEMENT_3D('',#17172,#11675,#11676);
#9471=AXIS2_PLACEMENT_3D('',#17175,#11678,#11679);
#9472=AXIS2_PLACEMENT_3D('',#17176,#11680,#11681);
#9473=AXIS2_PLACEMENT_3D('',#17180,#11684,#11685);
#9474=AXIS2_PLACEMENT_3D('',#17183,#11687,#11688);
#9475=AXIS2_PLACEMENT_3D('',#17184,#11689,#11690);
#9476=AXIS2_PLACEMENT_3D('',#17188,#11693,#11694);
#9477=AXIS2_PLACEMENT_3D('',#17191,#11696,#11697);
#9478=AXIS2_PLACEMENT_3D('',#17192,#11698,#11699);
#9479=AXIS2_PLACEMENT_3D('',#17196,#11702,#11703);
#9480=AXIS2_PLACEMENT_3D('',#17199,#11705,#11706);
#9481=AXIS2_PLACEMENT_3D('',#17200,#11707,#11708);
#9482=AXIS2_PLACEMENT_3D('',#17204,#11711,#11712);
#9483=AXIS2_PLACEMENT_3D('',#17207,#11714,#11715);
#9484=AXIS2_PLACEMENT_3D('',#17208,#11716,#11717);
#9485=AXIS2_PLACEMENT_3D('',#17212,#11720,#11721);
#9486=AXIS2_PLACEMENT_3D('',#17215,#11723,#11724);
#9487=AXIS2_PLACEMENT_3D('',#17216,#11725,#11726);
#9488=AXIS2_PLACEMENT_3D('',#17220,#11729,#11730);
#9489=AXIS2_PLACEMENT_3D('',#17223,#11732,#11733);
#9490=AXIS2_PLACEMENT_3D('',#17224,#11734,#11735);
#9491=AXIS2_PLACEMENT_3D('',#17228,#11738,#11739);
#9492=AXIS2_PLACEMENT_3D('',#17231,#11741,#11742);
#9493=AXIS2_PLACEMENT_3D('',#17232,#11743,#11744);
#9494=AXIS2_PLACEMENT_3D('',#17236,#11747,#11748);
#9495=AXIS2_PLACEMENT_3D('',#17237,#11749,#11750);
#9496=AXIS2_PLACEMENT_3D('',#17238,#11751,#11752);
#9497=AXIS2_PLACEMENT_3D('',#17253,#11761,#11762);
#9498=AXIS2_PLACEMENT_3D('',#17257,#11764,#11765);
#9499=AXIS2_PLACEMENT_3D('',#17258,#11766,#11767);
#9500=AXIS2_PLACEMENT_3D('',#17259,#11768,#11769);
#9501=AXIS2_PLACEMENT_3D('',#17266,#11774,#11775);
#9502=AXIS2_PLACEMENT_3D('',#17270,#11777,#11778);
#9503=AXIS2_PLACEMENT_3D('',#17271,#11779,#11780);
#9504=AXIS2_PLACEMENT_3D('',#17275,#11782,#11783);
#9505=AXIS2_PLACEMENT_3D('',#17276,#11784,#11785);
#9506=AXIS2_PLACEMENT_3D('',#17277,#11786,#11787);
#9507=AXIS2_PLACEMENT_3D('',#17283,#11791,#11792);
#9508=AXIS2_PLACEMENT_3D('',#17287,#11794,#11795);
#9509=AXIS2_PLACEMENT_3D('',#17288,#11796,#11797);
#9510=AXIS2_PLACEMENT_3D('',#17289,#11798,#11799);
#9511=AXIS2_PLACEMENT_3D('',#17295,#11803,#11804);
#9512=AXIS2_PLACEMENT_3D('',#17299,#11806,#11807);
#9513=AXIS2_PLACEMENT_3D('',#17300,#11808,#11809);
#9514=AXIS2_PLACEMENT_3D('',#17301,#11810,#11811);
#9515=AXIS2_PLACEMENT_3D('',#17307,#11815,#11816);
#9516=AXIS2_PLACEMENT_3D('',#17311,#11818,#11819);
#9517=AXIS2_PLACEMENT_3D('',#17312,#11820,#11821);
#9518=AXIS2_PLACEMENT_3D('',#17313,#11822,#11823);
#9519=AXIS2_PLACEMENT_3D('',#17319,#11827,#11828);
#9520=AXIS2_PLACEMENT_3D('',#17323,#11830,#11831);
#9521=AXIS2_PLACEMENT_3D('',#17324,#11832,#11833);
#9522=AXIS2_PLACEMENT_3D('',#17325,#11834,#11835);
#9523=AXIS2_PLACEMENT_3D('',#17331,#11839,#11840);
#9524=AXIS2_PLACEMENT_3D('',#17335,#11842,#11843);
#9525=AXIS2_PLACEMENT_3D('',#17336,#11844,#11845);
#9526=AXIS2_PLACEMENT_3D('',#17337,#11846,#11847);
#9527=AXIS2_PLACEMENT_3D('',#17343,#11851,#11852);
#9528=AXIS2_PLACEMENT_3D('',#17347,#11854,#11855);
#9529=AXIS2_PLACEMENT_3D('',#17348,#11856,#11857);
#9530=AXIS2_PLACEMENT_3D('',#17349,#11858,#11859);
#9531=AXIS2_PLACEMENT_3D('',#17355,#11863,#11864);
#9532=AXIS2_PLACEMENT_3D('',#17359,#11866,#11867);
#9533=AXIS2_PLACEMENT_3D('',#17360,#11868,#11869);
#9534=AXIS2_PLACEMENT_3D('',#17361,#11870,#11871);
#9535=AXIS2_PLACEMENT_3D('',#17367,#11875,#11876);
#9536=AXIS2_PLACEMENT_3D('',#17371,#11878,#11879);
#9537=AXIS2_PLACEMENT_3D('',#17372,#11880,#11881);
#9538=AXIS2_PLACEMENT_3D('',#17373,#11882,#11883);
#9539=AXIS2_PLACEMENT_3D('',#17379,#11887,#11888);
#9540=AXIS2_PLACEMENT_3D('',#17383,#11890,#11891);
#9541=AXIS2_PLACEMENT_3D('',#17384,#11892,#11893);
#9542=AXIS2_PLACEMENT_3D('',#17385,#11894,#11895);
#9543=AXIS2_PLACEMENT_3D('',#17391,#11899,#11900);
#9544=AXIS2_PLACEMENT_3D('',#17395,#11902,#11903);
#9545=AXIS2_PLACEMENT_3D('',#17396,#11904,#11905);
#9546=AXIS2_PLACEMENT_3D('',#17397,#11906,#11907);
#9547=AXIS2_PLACEMENT_3D('',#17403,#11911,#11912);
#9548=AXIS2_PLACEMENT_3D('',#17404,#11913,#11914);
#9549=AXIS2_PLACEMENT_3D('',#17405,#11915,#11916);
#9550=AXIS2_PLACEMENT_3D('',#17406,#11917,#11918);
#9551=AXIS2_PLACEMENT_3D('',#17407,#11919,#11920);
#9552=AXIS2_PLACEMENT_3D('',#17425,#11923,#11924);
#9553=AXIS2_PLACEMENT_3D('',#17428,#11927,#11928);
#9554=AXIS2_PLACEMENT_3D('',#17446,#11931,#11932);
#9555=AXIS2_PLACEMENT_3D('',#17449,#11935,#11936);
#9556=AXIS2_PLACEMENT_3D('',#17458,#11941,#11942);
#9557=AXIS2_PLACEMENT_3D('',#17459,#11943,#11944);
#9558=AXIS2_PLACEMENT_3D('',#17461,#11945,#11946);
#9559=AXIS2_PLACEMENT_3D('',#17463,#11947,#11948);
#9560=AXIS2_PLACEMENT_3D('',#17464,#11949,#11950);
#9561=AXIS2_PLACEMENT_3D('',#17466,#11951,#11952);
#9562=AXIS2_PLACEMENT_3D('',#17467,#11953,#11954);
#9563=AXIS2_PLACEMENT_3D('',#17468,#11955,#11956);
#9564=AXIS2_PLACEMENT_3D('',#17469,#11957,#11958);
#9565=AXIS2_PLACEMENT_3D('',#17471,#11959,#11960);
#9566=AXIS2_PLACEMENT_3D('',#17473,#11961,#11962);
#9567=AXIS2_PLACEMENT_3D('',#17474,#11963,#11964);
#9568=AXIS2_PLACEMENT_3D('',#17476,#11965,#11966);
#9569=AXIS2_PLACEMENT_3D('',#17477,#11967,#11968);
#9570=AXIS2_PLACEMENT_3D('',#17478,#11969,#11970);
#9571=AXIS2_PLACEMENT_3D('',#17479,#11971,#11972);
#9572=AXIS2_PLACEMENT_3D('',#17481,#11973,#11974);
#9573=AXIS2_PLACEMENT_3D('',#17483,#11975,#11976);
#9574=AXIS2_PLACEMENT_3D('',#17484,#11977,#11978);
#9575=AXIS2_PLACEMENT_3D('',#17486,#11979,#11980);
#9576=AXIS2_PLACEMENT_3D('',#17487,#11981,#11982);
#9577=AXIS2_PLACEMENT_3D('',#17488,#11983,#11984);
#9578=AXIS2_PLACEMENT_3D('',#17489,#11985,#11986);
#9579=AXIS2_PLACEMENT_3D('',#17491,#11987,#11988);
#9580=AXIS2_PLACEMENT_3D('',#17493,#11989,#11990);
#9581=AXIS2_PLACEMENT_3D('',#17494,#11991,#11992);
#9582=AXIS2_PLACEMENT_3D('',#17496,#11993,#11994);
#9583=AXIS2_PLACEMENT_3D('',#17497,#11995,#11996);
#9584=AXIS2_PLACEMENT_3D('',#17498,#11997,#11998);
#9585=AXIS2_PLACEMENT_3D('',#17513,#11999,#12000);
#9586=AXIS2_PLACEMENT_3D('',#17514,#12001,#12002);
#9587=AXIS2_PLACEMENT_3D('',#17529,#12003,#12004);
#9588=AXIS2_PLACEMENT_3D('',#17530,#12005,#12006);
#9589=AXIS2_PLACEMENT_3D('',#17531,#12007,#12008);
#9590=AXIS2_PLACEMENT_3D('',#17532,#12009,#12010);
#9591=AXIS2_PLACEMENT_3D('',#17533,#12011,#12012);
#9592=AXIS2_PLACEMENT_3D('',#17534,#12013,#12014);
#9593=AXIS2_PLACEMENT_3D('',#17535,#12015,#12016);
#9594=AXIS2_PLACEMENT_3D('',#17536,#12017,#12018);
#9595=AXIS2_PLACEMENT_3D('',#17537,#12019,#12020);
#9596=AXIS2_PLACEMENT_3D('',#17538,#12021,#12022);
#9597=AXIS2_PLACEMENT_3D('',#17539,#12023,#12024);
#9598=AXIS2_PLACEMENT_3D('',#17540,#12025,#12026);
#9599=AXIS2_PLACEMENT_3D('',#17541,#12027,#12028);
#9600=AXIS2_PLACEMENT_3D('',#17542,#12029,#12030);
#9601=AXIS2_PLACEMENT_3D('',#17543,#12031,#12032);
#9602=AXIS2_PLACEMENT_3D('',#17544,#12033,#12034);
#9603=AXIS2_PLACEMENT_3D('',#17545,#12035,#12036);
#9604=AXIS2_PLACEMENT_3D('',#17546,#12037,#12038);
#9605=AXIS2_PLACEMENT_3D('',#17547,#12039,#12040);
#9606=AXIS2_PLACEMENT_3D('',#17548,#12041,#12042);
#9607=AXIS2_PLACEMENT_3D('',#17549,#12043,#12044);
#9608=AXIS2_PLACEMENT_3D('',#17550,#12045,#12046);
#9609=AXIS2_PLACEMENT_3D('',#17551,#12047,#12048);
#9610=AXIS2_PLACEMENT_3D('',#17552,#12049,#12050);
#9611=AXIS2_PLACEMENT_3D('',#17553,#12051,#12052);
#9612=AXIS2_PLACEMENT_3D('',#17554,#12053,#12054);
#9613=AXIS2_PLACEMENT_3D('',#17555,#12055,#12056);
#9614=AXIS2_PLACEMENT_3D('',#17556,#12057,#12058);
#9615=AXIS2_PLACEMENT_3D('',#17557,#12059,#12060);
#9616=AXIS2_PLACEMENT_3D('',#17558,#12061,#12062);
#9617=AXIS2_PLACEMENT_3D('',#17559,#12063,#12064);
#9618=AXIS2_PLACEMENT_3D('',#17560,#12065,#12066);
#9619=AXIS2_PLACEMENT_3D('',#17561,#12067,#12068);
#9620=AXIS2_PLACEMENT_3D('',#17562,#12069,#12070);
#9621=AXIS2_PLACEMENT_3D('',#17563,#12071,#12072);
#9622=AXIS2_PLACEMENT_3D('',#17564,#12073,#12074);
#9623=AXIS2_PLACEMENT_3D('',#17565,#12075,#12076);
#9624=AXIS2_PLACEMENT_3D('',#17566,#12077,#12078);
#9625=AXIS2_PLACEMENT_3D('',#17571,#12079,#12080);
#9626=AXIS2_PLACEMENT_3D('',#17572,#12081,#12082);
#9627=AXIS2_PLACEMENT_3D('',#17573,#12083,#12084);
#9628=AXIS2_PLACEMENT_3D('',#17574,#12085,#12086);
#9629=AXIS2_PLACEMENT_3D('',#17575,#12087,#12088);
#9630=AXIS2_PLACEMENT_3D('',#17576,#12089,#12090);
#9631=AXIS2_PLACEMENT_3D('',#17577,#12091,#12092);
#9632=AXIS2_PLACEMENT_3D('',#17578,#12093,#12094);
#9633=AXIS2_PLACEMENT_3D('',#17579,#12095,#12096);
#9634=AXIS2_PLACEMENT_3D('',#17580,#12097,#12098);
#9635=AXIS2_PLACEMENT_3D('',#17581,#12099,#12100);
#9636=AXIS2_PLACEMENT_3D('',#17582,#12101,#12102);
#9637=AXIS2_PLACEMENT_3D('',#17583,#12103,#12104);
#9638=AXIS2_PLACEMENT_3D('',#17584,#12105,#12106);
#9639=AXIS2_PLACEMENT_3D('',#17585,#12107,#12108);
#9640=AXIS2_PLACEMENT_3D('',#17590,#12109,#12110);
#9641=AXIS2_PLACEMENT_3D('',#17591,#12111,#12112);
#9642=AXIS2_PLACEMENT_3D('',#17592,#12113,#12114);
#9643=AXIS2_PLACEMENT_3D('',#17593,#12115,#12116);
#9644=AXIS2_PLACEMENT_3D('',#17594,#12117,#12118);
#9645=AXIS2_PLACEMENT_3D('',#17595,#12119,#12120);
#9646=AXIS2_PLACEMENT_3D('',#17596,#12121,#12122);
#9647=AXIS2_PLACEMENT_3D('',#17597,#12123,#12124);
#9648=AXIS2_PLACEMENT_3D('',#17598,#12125,#12126);
#9649=AXIS2_PLACEMENT_3D('',#17599,#12127,#12128);
#9650=AXIS2_PLACEMENT_3D('',#17600,#12129,#12130);
#9651=AXIS2_PLACEMENT_3D('',#17601,#12131,#12132);
#9652=AXIS2_PLACEMENT_3D('',#17602,#12133,#12134);
#9653=AXIS2_PLACEMENT_3D('',#17603,#12135,#12136);
#9654=AXIS2_PLACEMENT_3D('',#17604,#12137,#12138);
#9655=AXIS2_PLACEMENT_3D('',#17605,#12139,#12140);
#9656=AXIS2_PLACEMENT_3D('',#17606,#12141,#12142);
#9657=AXIS2_PLACEMENT_3D('',#17607,#12143,#12144);
#9658=AXIS2_PLACEMENT_3D('',#17608,#12145,#12146);
#9659=AXIS2_PLACEMENT_3D('',#17609,#12147,#12148);
#9660=AXIS2_PLACEMENT_3D('',#17610,#12149,#12150);
#9661=AXIS2_PLACEMENT_3D('',#17611,#12151,#12152);
#9662=AXIS2_PLACEMENT_3D('',#17612,#12153,#12154);
#9663=AXIS2_PLACEMENT_3D('',#17613,#12155,#12156);
#9664=AXIS2_PLACEMENT_3D('',#17614,#12157,#12158);
#9665=AXIS2_PLACEMENT_3D('',#17615,#12159,#12160);
#9666=AXIS2_PLACEMENT_3D('',#17616,#12161,#12162);
#9667=AXIS2_PLACEMENT_3D('',#17617,#12163,#12164);
#9668=AXIS2_PLACEMENT_3D('',#17618,#12165,#12166);
#9669=AXIS2_PLACEMENT_3D('',#17619,#12167,#12168);
#9670=AXIS2_PLACEMENT_3D('',#17620,#12169,#12170);
#9671=AXIS2_PLACEMENT_3D('',#17621,#12171,#12172);
#9672=AXIS2_PLACEMENT_3D('',#17622,#12173,#12174);
#9673=AXIS2_PLACEMENT_3D('',#17623,#12175,#12176);
#9674=AXIS2_PLACEMENT_3D('',#17624,#12177,#12178);
#9675=AXIS2_PLACEMENT_3D('',#17625,#12179,#12180);
#9676=AXIS2_PLACEMENT_3D('',#17626,#12181,#12182);
#9677=AXIS2_PLACEMENT_3D('',#17627,#12183,#12184);
#9678=AXIS2_PLACEMENT_3D('',#17628,#12185,#12186);
#9679=AXIS2_PLACEMENT_3D('',#17629,#12187,#12188);
#9680=AXIS2_PLACEMENT_3D('',#17630,#12189,#12190);
#9681=AXIS2_PLACEMENT_3D('',#17631,#12191,#12192);
#9682=AXIS2_PLACEMENT_3D('',#17632,#12193,#12194);
#9683=AXIS2_PLACEMENT_3D('',#17633,#12195,#12196);
#9684=AXIS2_PLACEMENT_3D('',#17634,#12197,#12198);
#9685=AXIS2_PLACEMENT_3D('',#17635,#12199,#12200);
#9686=AXIS2_PLACEMENT_3D('',#17636,#12201,#12202);
#9687=AXIS2_PLACEMENT_3D('',#17641,#12203,#12204);
#9688=AXIS2_PLACEMENT_3D('',#17646,#12205,#12206);
#9689=AXIS2_PLACEMENT_3D('',#17647,#12207,#12208);
#9690=AXIS2_PLACEMENT_3D('',#17648,#12209,#12210);
#9691=AXIS2_PLACEMENT_3D('',#17649,#12211,#12212);
#9692=AXIS2_PLACEMENT_3D('',#17650,#12213,#12214);
#9693=AXIS2_PLACEMENT_3D('',#17651,#12215,#12216);
#9694=AXIS2_PLACEMENT_3D('',#17652,#12217,#12218);
#9695=AXIS2_PLACEMENT_3D('',#17653,#12219,#12220);
#9696=AXIS2_PLACEMENT_3D('',#17654,#12221,#12222);
#9697=AXIS2_PLACEMENT_3D('',#17655,#12223,#12224);
#9698=AXIS2_PLACEMENT_3D('',#17656,#12225,#12226);
#9699=AXIS2_PLACEMENT_3D('',#17657,#12227,#12228);
#9700=AXIS2_PLACEMENT_3D('',#17658,#12229,#12230);
#9701=AXIS2_PLACEMENT_3D('',#17659,#12231,#12232);
#9702=AXIS2_PLACEMENT_3D('',#17660,#12233,#12234);
#9703=AXIS2_PLACEMENT_3D('',#17661,#12235,#12236);
#9704=AXIS2_PLACEMENT_3D('',#17662,#12237,#12238);
#9705=AXIS2_PLACEMENT_3D('',#17663,#12239,#12240);
#9706=AXIS2_PLACEMENT_3D('',#17664,#12241,#12242);
#9707=AXIS2_PLACEMENT_3D('',#17665,#12243,#12244);
#9708=AXIS2_PLACEMENT_3D('',#17666,#12245,#12246);
#9709=AXIS2_PLACEMENT_3D('',#17671,#12247,#12248);
#9710=AXIS2_PLACEMENT_3D('',#17672,#12249,#12250);
#9711=AXIS2_PLACEMENT_3D('',#17673,#12251,#12252);
#9712=AXIS2_PLACEMENT_3D('',#17674,#12253,#12254);
#9713=AXIS2_PLACEMENT_3D('',#17675,#12255,#12256);
#9714=AXIS2_PLACEMENT_3D('',#17676,#12257,#12258);
#9715=AXIS2_PLACEMENT_3D('',#17677,#12259,#12260);
#9716=AXIS2_PLACEMENT_3D('',#17678,#12261,#12262);
#9717=AXIS2_PLACEMENT_3D('',#17679,#12263,#12264);
#9718=AXIS2_PLACEMENT_3D('',#17680,#12265,#12266);
#9719=AXIS2_PLACEMENT_3D('',#17681,#12267,#12268);
#9720=AXIS2_PLACEMENT_3D('',#17697,#12269,#12270);
#9721=AXIS2_PLACEMENT_3D('',#17698,#12271,#12272);
#9722=AXIS2_PLACEMENT_3D('',#17699,#12273,#12274);
#9723=AXIS2_PLACEMENT_3D('',#17700,#12275,#12276);
#9724=AXIS2_PLACEMENT_3D('',#17701,#12277,#12278);
#9725=AXIS2_PLACEMENT_3D('',#17702,#12279,#12280);
#9726=AXIS2_PLACEMENT_3D('',#17718,#12281,#12282);
#9727=AXIS2_PLACEMENT_3D('',#17734,#12283,#12284);
#9728=AXIS2_PLACEMENT_3D('',#17735,#12285,#12286);
#9729=AXIS2_PLACEMENT_3D('',#17736,#12287,#12288);
#9730=AXIS2_PLACEMENT_3D('',#17737,#12289,#12290);
#9731=AXIS2_PLACEMENT_3D('',#17738,#12291,#12292);
#9732=AXIS2_PLACEMENT_3D('',#17754,#12293,#12294);
#9733=AXIS2_PLACEMENT_3D('',#17755,#12295,#12296);
#9734=AXIS2_PLACEMENT_3D('',#17756,#12297,#12298);
#9735=AXIS2_PLACEMENT_3D('',#17757,#12299,#12300);
#9736=AXIS2_PLACEMENT_3D('',#17758,#12301,#12302);
#9737=AXIS2_PLACEMENT_3D('',#17759,#12303,#12304);
#9738=AXIS2_PLACEMENT_3D('',#17760,#12305,#12306);
#9739=AXIS2_PLACEMENT_3D('',#17785,#12307,#12308);
#9740=AXIS2_PLACEMENT_3D('',#18010,#12309,#12310);
#9741=AXIS2_PLACEMENT_3D('',#18011,#12311,#12312);
#9742=AXIS2_PLACEMENT_3D('',#18012,#12313,#12314);
#9743=AXIS2_PLACEMENT_3D('',#18013,#12315,#12316);
#9744=AXIS2_PLACEMENT_3D('',#18014,#12317,#12318);
#9745=AXIS2_PLACEMENT_3D('',#18015,#12319,#12320);
#9746=DIRECTION('',(0.,0.,1.));
#9747=DIRECTION('',(1.,0.,0.));
#9748=DIRECTION('',(-1.,0.,0.));
#9749=DIRECTION('',(0.,0.,1.));
#9750=DIRECTION('',(1.,0.,0.));
#9751=DIRECTION('',(-1.,0.,0.));
#9752=DIRECTION('',(0.,0.,1.));
#9753=DIRECTION('',(1.,0.,0.));
#9754=DIRECTION('',(-1.,-2.89120579329468E-16,0.));
#9755=DIRECTION('',(2.89120579329468E-16,-1.,0.));
#9756=DIRECTION('',(1.,2.89120579329468E-16,0.));
#9757=DIRECTION('',(-1.,0.,0.));
#9758=DIRECTION('',(0.,0.,1.));
#9759=DIRECTION('',(1.,2.89120579329468E-16,0.));
#9760=DIRECTION('',(-0.242535625036332,-0.970142500145332,0.));
#9761=DIRECTION('',(0.970142500145332,-0.242535625036332,0.));
#9762=DIRECTION('',(-0.970142500145331,-0.242535625036333,0.));
#9763=DIRECTION('',(0.242535625036333,-0.970142500145332,0.));
#9764=DIRECTION('',(-0.970142500145331,0.242535625036333,0.));
#9765=DIRECTION('',(-0.242535625036333,-0.970142500145332,0.));
#9766=DIRECTION('',(-0.242535625036332,0.970142500145332,0.));
#9767=DIRECTION('',(-0.970142500145332,-0.242535625036332,0.));
#9768=DIRECTION('',(-0.970142500145332,0.242535625036331,0.));
#9769=DIRECTION('',(-0.242535625036331,-0.970142500145332,0.));
#9770=DIRECTION('',(-0.242535625036334,0.970142500145331,0.));
#9771=DIRECTION('',(-0.970142500145332,-0.242535625036334,0.));
#9772=DIRECTION('',(-0.242535625036333,-0.970142500145332,0.));
#9773=DIRECTION('',(0.970142500145332,-0.242535625036333,0.));
#9774=DIRECTION('',(-0.970142500145332,-0.242535625036332,0.));
#9775=DIRECTION('',(0.242535625036332,-0.970142500145332,0.));
#9776=DIRECTION('',(0.970142500145332,-0.242535625036333,0.));
#9777=DIRECTION('',(0.242535625036333,0.970142500145332,0.));
#9778=DIRECTION('',(0.242535625036331,-0.970142500145332,0.));
#9779=DIRECTION('',(0.970142500145332,0.242535625036331,0.));
#9780=DIRECTION('',(0.242535625036332,0.970142500145332,0.));
#9781=DIRECTION('',(-0.970142500145332,0.242535625036332,0.));
#9782=DIRECTION('',(0.970142500145332,0.242535625036332,0.));
#9783=DIRECTION('',(-0.242535625036332,0.970142500145332,0.));
#9784=DIRECTION('',(0.,-0.242535625036333,-0.970142500145332));
#9785=DIRECTION('',(0.,0.970142500145332,-0.242535625036333));
#9786=DIRECTION('',(0.,-0.970142500145332,-0.242535625036332));
#9787=DIRECTION('',(0.,0.242535625036332,-0.970142500145332));
#9788=DIRECTION('',(0.,0.970142500145332,-0.242535625036332));
#9789=DIRECTION('',(0.,-0.242535625036332,-0.970142500145332));
#9790=DIRECTION('',(0.,0.242535625036333,-0.970142500145332));
#9791=DIRECTION('',(0.,-0.970142500145332,-0.242535625036333));
#9792=DIRECTION('',(0.,0.,1.));
#9793=DIRECTION('',(1.,0.,0.));
#9794=DIRECTION('',(-1.,0.,0.));
#9795=DIRECTION('',(0.,1.,0.));
#9796=DIRECTION('',(1.,0.,0.));
#9797=DIRECTION('',(0.,-1.,0.));
#9798=DIRECTION('',(1.,0.,0.));
#9799=DIRECTION('',(0.,0.,1.));
#9800=DIRECTION('',(1.,0.,0.));
#9801=DIRECTION('',(0.,-1.,0.));
#9802=DIRECTION('',(0.,0.,1.));
#9803=DIRECTION('',(1.,0.,0.));
#9804=DIRECTION('',(-1.,0.,0.));
#9805=DIRECTION('',(0.,0.,1.));
#9806=DIRECTION('',(1.,0.,0.));
#9807=DIRECTION('',(0.,1.,0.));
#9808=DIRECTION('',(0.,0.,1.));
#9809=DIRECTION('',(1.,0.,0.));
#9810=DIRECTION('',(1.,0.,0.));
#9811=DIRECTION('',(0.,0.,1.));
#9812=DIRECTION('',(1.,0.,0.));
#9813=DIRECTION('',(0.,-1.,0.));
#9814=DIRECTION('',(0.,0.,1.));
#9815=DIRECTION('',(1.,0.,0.));
#9816=DIRECTION('',(-1.,0.,0.));
#9817=DIRECTION('',(0.,0.,1.));
#9818=DIRECTION('',(1.,0.,0.));
#9819=DIRECTION('',(0.,1.,0.));
#9820=DIRECTION('',(0.,0.,1.));
#9821=DIRECTION('',(1.,0.,0.));
#9822=DIRECTION('',(-0.866025402838329,0.50000000163871,0.));
#9823=DIRECTION('',(0.,0.,1.));
#9824=DIRECTION('',(1.,0.,0.));
#9825=DIRECTION('',(0.500000004969577,0.866025400915252,0.));
#9826=DIRECTION('',(0.,0.,1.));
#9827=DIRECTION('',(1.,0.,0.));
#9828=DIRECTION('',(0.866025402838329,-0.50000000163871,0.));
#9829=DIRECTION('',(0.,0.,1.));
#9830=DIRECTION('',(1.,0.,0.));
#9831=DIRECTION('',(-0.500000004969577,-0.866025400915252,0.));
#9832=DIRECTION('',(0.,0.,1.));
#9833=DIRECTION('',(1.,0.,0.));
#9834=DIRECTION('',(1.,0.,0.));
#9835=DIRECTION('',(0.,0.,1.));
#9836=DIRECTION('',(1.,0.,0.));
#9837=DIRECTION('',(0.,-1.,0.));
#9838=DIRECTION('',(0.,0.,1.));
#9839=DIRECTION('',(1.,0.,0.));
#9840=DIRECTION('',(-1.,0.,0.));
#9841=DIRECTION('',(0.,0.,1.));
#9842=DIRECTION('',(1.,0.,0.));
#9843=DIRECTION('',(0.,1.,0.));
#9844=DIRECTION('',(0.,0.,1.));
#9845=DIRECTION('',(1.,0.,0.));
#9846=DIRECTION('',(0.,-1.,0.));
#9847=DIRECTION('',(0.,0.,1.));
#9848=DIRECTION('',(1.,0.,0.));
#9849=DIRECTION('',(-1.,0.,0.));
#9850=DIRECTION('',(0.,0.,1.));
#9851=DIRECTION('',(1.,0.,0.));
#9852=DIRECTION('',(0.,1.,0.));
#9853=DIRECTION('',(0.,0.,1.));
#9854=DIRECTION('',(1.,0.,0.));
#9855=DIRECTION('',(1.,0.,0.));
#9856=DIRECTION('',(0.,0.,1.));
#9857=DIRECTION('',(1.,0.,0.));
#9858=DIRECTION('',(0.,0.,1.));
#9859=DIRECTION('',(1.,0.,0.));
#9860=DIRECTION('',(-1.,0.,0.));
#9861=DIRECTION('',(0.,0.,1.));
#9862=DIRECTION('',(1.,0.,0.));
#9863=DIRECTION('',(0.,1.,0.));
#9864=DIRECTION('',(0.,0.,1.));
#9865=DIRECTION('',(1.,0.,0.));
#9866=DIRECTION('',(1.,0.,0.));
#9867=DIRECTION('',(0.,0.,1.));
#9868=DIRECTION('',(1.,0.,0.));
#9869=DIRECTION('',(0.,-1.,0.));
#9870=DIRECTION('',(0.,0.,1.));
#9871=DIRECTION('',(1.,0.,0.));
#9872=DIRECTION('',(1.,0.,0.));
#9873=DIRECTION('',(0.,0.,1.));
#9874=DIRECTION('',(1.,0.,0.));
#9875=DIRECTION('',(0.,-1.,0.));
#9876=DIRECTION('',(0.,0.,1.));
#9877=DIRECTION('',(1.,0.,0.));
#9878=DIRECTION('',(-1.,0.,0.));
#9879=DIRECTION('',(0.,0.,1.));
#9880=DIRECTION('',(1.,0.,0.));
#9881=DIRECTION('',(0.,1.,0.));
#9882=DIRECTION('',(1.,0.,0.));
#9883=DIRECTION('',(0.,0.,1.));
#9884=DIRECTION('',(1.,0.,0.));
#9885=DIRECTION('',(0.,-1.,0.));
#9886=DIRECTION('',(0.,0.,1.));
#9887=DIRECTION('',(1.,0.,0.));
#9888=DIRECTION('',(-1.,0.,0.));
#9889=DIRECTION('',(0.,0.,1.));
#9890=DIRECTION('',(1.,0.,0.));
#9891=DIRECTION('',(0.,1.,0.));
#9892=DIRECTION('',(0.,0.,1.));
#9893=DIRECTION('',(1.,0.,0.));
#9894=DIRECTION('',(-1.,0.,0.));
#9895=DIRECTION('',(0.,0.,1.));
#9896=DIRECTION('',(1.,0.,0.));
#9897=DIRECTION('',(0.,1.,0.));
#9898=DIRECTION('',(0.,0.,1.));
#9899=DIRECTION('',(1.,0.,0.));
#9900=DIRECTION('',(1.,0.,0.));
#9901=DIRECTION('',(0.,0.,1.));
#9902=DIRECTION('',(1.,0.,0.));
#9903=DIRECTION('',(0.,-1.,0.));
#9904=DIRECTION('',(0.,0.,1.));
#9905=DIRECTION('',(1.,0.,0.));
#9906=DIRECTION('',(-1.,0.,0.));
#9907=DIRECTION('',(0.,0.,1.));
#9908=DIRECTION('',(1.,0.,0.));
#9909=DIRECTION('',(0.,1.,0.));
#9910=DIRECTION('',(0.,0.,1.));
#9911=DIRECTION('',(1.,0.,0.));
#9912=DIRECTION('',(1.,0.,0.));
#9913=DIRECTION('',(0.,0.,1.));
#9914=DIRECTION('',(1.,0.,0.));
#9915=DIRECTION('',(0.,-1.,0.));
#9916=DIRECTION('',(0.,0.,1.));
#9917=DIRECTION('',(1.,0.,0.));
#9918=DIRECTION('',(0.,-1.,0.));
#9919=DIRECTION('',(0.,0.,1.));
#9920=DIRECTION('',(1.,0.,0.));
#9921=DIRECTION('',(-1.,0.,0.));
#9922=DIRECTION('',(0.,0.,1.));
#9923=DIRECTION('',(1.,0.,0.));
#9924=DIRECTION('',(0.,1.,0.));
#9925=DIRECTION('',(0.,0.,1.));
#9926=DIRECTION('',(1.,0.,0.));
#9927=DIRECTION('',(1.,0.,0.));
#9928=DIRECTION('',(0.,0.,1.));
#9929=DIRECTION('',(1.,0.,0.));
#9930=DIRECTION('',(0.,1.,0.));
#9931=DIRECTION('',(0.,0.,1.));
#9932=DIRECTION('',(1.,0.,0.));
#9933=DIRECTION('',(1.,0.,0.));
#9934=DIRECTION('',(0.,0.,1.));
#9935=DIRECTION('',(1.,0.,0.));
#9936=DIRECTION('',(0.,-1.,0.));
#9937=DIRECTION('',(0.,0.,1.));
#9938=DIRECTION('',(1.,0.,0.));
#9939=DIRECTION('',(-1.,0.,0.));
#9940=DIRECTION('',(0.,0.,1.));
#9941=DIRECTION('',(1.,0.,0.));
#9942=DIRECTION('',(-1.,0.,0.));
#9943=DIRECTION('',(0.,0.,1.));
#9944=DIRECTION('',(1.,0.,0.));
#9945=DIRECTION('',(0.,1.,0.));
#9946=DIRECTION('',(0.,0.,1.));
#9947=DIRECTION('',(1.,0.,0.));
#9948=DIRECTION('',(1.,0.,0.));
#9949=DIRECTION('',(0.,0.,1.));
#9950=DIRECTION('',(1.,0.,0.));
#9951=DIRECTION('',(0.,-1.,0.));
#9952=DIRECTION('',(0.,0.,1.));
#9953=DIRECTION('',(1.,0.,0.));
#9954=DIRECTION('',(0.,0.,1.));
#9955=DIRECTION('',(1.,0.,0.));
#9956=DIRECTION('',(0.,1.,0.));
#9957=DIRECTION('',(0.,0.,1.));
#9958=DIRECTION('',(1.,0.,0.));
#9959=DIRECTION('',(1.,0.,0.));
#9960=DIRECTION('',(0.,0.,1.));
#9961=DIRECTION('',(1.,0.,0.));
#9962=DIRECTION('',(0.,-1.,0.));
#9963=DIRECTION('',(0.,0.,1.));
#9964=DIRECTION('',(1.,0.,0.));
#9965=DIRECTION('',(-1.,0.,0.));
#9966=DIRECTION('',(0.,-1.,0.));
#9967=DIRECTION('',(0.,0.,1.));
#9968=DIRECTION('',(1.,0.,0.));
#9969=DIRECTION('',(-1.,0.,0.));
#9970=DIRECTION('',(0.,0.,1.));
#9971=DIRECTION('',(1.,0.,0.));
#9972=DIRECTION('',(0.,1.,0.));
#9973=DIRECTION('',(0.,0.,1.));
#9974=DIRECTION('',(1.,0.,0.));
#9975=DIRECTION('',(1.,0.,0.));
#9976=DIRECTION('',(0.,0.,1.));
#9977=DIRECTION('',(1.,0.,0.));
#9978=DIRECTION('',(0.,0.,1.));
#9979=DIRECTION('',(1.,0.,0.));
#9980=DIRECTION('',(0.,1.,0.));
#9981=DIRECTION('',(0.,0.,1.));
#9982=DIRECTION('',(1.,0.,0.));
#9983=DIRECTION('',(1.,0.,0.));
#9984=DIRECTION('',(0.,0.,1.));
#9985=DIRECTION('',(1.,0.,0.));
#9986=DIRECTION('',(0.,-1.,0.));
#9987=DIRECTION('',(0.,0.,1.));
#9988=DIRECTION('',(1.,0.,0.));
#9989=DIRECTION('',(-1.,0.,0.));
#9990=DIRECTION('',(-1.,0.,0.));
#9991=DIRECTION('',(0.,0.,1.));
#9992=DIRECTION('',(1.,0.,0.));
#9993=DIRECTION('',(0.,1.,0.));
#9994=DIRECTION('',(0.,0.,1.));
#9995=DIRECTION('',(1.,0.,0.));
#9996=DIRECTION('',(1.,0.,0.));
#9997=DIRECTION('',(0.,0.,1.));
#9998=DIRECTION('',(1.,0.,0.));
#9999=DIRECTION('',(0.,-1.,0.));
#10000=DIRECTION('',(0.,0.,1.));
#10001=DIRECTION('',(1.,0.,0.));
#10002=DIRECTION('',(0.,0.,1.));
#10003=DIRECTION('',(1.,0.,0.));
#10004=DIRECTION('',(-1.,0.,0.));
#10005=DIRECTION('',(0.,0.,1.));
#10006=DIRECTION('',(1.,0.,0.));
#10007=DIRECTION('',(0.,1.,0.));
#10008=DIRECTION('',(0.,0.,1.));
#10009=DIRECTION('',(1.,0.,0.));
#10010=DIRECTION('',(1.,0.,0.));
#10011=DIRECTION('',(0.,0.,1.));
#10012=DIRECTION('',(1.,0.,0.));
#10013=DIRECTION('',(0.,-1.,0.));
#10014=DIRECTION('',(1.,0.,0.));
#10015=DIRECTION('',(0.,0.,1.));
#10016=DIRECTION('',(1.,0.,0.));
#10017=DIRECTION('',(0.,-1.,0.));
#10018=DIRECTION('',(0.,0.,1.));
#10019=DIRECTION('',(1.,0.,0.));
#10020=DIRECTION('',(-1.,0.,0.));
#10021=DIRECTION('',(0.,0.,1.));
#10022=DIRECTION('',(1.,0.,0.));
#10023=DIRECTION('',(0.,1.,0.));
#10024=DIRECTION('',(0.,0.,1.));
#10025=DIRECTION('',(1.,0.,0.));
#10026=DIRECTION('',(0.,1.,0.));
#10027=DIRECTION('',(0.,0.,1.));
#10028=DIRECTION('',(1.,0.,0.));
#10029=DIRECTION('',(1.,0.,0.));
#10030=DIRECTION('',(0.,0.,1.));
#10031=DIRECTION('',(1.,0.,0.));
#10032=DIRECTION('',(0.,-1.,0.));
#10033=DIRECTION('',(0.,0.,1.));
#10034=DIRECTION('',(1.,0.,0.));
#10035=DIRECTION('',(-1.,0.,0.));
#10036=DIRECTION('',(0.,0.,1.));
#10037=DIRECTION('',(1.,0.,0.));
#10038=DIRECTION('',(1.,0.,0.));
#10039=DIRECTION('',(0.,0.,1.));
#10040=DIRECTION('',(1.,0.,0.));
#10041=DIRECTION('',(0.,-1.,0.));
#10042=DIRECTION('',(0.,0.,1.));
#10043=DIRECTION('',(1.,0.,0.));
#10044=DIRECTION('',(-1.,0.,0.));
#10045=DIRECTION('',(0.,0.,1.));
#10046=DIRECTION('',(1.,0.,0.));
#10047=DIRECTION('',(0.,1.,0.));
#10048=DIRECTION('',(0.,0.,1.));
#10049=DIRECTION('',(1.,0.,0.));
#10050=DIRECTION('',(-1.,0.,0.));
#10051=DIRECTION('',(0.,0.,1.));
#10052=DIRECTION('',(1.,0.,0.));
#10053=DIRECTION('',(0.,1.,0.));
#10054=DIRECTION('',(0.,0.,1.));
#10055=DIRECTION('',(1.,0.,0.));
#10056=DIRECTION('',(1.,0.,0.));
#10057=DIRECTION('',(0.,0.,1.));
#10058=DIRECTION('',(1.,0.,0.));
#10059=DIRECTION('',(0.,-1.,0.));
#10060=DIRECTION('',(0.,0.,1.));
#10061=DIRECTION('',(1.,0.,0.));
#10062=DIRECTION('',(0.,0.,1.));
#10063=DIRECTION('',(1.,0.,0.));
#10064=DIRECTION('',(0.965925826326351,-0.258819044963381,0.));
#10065=DIRECTION('',(0.,0.,1.));
#10066=DIRECTION('',(1.,0.,0.));
#10067=DIRECTION('',(-0.25881903778636,-0.965925828249428,0.));
#10068=DIRECTION('',(0.,0.,1.));
#10069=DIRECTION('',(1.,0.,0.));
#10070=DIRECTION('',(-0.965925826326351,0.25881904496338,0.));
#10071=DIRECTION('',(0.,0.,1.));
#10072=DIRECTION('',(1.,0.,0.));
#10073=DIRECTION('',(0.25881904496338,0.965925826326351,0.));
#10074=DIRECTION('',(0.,1.,0.));
#10075=DIRECTION('',(0.,0.,1.));
#10076=DIRECTION('',(1.,0.,0.));
#10077=DIRECTION('',(1.,0.,0.));
#10078=DIRECTION('',(0.,0.,1.));
#10079=DIRECTION('',(1.,0.,0.));
#10080=DIRECTION('',(0.,-1.,0.));
#10081=DIRECTION('',(0.,0.,1.));
#10082=DIRECTION('',(1.,0.,0.));
#10083=DIRECTION('',(-1.,0.,0.));
#10084=DIRECTION('',(0.,0.,1.));
#10085=DIRECTION('',(1.,0.,0.));
#10086=DIRECTION('',(1.,0.,0.));
#10087=DIRECTION('',(0.,0.,1.));
#10088=DIRECTION('',(1.,0.,0.));
#10089=DIRECTION('',(0.,-1.,0.));
#10090=DIRECTION('',(0.,0.,1.));
#10091=DIRECTION('',(1.,0.,0.));
#10092=DIRECTION('',(-1.,0.,0.));
#10093=DIRECTION('',(0.,0.,1.));
#10094=DIRECTION('',(1.,0.,0.));
#10095=DIRECTION('',(0.,1.,0.));
#10096=DIRECTION('',(0.,0.,1.));
#10097=DIRECTION('',(1.,0.,0.));
#10098=DIRECTION('',(0.,0.,1.));
#10099=DIRECTION('',(1.,0.,0.));
#10100=DIRECTION('',(0.,-1.,0.));
#10101=DIRECTION('',(0.,0.,1.));
#10102=DIRECTION('',(1.,0.,0.));
#10103=DIRECTION('',(-1.,0.,0.));
#10104=DIRECTION('',(0.,0.,1.));
#10105=DIRECTION('',(1.,0.,0.));
#10106=DIRECTION('',(0.,1.,0.));
#10107=DIRECTION('',(0.,0.,1.));
#10108=DIRECTION('',(1.,0.,0.));
#10109=DIRECTION('',(1.,0.,0.));
#10110=DIRECTION('',(1.,0.,0.));
#10111=DIRECTION('',(0.,0.,1.));
#10112=DIRECTION('',(1.,0.,0.));
#10113=DIRECTION('',(0.,-1.,0.));
#10114=DIRECTION('',(0.,0.,1.));
#10115=DIRECTION('',(1.,0.,0.));
#10116=DIRECTION('',(-1.,0.,0.));
#10117=DIRECTION('',(0.,0.,1.));
#10118=DIRECTION('',(1.,0.,0.));
#10119=DIRECTION('',(0.,1.,0.));
#10120=DIRECTION('',(0.,0.,1.));
#10121=DIRECTION('',(1.,0.,0.));
#10122=DIRECTION('',(0.,1.,0.));
#10123=DIRECTION('',(0.,0.,1.));
#10124=DIRECTION('',(1.,0.,0.));
#10125=DIRECTION('',(1.,0.,0.));
#10126=DIRECTION('',(0.,0.,1.));
#10127=DIRECTION('',(1.,0.,0.));
#10128=DIRECTION('',(0.,-1.,0.));
#10129=DIRECTION('',(0.,0.,1.));
#10130=DIRECTION('',(1.,0.,0.));
#10131=DIRECTION('',(-1.,0.,0.));
#10132=DIRECTION('',(0.,0.,1.));
#10133=DIRECTION('',(1.,0.,0.));
#10134=DIRECTION('',(-1.,0.,0.));
#10135=DIRECTION('',(0.,0.,1.));
#10136=DIRECTION('',(1.,0.,0.));
#10137=DIRECTION('',(0.,1.,0.));
#10138=DIRECTION('',(0.,0.,1.));
#10139=DIRECTION('',(1.,0.,0.));
#10140=DIRECTION('',(1.,0.,0.));
#10141=DIRECTION('',(0.,0.,1.));
#10142=DIRECTION('',(1.,0.,0.));
#10143=DIRECTION('',(0.,-1.,0.));
#10144=DIRECTION('',(0.,0.,1.));
#10145=DIRECTION('',(1.,0.,0.));
#10146=DIRECTION('',(0.,0.,1.));
#10147=DIRECTION('',(1.,0.,0.));
#10148=DIRECTION('',(0.,-1.,0.));
#10149=DIRECTION('',(-1.,0.,0.));
#10150=DIRECTION('',(0.,1.,0.));
#10151=DIRECTION('',(0.,0.,1.));
#10152=DIRECTION('',(1.,0.,0.));
#10153=DIRECTION('',(-1.,0.,0.));
#10154=DIRECTION('',(0.,1.,0.));
#10155=DIRECTION('',(1.,0.,0.));
#10156=DIRECTION('',(0.,1.,0.));
#10157=DIRECTION('',(0.984438119338251,-0.175731582801066,0.));
#10158=DIRECTION('',(0.,0.,1.));
#10159=DIRECTION('',(1.,0.,0.));
#10160=DIRECTION('',(1.,0.,0.));
#10161=DIRECTION('',(0.,0.,1.));
#10162=DIRECTION('',(1.,0.,0.));
#10163=DIRECTION('',(0.972199950587542,0.234152207073905,0.));
#10164=DIRECTION('',(0.,0.,1.));
#10165=DIRECTION('',(1.,0.,0.));
#10166=DIRECTION('',(-0.00120048035361513,0.999999279423201,0.));
#10167=DIRECTION('',(0.,0.,1.));
#10168=DIRECTION('',(1.,0.,0.));
#10169=DIRECTION('',(-0.896870869661012,0.442292485979019,0.));
#10170=DIRECTION('',(0.,0.,1.));
#10171=DIRECTION('',(1.,0.,0.));
#10172=DIRECTION('',(-1.,0.,0.));
#10173=DIRECTION('',(0.,0.,1.));
#10174=DIRECTION('',(1.,0.,0.));
#10175=DIRECTION('',(-0.954479982712457,0.29827497816818,0.));
#10176=DIRECTION('',(0.,0.,1.));
#10177=DIRECTION('',(1.,0.,0.));
#10178=DIRECTION('',(-0.871575553655765,0.490261210243729,0.));
#10179=DIRECTION('',(0.,0.,1.));
#10180=DIRECTION('',(1.,0.,0.));
#10181=DIRECTION('',(-1.,0.,0.));
#10182=DIRECTION('',(0.,0.,1.));
#10183=DIRECTION('',(1.,0.,0.));
#10184=DIRECTION('',(-0.469033593994033,-0.88318032570084,0.));
#10185=DIRECTION('',(0.,0.,1.));
#10186=DIRECTION('',(1.,0.,0.));
#10187=DIRECTION('',(0.260610709916141,-0.965443969309978,0.));
#10188=DIRECTION('',(0.,0.,1.));
#10189=DIRECTION('',(1.,0.,0.));
#10190=DIRECTION('',(-0.0539752611118108,-0.998542273110113,0.));
#10191=DIRECTION('',(0.,0.,1.));
#10192=DIRECTION('',(1.,0.,0.));
#10193=DIRECTION('',(0.,-1.,0.));
#10194=DIRECTION('',(0.,0.,1.));
#10195=DIRECTION('',(1.,0.,0.));
#10196=DIRECTION('',(0.,-1.,0.));
#10197=DIRECTION('',(-1.,0.,0.));
#10198=DIRECTION('',(-1.,0.,0.));
#10199=DIRECTION('',(0.,0.,1.));
#10200=DIRECTION('',(0.,1.,0.));
#10201=DIRECTION('',(-1.,0.,0.));
#10202=DIRECTION('',(0.,-1.,0.));
#10203=DIRECTION('',(0.,0.,-1.));
#10204=DIRECTION('',(0.,1.,0.));
#10205=DIRECTION('',(0.,0.,-1.));
#10206=DIRECTION('',(-1.,0.,0.));
#10207=DIRECTION('',(0.,0.,1.));
#10208=DIRECTION('',(-1.,0.,0.));
#10209=DIRECTION('',(0.,0.,1.));
#10210=DIRECTION('',(-1.,0.,0.));
#10211=DIRECTION('',(0.,-1.,0.));
#10212=DIRECTION('',(-1.,0.,0.));
#10213=DIRECTION('',(0.,0.,1.));
#10214=DIRECTION('',(0.,0.,-1.));
#10215=DIRECTION('',(0.,1.,0.));
#10216=DIRECTION('',(0.,0.,-1.));
#10217=DIRECTION('',(-0.175731582801066,-0.984438119338251,0.));
#10218=DIRECTION('',(0.984438119338251,-0.175731582801066,0.));
#10219=DIRECTION('',(0.,0.,1.));
#10220=DIRECTION('',(0.984438119338251,-0.175731582801066,0.));
#10221=DIRECTION('',(0.,0.,1.));
#10222=DIRECTION('',(-0.175731582801066,-0.984438119338251,0.));
#10223=DIRECTION('',(0.984438119338251,-0.175731582801066,0.));
#10224=DIRECTION('',(0.984438119338251,-0.175731582801066,0.));
#10225=DIRECTION('',(0.984438119338251,-0.175731582801066,0.));
#10226=DIRECTION('',(0.,0.,1.));
#10227=DIRECTION('',(0.984438119338251,-0.175731582801066,0.));
#10228=DIRECTION('',(0.,0.,1.));
#10229=DIRECTION('',(0.984438119338251,-0.175731582801066,0.));
#10230=DIRECTION('',(0.,0.,1.));
#10231=DIRECTION('',(1.,0.,0.));
#10232=DIRECTION('',(0.,0.,1.));
#10233=DIRECTION('',(1.,0.,0.));
#10234=DIRECTION('',(-0.954479982712457,0.29827497816818,0.));
#10235=DIRECTION('',(0.,0.,1.));
#10236=DIRECTION('',(1.,0.,0.));
#10237=DIRECTION('',(-0.871575553655765,0.49026121024373,0.));
#10238=DIRECTION('',(0.,0.,1.));
#10239=DIRECTION('',(1.,0.,0.));
#10240=DIRECTION('',(-1.,0.,0.));
#10241=DIRECTION('',(0.,0.,1.));
#10242=DIRECTION('',(1.,0.,0.));
#10243=DIRECTION('',(-0.469033593994033,-0.88318032570084,0.));
#10244=DIRECTION('',(0.,0.,1.));
#10245=DIRECTION('',(1.,0.,0.));
#10246=DIRECTION('',(0.260610709916141,-0.965443969309978,0.));
#10247=DIRECTION('',(0.,0.,1.));
#10248=DIRECTION('',(1.,0.,0.));
#10249=DIRECTION('',(-0.0539752611118108,-0.998542273110113,0.));
#10250=DIRECTION('',(0.,0.,1.));
#10251=DIRECTION('',(1.,0.,0.));
#10252=DIRECTION('',(0.,-1.,0.));
#10253=DIRECTION('',(0.,0.,1.));
#10254=DIRECTION('',(1.,0.,0.));
#10255=DIRECTION('',(0.984438119338251,-0.175731582801066,0.));
#10256=DIRECTION('',(0.,1.,0.));
#10257=DIRECTION('',(0.984438119338251,-0.175731582801066,0.));
#10258=DIRECTION('',(0.,0.,1.));
#10259=DIRECTION('',(1.,0.,0.));
#10260=DIRECTION('',(0.,-1.,0.));
#10261=DIRECTION('',(0.,0.,1.));
#10262=DIRECTION('',(1.,0.,0.));
#10263=DIRECTION('',(-0.0539752611118108,-0.998542273110113,0.));
#10264=DIRECTION('',(0.,0.,1.));
#10265=DIRECTION('',(1.,0.,0.));
#10266=DIRECTION('',(0.260610709916141,-0.965443969309978,0.));
#10267=DIRECTION('',(0.,0.,1.));
#10268=DIRECTION('',(1.,0.,0.));
#10269=DIRECTION('',(-0.469033593994033,-0.88318032570084,0.));
#10270=DIRECTION('',(0.,0.,1.));
#10271=DIRECTION('',(1.,0.,0.));
#10272=DIRECTION('',(-1.,0.,0.));
#10273=DIRECTION('',(0.,0.,1.));
#10274=DIRECTION('',(1.,0.,0.));
#10275=DIRECTION('',(-0.871575553655765,0.490261210243729,0.));
#10276=DIRECTION('',(0.,0.,1.));
#10277=DIRECTION('',(1.,0.,0.));
#10278=DIRECTION('',(-0.954479982712457,0.29827497816818,0.));
#10279=DIRECTION('',(0.,0.,1.));
#10280=DIRECTION('',(1.,0.,0.));
#10281=DIRECTION('',(-1.,0.,0.));
#10282=DIRECTION('',(0.,0.,1.));
#10283=DIRECTION('',(1.,0.,0.));
#10284=DIRECTION('',(-0.896870869661012,0.442292485979019,0.));
#10285=DIRECTION('',(0.,0.,1.));
#10286=DIRECTION('',(1.,0.,0.));
#10287=DIRECTION('',(-0.00120048035361513,0.999999279423201,0.));
#10288=DIRECTION('',(0.,0.,1.));
#10289=DIRECTION('',(1.,0.,0.));
#10290=DIRECTION('',(0.972199950587542,0.234152207073905,0.));
#10291=DIRECTION('',(0.,0.,1.));
#10292=DIRECTION('',(1.,0.,0.));
#10293=DIRECTION('',(1.,0.,0.));
#10294=DIRECTION('',(0.,0.,1.));
#10295=DIRECTION('',(1.,0.,0.));
#10296=DIRECTION('',(0.984438119338251,-0.175731582801066,0.));
#10297=DIRECTION('',(0.,1.,0.));
#10298=DIRECTION('',(0.984438119338251,-0.175731582801066,0.));
#10299=DIRECTION('',(0.,0.,1.));
#10300=DIRECTION('',(1.,0.,0.));
#10301=DIRECTION('',(1.,0.,0.));
#10302=DIRECTION('',(0.,0.,1.));
#10303=DIRECTION('',(1.,0.,0.));
#10304=DIRECTION('',(0.972199950587542,0.234152207073905,0.));
#10305=DIRECTION('',(0.,0.,1.));
#10306=DIRECTION('',(1.,0.,0.));
#10307=DIRECTION('',(-0.00120048035361548,0.999999279423201,0.));
#10308=DIRECTION('',(0.,0.,1.));
#10309=DIRECTION('',(1.,0.,0.));
#10310=DIRECTION('',(-0.896870869661012,0.442292485979019,0.));
#10311=DIRECTION('',(0.,0.,1.));
#10312=DIRECTION('',(1.,0.,0.));
#10313=DIRECTION('',(-1.,0.,0.));
#10314=DIRECTION('',(0.,-1.,0.));
#10315=DIRECTION('',(0.,0.,-1.));
#10316=DIRECTION('',(0.,0.,-1.));
#10317=DIRECTION('',(-1.,0.,0.));
#10318=DIRECTION('',(0.,0.,-1.));
#10319=DIRECTION('',(-1.,0.,0.));
#10320=DIRECTION('',(-1.,0.,0.));
#10321=DIRECTION('',(0.,0.,1.));
#10322=DIRECTION('',(0.,0.,-1.));
#10323=DIRECTION('',(0.,1.,0.));
#10324=DIRECTION('',(0.,1.,0.));
#10325=DIRECTION('',(0.,1.,0.));
#10326=DIRECTION('',(0.,0.,1.));
#10327=DIRECTION('',(0.,0.,-1.));
#10328=DIRECTION('',(1.,0.,0.));
#10329=DIRECTION('',(1.,0.,0.));
#10330=DIRECTION('',(-1.,0.,0.));
#10331=DIRECTION('',(0.,0.,1.));
#10332=DIRECTION('',(0.,1.,0.));
#10333=DIRECTION('',(0.,0.,-1.));
#10334=DIRECTION('',(0.,1.,0.));
#10335=DIRECTION('',(0.,0.,-1.));
#10336=DIRECTION('',(0.,-1.,0.));
#10337=DIRECTION('',(0.,0.,-1.));
#10338=DIRECTION('',(-1.,0.,0.));
#10339=DIRECTION('',(0.,0.,-1.));
#10340=DIRECTION('',(-1.,0.,0.));
#10341=DIRECTION('',(0.,0.,-1.));
#10342=DIRECTION('',(-1.,0.,0.));
#10343=DIRECTION('',(0.,0.,1.));
#10344=DIRECTION('',(0.,1.,0.));
#10345=DIRECTION('',(0.,0.,-1.));
#10346=DIRECTION('',(0.,1.,0.));
#10347=DIRECTION('',(0.,0.,-1.));
#10348=DIRECTION('',(0.,1.,0.));
#10349=DIRECTION('',(0.,0.,1.));
#10350=DIRECTION('',(1.,0.,0.));
#10351=DIRECTION('',(0.,0.,-1.));
#10352=DIRECTION('',(1.,0.,0.));
#10353=DIRECTION('',(-1.,0.,0.));
#10354=DIRECTION('',(0.,0.,1.));
#10355=DIRECTION('',(-1.,0.,0.));
#10356=DIRECTION('',(0.,-1.,0.));
#10357=DIRECTION('',(0.,1.,0.));
#10358=DIRECTION('',(0.,0.,1.));
#10359=DIRECTION('',(0.,1.,0.));
#10360=DIRECTION('',(-1.,0.,0.));
#10361=DIRECTION('',(0.,0.,1.));
#10362=DIRECTION('',(-1.,0.,0.));
#10363=DIRECTION('',(0.,-1.,0.));
#10364=DIRECTION('',(0.,0.,1.));
#10365=DIRECTION('',(0.,1.,0.));
#10366=DIRECTION('',(0.,0.,1.));
#10367=DIRECTION('',(0.,1.,0.));
#10368=DIRECTION('',(0.,1.,0.));
#10369=DIRECTION('',(0.,0.,1.));
#10370=DIRECTION('',(1.,0.,0.));
#10371=DIRECTION('',(0.,0.,-1.));
#10372=DIRECTION('',(1.,0.,0.));
#10373=DIRECTION('',(1.,0.,0.));
#10374=DIRECTION('',(0.,0.,-1.));
#10375=DIRECTION('',(0.,-1.,0.));
#10376=DIRECTION('',(0.,0.,-1.));
#10377=DIRECTION('',(0.,-1.,0.));
#10378=DIRECTION('',(0.,0.,-1.));
#10379=DIRECTION('',(0.,-1.,0.));
#10380=DIRECTION('',(0.,0.,-1.));
#10381=DIRECTION('',(-1.,0.,0.));
#10382=DIRECTION('',(0.,0.,-1.));
#10383=DIRECTION('',(-1.,0.,0.));
#10384=DIRECTION('',(0.,0.,-1.));
#10385=DIRECTION('',(1.,0.,0.));
#10386=DIRECTION('',(0.,0.,-1.));
#10387=DIRECTION('',(0.,-1.,0.));
#10388=DIRECTION('',(0.,0.,-1.));
#10389=DIRECTION('',(0.,-1.,0.));
#10390=DIRECTION('',(0.,0.,-1.));
#10391=DIRECTION('',(0.,1.,0.));
#10392=DIRECTION('',(0.,0.,1.));
#10393=DIRECTION('',(1.,0.,0.));
#10394=DIRECTION('',(0.,0.,-1.));
#10395=DIRECTION('',(0.,0.,-1.));
#10396=DIRECTION('',(0.,0.,-1.));
#10397=DIRECTION('',(-1.,0.,0.));
#10398=DIRECTION('',(0.,0.,1.));
#10399=DIRECTION('',(1.,0.,0.));
#10400=DIRECTION('',(0.,0.,-1.));
#10401=DIRECTION('',(1.,0.,0.));
#10402=DIRECTION('',(0.,0.,-1.));
#10403=DIRECTION('',(0.,-1.,0.));
#10404=DIRECTION('',(0.,0.,-1.));
#10405=DIRECTION('',(0.,0.,-1.));
#10406=DIRECTION('',(-1.,0.,0.));
#10407=DIRECTION('',(0.,0.,1.));
#10408=DIRECTION('',(1.,0.,0.));
#10409=DIRECTION('',(0.,0.,-1.));
#10410=DIRECTION('',(0.,-1.,0.));
#10411=DIRECTION('',(0.,0.,-1.));
#10412=DIRECTION('',(-1.,0.,0.));
#10413=DIRECTION('',(0.,0.,-1.));
#10414=DIRECTION('',(0.,0.,-1.));
#10415=DIRECTION('',(-1.,0.,0.));
#10416=DIRECTION('',(0.,0.,1.));
#10417=DIRECTION('',(1.,0.,0.));
#10418=DIRECTION('',(0.,0.,-1.));
#10419=DIRECTION('',(-1.,0.,0.));
#10420=DIRECTION('',(0.,0.,1.));
#10421=DIRECTION('',(0.,1.,0.));
#10422=DIRECTION('',(0.,0.,-1.));
#10423=DIRECTION('',(0.,1.,0.));
#10424=DIRECTION('',(0.,0.,1.));
#10425=DIRECTION('',(1.,0.,0.));
#10426=DIRECTION('',(0.,0.,-1.));
#10427=DIRECTION('',(0.,0.,-1.));
#10428=DIRECTION('',(0.,0.,-1.));
#10429=DIRECTION('',(-1.,0.,0.));
#10430=DIRECTION('',(0.,0.,1.));
#10431=DIRECTION('',(1.,0.,0.));
#10432=DIRECTION('',(0.,0.,-1.));
#10433=DIRECTION('',(1.,0.,0.));
#10434=DIRECTION('',(0.,0.,-1.));
#10435=DIRECTION('',(0.,-1.,0.));
#10436=DIRECTION('',(0.,0.,-1.));
#10437=DIRECTION('',(0.,0.,-1.));
#10438=DIRECTION('',(-1.,0.,0.));
#10439=DIRECTION('',(0.,0.,1.));
#10440=DIRECTION('',(1.,0.,0.));
#10441=DIRECTION('',(0.,0.,-1.));
#10442=DIRECTION('',(0.,-1.,0.));
#10443=DIRECTION('',(0.,0.,-1.));
#10444=DIRECTION('',(-1.,0.,0.));
#10445=DIRECTION('',(0.,0.,-1.));
#10446=DIRECTION('',(0.,0.,-1.));
#10447=DIRECTION('',(-1.,0.,0.));
#10448=DIRECTION('',(0.,0.,1.));
#10449=DIRECTION('',(1.,0.,0.));
#10450=DIRECTION('',(0.,0.,-1.));
#10451=DIRECTION('',(-1.,0.,0.));
#10452=DIRECTION('',(0.,0.,1.));
#10453=DIRECTION('',(0.,1.,0.));
#10454=DIRECTION('',(0.,0.,-1.));
#10455=DIRECTION('',(-0.50000000163871,-0.866025402838329,0.));
#10456=DIRECTION('',(0.866025402838329,-0.50000000163871,0.));
#10457=DIRECTION('',(-0.866025402838329,0.50000000163871,0.));
#10458=DIRECTION('',(0.,0.,-1.));
#10459=DIRECTION('',(0.,0.,-1.));
#10460=DIRECTION('',(0.,0.,-1.));
#10461=DIRECTION('',(-1.,0.,0.));
#10462=DIRECTION('',(0.,0.,1.));
#10463=DIRECTION('',(1.,0.,0.));
#10464=DIRECTION('',(0.,0.,-1.));
#10465=DIRECTION('',(-0.866025400915252,0.500000004969577,0.));
#10466=DIRECTION('',(-0.500000004969577,-0.866025400915252,0.));
#10467=DIRECTION('',(0.500000004969577,0.866025400915252,0.));
#10468=DIRECTION('',(0.,0.,-1.));
#10469=DIRECTION('',(0.,0.,-1.));
#10470=DIRECTION('',(-1.,0.,0.));
#10471=DIRECTION('',(0.,0.,1.));
#10472=DIRECTION('',(1.,0.,0.));
#10473=DIRECTION('',(0.,0.,-1.));
#10474=DIRECTION('',(0.50000000163871,0.866025402838329,0.));
#10475=DIRECTION('',(-0.866025402838329,0.50000000163871,0.));
#10476=DIRECTION('',(0.866025402838329,-0.50000000163871,0.));
#10477=DIRECTION('',(0.,0.,-1.));
#10478=DIRECTION('',(0.,0.,-1.));
#10479=DIRECTION('',(-1.,0.,0.));
#10480=DIRECTION('',(0.,0.,1.));
#10481=DIRECTION('',(1.,0.,0.));
#10482=DIRECTION('',(0.,0.,-1.));
#10483=DIRECTION('',(0.866025400915252,-0.500000004969577,0.));
#10484=DIRECTION('',(0.500000004969577,0.866025400915252,0.));
#10485=DIRECTION('',(-0.500000004969577,-0.866025400915252,0.));
#10486=DIRECTION('',(0.,0.,-1.));
#10487=DIRECTION('',(0.,1.,0.));
#10488=DIRECTION('',(0.,0.,1.));
#10489=DIRECTION('',(1.,0.,0.));
#10490=DIRECTION('',(0.,0.,-1.));
#10491=DIRECTION('',(0.,0.,-1.));
#10492=DIRECTION('',(0.,0.,-1.));
#10493=DIRECTION('',(-1.,0.,0.));
#10494=DIRECTION('',(0.,0.,1.));
#10495=DIRECTION('',(1.,0.,0.));
#10496=DIRECTION('',(0.,0.,-1.));
#10497=DIRECTION('',(1.,0.,0.));
#10498=DIRECTION('',(0.,0.,-1.));
#10499=DIRECTION('',(0.,-1.,0.));
#10500=DIRECTION('',(0.,0.,-1.));
#10501=DIRECTION('',(0.,0.,-1.));
#10502=DIRECTION('',(-1.,0.,0.));
#10503=DIRECTION('',(0.,0.,1.));
#10504=DIRECTION('',(1.,0.,0.));
#10505=DIRECTION('',(0.,0.,-1.));
#10506=DIRECTION('',(0.,-1.,0.));
#10507=DIRECTION('',(0.,0.,-1.));
#10508=DIRECTION('',(-1.,0.,0.));
#10509=DIRECTION('',(0.,0.,-1.));
#10510=DIRECTION('',(0.,0.,-1.));
#10511=DIRECTION('',(-1.,0.,0.));
#10512=DIRECTION('',(0.,0.,1.));
#10513=DIRECTION('',(1.,0.,0.));
#10514=DIRECTION('',(0.,0.,-1.));
#10515=DIRECTION('',(-1.,0.,0.));
#10516=DIRECTION('',(0.,0.,1.));
#10517=DIRECTION('',(0.,1.,0.));
#10518=DIRECTION('',(0.,0.,-1.));
#10519=DIRECTION('',(1.,0.,0.));
#10520=DIRECTION('',(0.,0.,-1.));
#10521=DIRECTION('',(0.,-1.,0.));
#10522=DIRECTION('',(0.,0.,-1.));
#10523=DIRECTION('',(0.,0.,-1.));
#10524=DIRECTION('',(0.,0.,-1.));
#10525=DIRECTION('',(-1.,0.,0.));
#10526=DIRECTION('',(0.,0.,1.));
#10527=DIRECTION('',(1.,0.,0.));
#10528=DIRECTION('',(0.,0.,-1.));
#10529=DIRECTION('',(0.,-1.,0.));
#10530=DIRECTION('',(0.,0.,-1.));
#10531=DIRECTION('',(-1.,0.,0.));
#10532=DIRECTION('',(0.,0.,-1.));
#10533=DIRECTION('',(0.,0.,-1.));
#10534=DIRECTION('',(-1.,0.,0.));
#10535=DIRECTION('',(0.,0.,1.));
#10536=DIRECTION('',(1.,0.,0.));
#10537=DIRECTION('',(0.,0.,-1.));
#10538=DIRECTION('',(-1.,0.,0.));
#10539=DIRECTION('',(0.,0.,1.));
#10540=DIRECTION('',(0.,1.,0.));
#10541=DIRECTION('',(0.,0.,-1.));
#10542=DIRECTION('',(0.,0.,-1.));
#10543=DIRECTION('',(-1.,0.,0.));
#10544=DIRECTION('',(0.,0.,1.));
#10545=DIRECTION('',(1.,0.,0.));
#10546=DIRECTION('',(0.,0.,-1.));
#10547=DIRECTION('',(0.,1.,0.));
#10548=DIRECTION('',(0.,0.,1.));
#10549=DIRECTION('',(1.,0.,0.));
#10550=DIRECTION('',(0.,0.,-1.));
#10551=DIRECTION('',(0.,0.,-1.));
#10552=DIRECTION('',(-1.,0.,0.));
#10553=DIRECTION('',(0.,0.,1.));
#10554=DIRECTION('',(1.,0.,0.));
#10555=DIRECTION('',(0.,0.,-1.));
#10556=DIRECTION('',(0.,0.,-1.));
#10557=DIRECTION('',(0.,-1.,0.));
#10558=DIRECTION('',(0.,0.,-1.));
#10559=DIRECTION('',(-1.,0.,0.));
#10560=DIRECTION('',(0.,0.,-1.));
#10561=DIRECTION('',(0.,0.,-1.));
#10562=DIRECTION('',(-1.,0.,0.));
#10563=DIRECTION('',(0.,0.,1.));
#10564=DIRECTION('',(1.,0.,0.));
#10565=DIRECTION('',(0.,0.,-1.));
#10566=DIRECTION('',(-1.,0.,0.));
#10567=DIRECTION('',(0.,0.,1.));
#10568=DIRECTION('',(0.,1.,0.));
#10569=DIRECTION('',(0.,0.,-1.));
#10570=DIRECTION('',(0.,0.,-1.));
#10571=DIRECTION('',(-1.,0.,0.));
#10572=DIRECTION('',(0.,0.,1.));
#10573=DIRECTION('',(1.,0.,0.));
#10574=DIRECTION('',(0.,0.,-1.));
#10575=DIRECTION('',(0.,1.,0.));
#10576=DIRECTION('',(0.,0.,1.));
#10577=DIRECTION('',(1.,0.,0.));
#10578=DIRECTION('',(0.,0.,-1.));
#10579=DIRECTION('',(0.,0.,-1.));
#10580=DIRECTION('',(-1.,0.,0.));
#10581=DIRECTION('',(0.,0.,1.));
#10582=DIRECTION('',(1.,0.,0.));
#10583=DIRECTION('',(0.,0.,-1.));
#10584=DIRECTION('',(0.,0.,-1.));
#10585=DIRECTION('',(-1.,0.,0.));
#10586=DIRECTION('',(0.,0.,1.));
#10587=DIRECTION('',(1.,0.,0.));
#10588=DIRECTION('',(0.,0.,-1.));
#10589=DIRECTION('',(0.,0.,-1.));
#10590=DIRECTION('',(0.,1.,0.));
#10591=DIRECTION('',(0.,0.,1.));
#10592=DIRECTION('',(1.,0.,0.));
#10593=DIRECTION('',(0.,0.,-1.));
#10594=DIRECTION('',(0.,0.,-1.));
#10595=DIRECTION('',(-1.,0.,0.));
#10596=DIRECTION('',(0.,0.,1.));
#10597=DIRECTION('',(1.,0.,0.));
#10598=DIRECTION('',(0.,0.,-1.));
#10599=DIRECTION('',(1.,0.,0.));
#10600=DIRECTION('',(0.,0.,-1.));
#10601=DIRECTION('',(0.,-1.,0.));
#10602=DIRECTION('',(0.,0.,-1.));
#10603=DIRECTION('',(0.,0.,-1.));
#10604=DIRECTION('',(-1.,0.,0.));
#10605=DIRECTION('',(0.,0.,1.));
#10606=DIRECTION('',(1.,0.,0.));
#10607=DIRECTION('',(0.,0.,-1.));
#10608=DIRECTION('',(0.,-1.,0.));
#10609=DIRECTION('',(0.,0.,-1.));
#10610=DIRECTION('',(-1.,0.,0.));
#10611=DIRECTION('',(0.,0.,-1.));
#10612=DIRECTION('',(0.,0.,-1.));
#10613=DIRECTION('',(-1.,0.,0.));
#10614=DIRECTION('',(0.,0.,1.));
#10615=DIRECTION('',(1.,0.,0.));
#10616=DIRECTION('',(0.,0.,-1.));
#10617=DIRECTION('',(0.,1.,0.));
#10618=DIRECTION('',(0.,0.,1.));
#10619=DIRECTION('',(1.,0.,0.));
#10620=DIRECTION('',(0.,0.,-1.));
#10621=DIRECTION('',(0.,0.,-1.));
#10622=DIRECTION('',(0.,0.,-1.));
#10623=DIRECTION('',(-1.,0.,0.));
#10624=DIRECTION('',(0.,0.,1.));
#10625=DIRECTION('',(1.,0.,0.));
#10626=DIRECTION('',(0.,0.,-1.));
#10627=DIRECTION('',(1.,0.,0.));
#10628=DIRECTION('',(0.,0.,-1.));
#10629=DIRECTION('',(0.,-1.,0.));
#10630=DIRECTION('',(0.,0.,-1.));
#10631=DIRECTION('',(0.,0.,-1.));
#10632=DIRECTION('',(-1.,0.,0.));
#10633=DIRECTION('',(0.,0.,1.));
#10634=DIRECTION('',(1.,0.,0.));
#10635=DIRECTION('',(0.,0.,-1.));
#10636=DIRECTION('',(0.,-1.,0.));
#10637=DIRECTION('',(0.,0.,-1.));
#10638=DIRECTION('',(-1.,0.,0.));
#10639=DIRECTION('',(0.,0.,-1.));
#10640=DIRECTION('',(0.,0.,-1.));
#10641=DIRECTION('',(-1.,0.,0.));
#10642=DIRECTION('',(0.,0.,1.));
#10643=DIRECTION('',(1.,0.,0.));
#10644=DIRECTION('',(0.,0.,-1.));
#10645=DIRECTION('',(-1.,0.,0.));
#10646=DIRECTION('',(0.,0.,1.));
#10647=DIRECTION('',(0.,1.,0.));
#10648=DIRECTION('',(0.,0.,-1.));
#10649=DIRECTION('',(0.,-1.,0.));
#10650=DIRECTION('',(0.,0.,-1.));
#10651=DIRECTION('',(-1.,0.,0.));
#10652=DIRECTION('',(0.,0.,-1.));
#10653=DIRECTION('',(0.,0.,-1.));
#10654=DIRECTION('',(0.,0.,-1.));
#10655=DIRECTION('',(-1.,0.,0.));
#10656=DIRECTION('',(0.,0.,1.));
#10657=DIRECTION('',(1.,0.,0.));
#10658=DIRECTION('',(0.,0.,-1.));
#10659=DIRECTION('',(-1.,0.,0.));
#10660=DIRECTION('',(0.,0.,1.));
#10661=DIRECTION('',(0.,1.,0.));
#10662=DIRECTION('',(0.,0.,-1.));
#10663=DIRECTION('',(0.,0.,-1.));
#10664=DIRECTION('',(-1.,0.,0.));
#10665=DIRECTION('',(0.,0.,1.));
#10666=DIRECTION('',(1.,0.,0.));
#10667=DIRECTION('',(0.,0.,-1.));
#10668=DIRECTION('',(0.,1.,0.));
#10669=DIRECTION('',(0.,0.,1.));
#10670=DIRECTION('',(1.,0.,0.));
#10671=DIRECTION('',(0.,0.,-1.));
#10672=DIRECTION('',(0.,0.,-1.));
#10673=DIRECTION('',(-1.,0.,0.));
#10674=DIRECTION('',(0.,0.,1.));
#10675=DIRECTION('',(1.,0.,0.));
#10676=DIRECTION('',(0.,0.,-1.));
#10677=DIRECTION('',(1.,0.,0.));
#10678=DIRECTION('',(0.,0.,-1.));
#10679=DIRECTION('',(0.,-1.,0.));
#10680=DIRECTION('',(0.,0.,-1.));
#10681=DIRECTION('',(0.,-1.,0.));
#10682=DIRECTION('',(0.,0.,-1.));
#10683=DIRECTION('',(-1.,0.,0.));
#10684=DIRECTION('',(0.,0.,-1.));
#10685=DIRECTION('',(0.,0.,-1.));
#10686=DIRECTION('',(0.,0.,-1.));
#10687=DIRECTION('',(-1.,0.,0.));
#10688=DIRECTION('',(0.,0.,1.));
#10689=DIRECTION('',(1.,0.,0.));
#10690=DIRECTION('',(0.,0.,-1.));
#10691=DIRECTION('',(-1.,0.,0.));
#10692=DIRECTION('',(0.,0.,1.));
#10693=DIRECTION('',(0.,1.,0.));
#10694=DIRECTION('',(0.,0.,-1.));
#10695=DIRECTION('',(0.,0.,-1.));
#10696=DIRECTION('',(-1.,0.,0.));
#10697=DIRECTION('',(0.,0.,1.));
#10698=DIRECTION('',(1.,0.,0.));
#10699=DIRECTION('',(0.,0.,-1.));
#10700=DIRECTION('',(0.,1.,0.));
#10701=DIRECTION('',(0.,0.,1.));
#10702=DIRECTION('',(1.,0.,0.));
#10703=DIRECTION('',(0.,0.,-1.));
#10704=DIRECTION('',(0.,0.,-1.));
#10705=DIRECTION('',(-1.,0.,0.));
#10706=DIRECTION('',(0.,0.,1.));
#10707=DIRECTION('',(1.,0.,0.));
#10708=DIRECTION('',(0.,0.,-1.));
#10709=DIRECTION('',(1.,0.,0.));
#10710=DIRECTION('',(0.,0.,-1.));
#10711=DIRECTION('',(0.,-1.,0.));
#10712=DIRECTION('',(0.,0.,-1.));
#10713=DIRECTION('',(1.,0.,0.));
#10714=DIRECTION('',(0.,0.,-1.));
#10715=DIRECTION('',(0.,-1.,0.));
#10716=DIRECTION('',(0.,0.,-1.));
#10717=DIRECTION('',(0.,0.,-1.));
#10718=DIRECTION('',(0.,0.,-1.));
#10719=DIRECTION('',(-1.,0.,0.));
#10720=DIRECTION('',(0.,0.,1.));
#10721=DIRECTION('',(1.,0.,0.));
#10722=DIRECTION('',(0.,0.,-1.));
#10723=DIRECTION('',(0.,-1.,0.));
#10724=DIRECTION('',(0.,0.,-1.));
#10725=DIRECTION('',(-1.,0.,0.));
#10726=DIRECTION('',(0.,0.,-1.));
#10727=DIRECTION('',(0.,0.,-1.));
#10728=DIRECTION('',(-1.,0.,0.));
#10729=DIRECTION('',(0.,0.,1.));
#10730=DIRECTION('',(1.,0.,0.));
#10731=DIRECTION('',(0.,0.,-1.));
#10732=DIRECTION('',(-1.,0.,0.));
#10733=DIRECTION('',(0.,0.,1.));
#10734=DIRECTION('',(0.,1.,0.));
#10735=DIRECTION('',(0.,0.,-1.));
#10736=DIRECTION('',(0.,0.,-1.));
#10737=DIRECTION('',(-1.,0.,0.));
#10738=DIRECTION('',(0.,0.,1.));
#10739=DIRECTION('',(1.,0.,0.));
#10740=DIRECTION('',(0.,0.,-1.));
#10741=DIRECTION('',(0.,1.,0.));
#10742=DIRECTION('',(0.,0.,1.));
#10743=DIRECTION('',(1.,0.,0.));
#10744=DIRECTION('',(0.,0.,-1.));
#10745=DIRECTION('',(-1.,0.,0.));
#10746=DIRECTION('',(0.,0.,1.));
#10747=DIRECTION('',(0.,1.,0.));
#10748=DIRECTION('',(0.,0.,-1.));
#10749=DIRECTION('',(0.,0.,-1.));
#10750=DIRECTION('',(0.,0.,-1.));
#10751=DIRECTION('',(-1.,0.,0.));
#10752=DIRECTION('',(0.,0.,1.));
#10753=DIRECTION('',(1.,0.,0.));
#10754=DIRECTION('',(0.,0.,-1.));
#10755=DIRECTION('',(0.,1.,0.));
#10756=DIRECTION('',(0.,0.,1.));
#10757=DIRECTION('',(1.,0.,0.));
#10758=DIRECTION('',(0.,0.,-1.));
#10759=DIRECTION('',(0.,0.,-1.));
#10760=DIRECTION('',(-1.,0.,0.));
#10761=DIRECTION('',(0.,0.,1.));
#10762=DIRECTION('',(1.,0.,0.));
#10763=DIRECTION('',(0.,0.,-1.));
#10764=DIRECTION('',(1.,0.,0.));
#10765=DIRECTION('',(0.,0.,-1.));
#10766=DIRECTION('',(0.,-1.,0.));
#10767=DIRECTION('',(0.,0.,-1.));
#10768=DIRECTION('',(0.,0.,-1.));
#10769=DIRECTION('',(-1.,0.,0.));
#10770=DIRECTION('',(0.,0.,1.));
#10771=DIRECTION('',(1.,0.,0.));
#10772=DIRECTION('',(0.,0.,-1.));
#10773=DIRECTION('',(0.,-1.,0.));
#10774=DIRECTION('',(0.,0.,-1.));
#10775=DIRECTION('',(-1.,0.,0.));
#10776=DIRECTION('',(0.,0.,-1.));
#10777=DIRECTION('',(0.,-1.,0.));
#10778=DIRECTION('',(0.,0.,-1.));
#10779=DIRECTION('',(-1.,0.,0.));
#10780=DIRECTION('',(0.,0.,-1.));
#10781=DIRECTION('',(0.,0.,-1.));
#10782=DIRECTION('',(0.,0.,-1.));
#10783=DIRECTION('',(-1.,0.,0.));
#10784=DIRECTION('',(0.,0.,1.));
#10785=DIRECTION('',(1.,0.,0.));
#10786=DIRECTION('',(0.,0.,-1.));
#10787=DIRECTION('',(-1.,0.,0.));
#10788=DIRECTION('',(0.,0.,1.));
#10789=DIRECTION('',(0.,1.,0.));
#10790=DIRECTION('',(0.,0.,-1.));
#10791=DIRECTION('',(0.,0.,-1.));
#10792=DIRECTION('',(-1.,0.,0.));
#10793=DIRECTION('',(0.,0.,1.));
#10794=DIRECTION('',(1.,0.,0.));
#10795=DIRECTION('',(0.,0.,-1.));
#10796=DIRECTION('',(0.,1.,0.));
#10797=DIRECTION('',(0.,0.,1.));
#10798=DIRECTION('',(1.,0.,0.));
#10799=DIRECTION('',(0.,0.,-1.));
#10800=DIRECTION('',(0.,0.,-1.));
#10801=DIRECTION('',(-1.,0.,0.));
#10802=DIRECTION('',(0.,0.,1.));
#10803=DIRECTION('',(1.,0.,0.));
#10804=DIRECTION('',(0.,0.,-1.));
#10805=DIRECTION('',(1.,0.,0.));
#10806=DIRECTION('',(0.,0.,-1.));
#10807=DIRECTION('',(0.,-1.,0.));
#10808=DIRECTION('',(0.,0.,-1.));
#10809=DIRECTION('',(0.,0.,-1.));
#10810=DIRECTION('',(-1.,0.,0.));
#10811=DIRECTION('',(0.,0.,1.));
#10812=DIRECTION('',(1.,0.,0.));
#10813=DIRECTION('',(0.,0.,-1.));
#10814=DIRECTION('',(0.,0.,-1.));
#10815=DIRECTION('',(-1.,0.,0.));
#10816=DIRECTION('',(0.,0.,1.));
#10817=DIRECTION('',(0.,1.,0.));
#10818=DIRECTION('',(0.,0.,-1.));
#10819=DIRECTION('',(0.,0.,-1.));
#10820=DIRECTION('',(-1.,0.,0.));
#10821=DIRECTION('',(0.,0.,1.));
#10822=DIRECTION('',(1.,0.,0.));
#10823=DIRECTION('',(0.,0.,-1.));
#10824=DIRECTION('',(0.,1.,0.));
#10825=DIRECTION('',(0.,0.,1.));
#10826=DIRECTION('',(1.,0.,0.));
#10827=DIRECTION('',(0.,0.,-1.));
#10828=DIRECTION('',(0.,0.,-1.));
#10829=DIRECTION('',(-1.,0.,0.));
#10830=DIRECTION('',(0.,0.,1.));
#10831=DIRECTION('',(1.,0.,0.));
#10832=DIRECTION('',(0.,0.,-1.));
#10833=DIRECTION('',(1.,0.,0.));
#10834=DIRECTION('',(0.,0.,-1.));
#10835=DIRECTION('',(0.,-1.,0.));
#10836=DIRECTION('',(0.,0.,-1.));
#10837=DIRECTION('',(0.,0.,-1.));
#10838=DIRECTION('',(-1.,0.,0.));
#10839=DIRECTION('',(0.,0.,1.));
#10840=DIRECTION('',(1.,0.,0.));
#10841=DIRECTION('',(0.,0.,-1.));
#10842=DIRECTION('',(1.,0.,0.));
#10843=DIRECTION('',(0.,0.,-1.));
#10844=DIRECTION('',(0.,-1.,0.));
#10845=DIRECTION('',(0.,0.,-1.));
#10846=DIRECTION('',(0.,0.,-1.));
#10847=DIRECTION('',(0.,0.,-1.));
#10848=DIRECTION('',(-1.,0.,0.));
#10849=DIRECTION('',(0.,0.,1.));
#10850=DIRECTION('',(1.,0.,0.));
#10851=DIRECTION('',(0.,0.,-1.));
#10852=DIRECTION('',(0.,-1.,0.));
#10853=DIRECTION('',(0.,0.,-1.));
#10854=DIRECTION('',(-1.,0.,0.));
#10855=DIRECTION('',(0.,0.,-1.));
#10856=DIRECTION('',(0.,0.,-1.));
#10857=DIRECTION('',(-1.,0.,0.));
#10858=DIRECTION('',(0.,0.,1.));
#10859=DIRECTION('',(1.,0.,0.));
#10860=DIRECTION('',(0.,0.,-1.));
#10861=DIRECTION('',(-1.,0.,0.));
#10862=DIRECTION('',(0.,0.,1.));
#10863=DIRECTION('',(0.,1.,0.));
#10864=DIRECTION('',(0.,0.,-1.));
#10865=DIRECTION('',(0.,0.,-1.));
#10866=DIRECTION('',(-1.,0.,0.));
#10867=DIRECTION('',(0.,0.,1.));
#10868=DIRECTION('',(1.,0.,0.));
#10869=DIRECTION('',(0.,0.,-1.));
#10870=DIRECTION('',(0.,1.,0.));
#10871=DIRECTION('',(0.,0.,1.));
#10872=DIRECTION('',(1.,0.,0.));
#10873=DIRECTION('',(0.,0.,-1.));
#10874=DIRECTION('',(0.,0.,-1.));
#10875=DIRECTION('',(-1.,0.,0.));
#10876=DIRECTION('',(0.,0.,1.));
#10877=DIRECTION('',(1.,0.,0.));
#10878=DIRECTION('',(0.,0.,-1.));
#10879=DIRECTION('',(0.,0.,-1.));
#10880=DIRECTION('',(-1.,0.,0.));
#10881=DIRECTION('',(0.,0.,1.));
#10882=DIRECTION('',(0.,1.,0.));
#10883=DIRECTION('',(0.,0.,-1.));
#10884=DIRECTION('',(0.,0.,-1.));
#10885=DIRECTION('',(-1.,0.,0.));
#10886=DIRECTION('',(0.,0.,1.));
#10887=DIRECTION('',(1.,0.,0.));
#10888=DIRECTION('',(0.,0.,-1.));
#10889=DIRECTION('',(0.,1.,0.));
#10890=DIRECTION('',(0.,0.,1.));
#10891=DIRECTION('',(1.,0.,0.));
#10892=DIRECTION('',(0.,0.,-1.));
#10893=DIRECTION('',(0.,0.,-1.));
#10894=DIRECTION('',(-1.,0.,0.));
#10895=DIRECTION('',(0.,0.,1.));
#10896=DIRECTION('',(1.,0.,0.));
#10897=DIRECTION('',(0.,0.,-1.));
#10898=DIRECTION('',(1.,0.,0.));
#10899=DIRECTION('',(0.,0.,-1.));
#10900=DIRECTION('',(0.,-1.,0.));
#10901=DIRECTION('',(0.,0.,-1.));
#10902=DIRECTION('',(0.,0.,-1.));
#10903=DIRECTION('',(-1.,0.,0.));
#10904=DIRECTION('',(0.,0.,1.));
#10905=DIRECTION('',(1.,0.,0.));
#10906=DIRECTION('',(0.,0.,-1.));
#10907=DIRECTION('',(0.,-1.,0.));
#10908=DIRECTION('',(0.,0.,-1.));
#10909=DIRECTION('',(-1.,0.,0.));
#10910=DIRECTION('',(0.,0.,-1.));
#10911=DIRECTION('',(0.,0.,-1.));
#10912=DIRECTION('',(0.,0.,-1.));
#10913=DIRECTION('',(-1.,0.,0.));
#10914=DIRECTION('',(0.,0.,1.));
#10915=DIRECTION('',(1.,0.,0.));
#10916=DIRECTION('',(0.,0.,-1.));
#10917=DIRECTION('',(-1.,0.,0.));
#10918=DIRECTION('',(0.,0.,1.));
#10919=DIRECTION('',(0.,1.,0.));
#10920=DIRECTION('',(0.,0.,-1.));
#10921=DIRECTION('',(0.,0.,-1.));
#10922=DIRECTION('',(-1.,0.,0.));
#10923=DIRECTION('',(0.,0.,1.));
#10924=DIRECTION('',(1.,0.,0.));
#10925=DIRECTION('',(0.,0.,-1.));
#10926=DIRECTION('',(0.,1.,0.));
#10927=DIRECTION('',(0.,0.,1.));
#10928=DIRECTION('',(1.,0.,0.));
#10929=DIRECTION('',(0.,0.,-1.));
#10930=DIRECTION('',(0.,0.,-1.));
#10931=DIRECTION('',(-1.,0.,0.));
#10932=DIRECTION('',(0.,0.,1.));
#10933=DIRECTION('',(1.,0.,0.));
#10934=DIRECTION('',(0.,0.,-1.));
#10935=DIRECTION('',(1.,0.,0.));
#10936=DIRECTION('',(0.,0.,-1.));
#10937=DIRECTION('',(0.,-1.,0.));
#10938=DIRECTION('',(0.,0.,-1.));
#10939=DIRECTION('',(0.,0.,-1.));
#10940=DIRECTION('',(-1.,0.,0.));
#10941=DIRECTION('',(0.,0.,1.));
#10942=DIRECTION('',(1.,0.,0.));
#10943=DIRECTION('',(0.,0.,-1.));
#10944=DIRECTION('',(0.,0.,-1.));
#10945=DIRECTION('',(0.,-1.,0.));
#10946=DIRECTION('',(0.,0.,-1.));
#10947=DIRECTION('',(-1.,0.,0.));
#10948=DIRECTION('',(0.,0.,-1.));
#10949=DIRECTION('',(0.,0.,-1.));
#10950=DIRECTION('',(-1.,0.,0.));
#10951=DIRECTION('',(0.,0.,1.));
#10952=DIRECTION('',(1.,0.,0.));
#10953=DIRECTION('',(0.,0.,-1.));
#10954=DIRECTION('',(-1.,0.,0.));
#10955=DIRECTION('',(0.,0.,1.));
#10956=DIRECTION('',(0.,1.,0.));
#10957=DIRECTION('',(0.,0.,-1.));
#10958=DIRECTION('',(0.,0.,-1.));
#10959=DIRECTION('',(-1.,0.,0.));
#10960=DIRECTION('',(0.,0.,1.));
#10961=DIRECTION('',(1.,0.,0.));
#10962=DIRECTION('',(0.,0.,-1.));
#10963=DIRECTION('',(0.,1.,0.));
#10964=DIRECTION('',(0.,0.,1.));
#10965=DIRECTION('',(1.,0.,0.));
#10966=DIRECTION('',(0.,0.,-1.));
#10967=DIRECTION('',(0.,0.,-1.));
#10968=DIRECTION('',(-1.,0.,0.));
#10969=DIRECTION('',(0.,0.,1.));
#10970=DIRECTION('',(1.,0.,0.));
#10971=DIRECTION('',(0.,0.,-1.));
#10972=DIRECTION('',(0.,1.,0.));
#10973=DIRECTION('',(0.,0.,1.));
#10974=DIRECTION('',(1.,0.,0.));
#10975=DIRECTION('',(0.,0.,-1.));
#10976=DIRECTION('',(0.,0.,-1.));
#10977=DIRECTION('',(0.,0.,-1.));
#10978=DIRECTION('',(-1.,0.,0.));
#10979=DIRECTION('',(0.,0.,1.));
#10980=DIRECTION('',(1.,0.,0.));
#10981=DIRECTION('',(0.,0.,-1.));
#10982=DIRECTION('',(1.,0.,0.));
#10983=DIRECTION('',(0.,0.,-1.));
#10984=DIRECTION('',(0.,-1.,0.));
#10985=DIRECTION('',(0.,0.,-1.));
#10986=DIRECTION('',(0.,0.,-1.));
#10987=DIRECTION('',(-1.,0.,0.));
#10988=DIRECTION('',(0.,0.,1.));
#10989=DIRECTION('',(1.,0.,0.));
#10990=DIRECTION('',(0.,0.,-1.));
#10991=DIRECTION('',(0.,-1.,0.));
#10992=DIRECTION('',(0.,0.,-1.));
#10993=DIRECTION('',(-1.,0.,0.));
#10994=DIRECTION('',(0.,0.,-1.));
#10995=DIRECTION('',(0.,0.,-1.));
#10996=DIRECTION('',(-1.,0.,0.));
#10997=DIRECTION('',(0.,0.,1.));
#10998=DIRECTION('',(1.,0.,0.));
#10999=DIRECTION('',(0.,0.,-1.));
#11000=DIRECTION('',(-1.,0.,0.));
#11001=DIRECTION('',(0.,0.,1.));
#11002=DIRECTION('',(0.,1.,0.));
#11003=DIRECTION('',(0.,0.,-1.));
#11004=DIRECTION('',(-1.,0.,0.));
#11005=DIRECTION('',(0.,0.,1.));
#11006=DIRECTION('',(0.,1.,0.));
#11007=DIRECTION('',(0.,0.,-1.));
#11008=DIRECTION('',(0.,0.,-1.));
#11009=DIRECTION('',(0.,0.,-1.));
#11010=DIRECTION('',(-1.,0.,0.));
#11011=DIRECTION('',(0.,0.,1.));
#11012=DIRECTION('',(1.,0.,0.));
#11013=DIRECTION('',(0.,0.,-1.));
#11014=DIRECTION('',(0.,1.,0.));
#11015=DIRECTION('',(0.,0.,1.));
#11016=DIRECTION('',(1.,0.,0.));
#11017=DIRECTION('',(0.,0.,-1.));
#11018=DIRECTION('',(0.,0.,-1.));
#11019=DIRECTION('',(-1.,0.,0.));
#11020=DIRECTION('',(0.,0.,1.));
#11021=DIRECTION('',(1.,0.,0.));
#11022=DIRECTION('',(0.,0.,-1.));
#11023=DIRECTION('',(1.,0.,0.));
#11024=DIRECTION('',(0.,0.,-1.));
#11025=DIRECTION('',(0.,-1.,0.));
#11026=DIRECTION('',(0.,0.,-1.));
#11027=DIRECTION('',(0.,0.,-1.));
#11028=DIRECTION('',(-1.,0.,0.));
#11029=DIRECTION('',(0.,0.,1.));
#11030=DIRECTION('',(1.,0.,0.));
#11031=DIRECTION('',(0.,0.,-1.));
#11032=DIRECTION('',(0.,-1.,0.));
#11033=DIRECTION('',(0.,0.,-1.));
#11034=DIRECTION('',(-1.,0.,0.));
#11035=DIRECTION('',(0.,0.,-1.));
#11036=DIRECTION('',(0.,1.,0.));
#11037=DIRECTION('',(0.,0.,1.));
#11038=DIRECTION('',(1.,0.,0.));
#11039=DIRECTION('',(0.,0.,-1.));
#11040=DIRECTION('',(0.,0.,-1.));
#11041=DIRECTION('',(0.,0.,-1.));
#11042=DIRECTION('',(-1.,0.,0.));
#11043=DIRECTION('',(0.,0.,1.));
#11044=DIRECTION('',(1.,0.,0.));
#11045=DIRECTION('',(0.,0.,-1.));
#11046=DIRECTION('',(1.,0.,0.));
#11047=DIRECTION('',(0.,0.,-1.));
#11048=DIRECTION('',(0.,-1.,0.));
#11049=DIRECTION('',(0.,0.,-1.));
#11050=DIRECTION('',(0.,0.,-1.));
#11051=DIRECTION('',(-1.,0.,0.));
#11052=DIRECTION('',(0.,0.,1.));
#11053=DIRECTION('',(1.,0.,0.));
#11054=DIRECTION('',(0.,0.,-1.));
#11055=DIRECTION('',(0.,-1.,0.));
#11056=DIRECTION('',(0.,0.,-1.));
#11057=DIRECTION('',(-1.,0.,0.));
#11058=DIRECTION('',(0.,0.,-1.));
#11059=DIRECTION('',(0.,0.,-1.));
#11060=DIRECTION('',(-1.,0.,0.));
#11061=DIRECTION('',(0.,0.,1.));
#11062=DIRECTION('',(1.,0.,0.));
#11063=DIRECTION('',(0.,0.,-1.));
#11064=DIRECTION('',(-1.,0.,0.));
#11065=DIRECTION('',(0.,0.,1.));
#11066=DIRECTION('',(0.,1.,0.));
#11067=DIRECTION('',(0.,0.,-1.));
#11068=DIRECTION('',(0.,-1.,0.));
#11069=DIRECTION('',(0.,0.,-1.));
#11070=DIRECTION('',(-1.,0.,0.));
#11071=DIRECTION('',(0.,0.,-1.));
#11072=DIRECTION('',(0.,0.,-1.));
#11073=DIRECTION('',(0.,0.,-1.));
#11074=DIRECTION('',(-1.,0.,0.));
#11075=DIRECTION('',(0.,0.,1.));
#11076=DIRECTION('',(1.,0.,0.));
#11077=DIRECTION('',(0.,0.,-1.));
#11078=DIRECTION('',(-1.,0.,0.));
#11079=DIRECTION('',(0.,0.,1.));
#11080=DIRECTION('',(0.,1.,0.));
#11081=DIRECTION('',(0.,0.,-1.));
#11082=DIRECTION('',(0.,0.,-1.));
#11083=DIRECTION('',(-1.,0.,0.));
#11084=DIRECTION('',(0.,0.,1.));
#11085=DIRECTION('',(1.,0.,0.));
#11086=DIRECTION('',(0.,0.,-1.));
#11087=DIRECTION('',(0.,1.,0.));
#11088=DIRECTION('',(0.,0.,1.));
#11089=DIRECTION('',(1.,0.,0.));
#11090=DIRECTION('',(0.,0.,-1.));
#11091=DIRECTION('',(0.,0.,-1.));
#11092=DIRECTION('',(-1.,0.,0.));
#11093=DIRECTION('',(0.,0.,1.));
#11094=DIRECTION('',(1.,0.,0.));
#11095=DIRECTION('',(0.,0.,-1.));
#11096=DIRECTION('',(1.,0.,0.));
#11097=DIRECTION('',(0.,0.,-1.));
#11098=DIRECTION('',(0.,-1.,0.));
#11099=DIRECTION('',(0.,0.,-1.));
#11100=DIRECTION('',(0.,0.,-1.));
#11101=DIRECTION('',(-1.,0.,0.));
#11102=DIRECTION('',(0.,0.,1.));
#11103=DIRECTION('',(1.,0.,0.));
#11104=DIRECTION('',(0.,0.,-1.));
#11105=DIRECTION('',(0.,0.,-1.));
#11106=DIRECTION('',(0.258819044963381,0.965925826326351,0.));
#11107=DIRECTION('',(-0.965925826326351,0.258819044963381,0.));
#11108=DIRECTION('',(0.965925826326351,-0.258819044963381,0.));
#11109=DIRECTION('',(0.,0.,-1.));
#11110=DIRECTION('',(0.,0.,-1.));
#11111=DIRECTION('',(-1.,0.,0.));
#11112=DIRECTION('',(0.,0.,1.));
#11113=DIRECTION('',(1.,0.,0.));
#11114=DIRECTION('',(0.,0.,-1.));
#11115=DIRECTION('',(0.965925828249428,-0.25881903778636,0.));
#11116=DIRECTION('',(0.25881903778636,0.965925828249428,0.));
#11117=DIRECTION('',(-0.25881903778636,-0.965925828249428,0.));
#11118=DIRECTION('',(0.,0.,-1.));
#11119=DIRECTION('',(0.,0.,-1.));
#11120=DIRECTION('',(-1.,0.,0.));
#11121=DIRECTION('',(0.,0.,1.));
#11122=DIRECTION('',(1.,0.,0.));
#11123=DIRECTION('',(0.,0.,-1.));
#11124=DIRECTION('',(-0.25881904496338,-0.965925826326351,0.));
#11125=DIRECTION('',(0.965925826326351,-0.25881904496338,0.));
#11126=DIRECTION('',(-0.965925826326351,0.25881904496338,0.));
#11127=DIRECTION('',(0.,0.,-1.));
#11128=DIRECTION('',(0.,0.,-1.));
#11129=DIRECTION('',(-1.,0.,0.));
#11130=DIRECTION('',(0.,0.,1.));
#11131=DIRECTION('',(1.,0.,0.));
#11132=DIRECTION('',(0.,0.,-1.));
#11133=DIRECTION('',(-1.,0.,0.));
#11134=DIRECTION('',(0.,0.,1.));
#11135=DIRECTION('',(0.,1.,0.));
#11136=DIRECTION('',(0.,0.,-1.));
#11137=DIRECTION('',(0.,0.,-1.));
#11138=DIRECTION('',(0.,0.,-1.));
#11139=DIRECTION('',(-1.,0.,0.));
#11140=DIRECTION('',(0.,0.,1.));
#11141=DIRECTION('',(1.,0.,0.));
#11142=DIRECTION('',(0.,0.,-1.));
#11143=DIRECTION('',(0.,1.,0.));
#11144=DIRECTION('',(0.,0.,1.));
#11145=DIRECTION('',(1.,0.,0.));
#11146=DIRECTION('',(0.,0.,-1.));
#11147=DIRECTION('',(0.,0.,-1.));
#11148=DIRECTION('',(-1.,0.,0.));
#11149=DIRECTION('',(0.,0.,1.));
#11150=DIRECTION('',(1.,0.,0.));
#11151=DIRECTION('',(0.,0.,-1.));
#11152=DIRECTION('',(1.,0.,0.));
#11153=DIRECTION('',(0.,0.,-1.));
#11154=DIRECTION('',(0.,-1.,0.));
#11155=DIRECTION('',(0.,0.,-1.));
#11156=DIRECTION('',(0.,0.,-1.));
#11157=DIRECTION('',(-1.,0.,0.));
#11158=DIRECTION('',(0.,0.,1.));
#11159=DIRECTION('',(1.,0.,0.));
#11160=DIRECTION('',(0.,0.,-1.));
#11161=DIRECTION('',(0.,-1.,0.));
#11162=DIRECTION('',(0.,0.,-1.));
#11163=DIRECTION('',(-1.,0.,0.));
#11164=DIRECTION('',(0.,0.,-1.));
#11165=DIRECTION('',(0.,1.,0.));
#11166=DIRECTION('',(0.,0.,1.));
#11167=DIRECTION('',(1.,0.,0.));
#11168=DIRECTION('',(0.,0.,-1.));
#11169=DIRECTION('',(0.,0.,-1.));
#11170=DIRECTION('',(0.,0.,-1.));
#11171=DIRECTION('',(-1.,0.,0.));
#11172=DIRECTION('',(0.,0.,1.));
#11173=DIRECTION('',(1.,0.,0.));
#11174=DIRECTION('',(0.,0.,-1.));
#11175=DIRECTION('',(1.,0.,0.));
#11176=DIRECTION('',(0.,0.,-1.));
#11177=DIRECTION('',(0.,-1.,0.));
#11178=DIRECTION('',(0.,0.,-1.));
#11179=DIRECTION('',(0.,0.,-1.));
#11180=DIRECTION('',(-1.,0.,0.));
#11181=DIRECTION('',(0.,0.,1.));
#11182=DIRECTION('',(1.,0.,0.));
#11183=DIRECTION('',(0.,0.,-1.));
#11184=DIRECTION('',(0.,-1.,0.));
#11185=DIRECTION('',(0.,0.,-1.));
#11186=DIRECTION('',(-1.,0.,0.));
#11187=DIRECTION('',(0.,0.,-1.));
#11188=DIRECTION('',(0.,0.,-1.));
#11189=DIRECTION('',(-1.,0.,0.));
#11190=DIRECTION('',(0.,0.,1.));
#11191=DIRECTION('',(1.,0.,0.));
#11192=DIRECTION('',(0.,0.,-1.));
#11193=DIRECTION('',(-1.,0.,0.));
#11194=DIRECTION('',(0.,0.,1.));
#11195=DIRECTION('',(0.,1.,0.));
#11196=DIRECTION('',(0.,0.,-1.));
#11197=DIRECTION('',(0.,0.,-1.));
#11198=DIRECTION('',(-1.,0.,0.));
#11199=DIRECTION('',(0.,0.,1.));
#11200=DIRECTION('',(1.,0.,0.));
#11201=DIRECTION('',(0.,0.,-1.));
#11202=DIRECTION('',(0.,0.,-1.));
#11203=DIRECTION('',(1.,0.,0.));
#11204=DIRECTION('',(0.,0.,-1.));
#11205=DIRECTION('',(0.,-1.,0.));
#11206=DIRECTION('',(0.,0.,-1.));
#11207=DIRECTION('',(0.,0.,-1.));
#11208=DIRECTION('',(-1.,0.,0.));
#11209=DIRECTION('',(0.,0.,1.));
#11210=DIRECTION('',(1.,0.,0.));
#11211=DIRECTION('',(0.,0.,-1.));
#11212=DIRECTION('',(0.,-1.,0.));
#11213=DIRECTION('',(0.,0.,-1.));
#11214=DIRECTION('',(-1.,0.,0.));
#11215=DIRECTION('',(0.,0.,-1.));
#11216=DIRECTION('',(0.,0.,-1.));
#11217=DIRECTION('',(-1.,0.,0.));
#11218=DIRECTION('',(0.,0.,1.));
#11219=DIRECTION('',(1.,0.,0.));
#11220=DIRECTION('',(0.,0.,-1.));
#11221=DIRECTION('',(-1.,0.,0.));
#11222=DIRECTION('',(0.,0.,1.));
#11223=DIRECTION('',(0.,1.,0.));
#11224=DIRECTION('',(0.,0.,-1.));
#11225=DIRECTION('',(0.,0.,-1.));
#11226=DIRECTION('',(-1.,0.,0.));
#11227=DIRECTION('',(0.,0.,1.));
#11228=DIRECTION('',(1.,0.,0.));
#11229=DIRECTION('',(0.,0.,-1.));
#11230=DIRECTION('',(0.,1.,0.));
#11231=DIRECTION('',(0.,0.,1.));
#11232=DIRECTION('',(1.,0.,0.));
#11233=DIRECTION('',(0.,0.,-1.));
#11234=DIRECTION('',(0.,0.,-1.));
#11235=DIRECTION('',(0.,0.,-1.));
#11236=DIRECTION('',(-1.,0.,0.));
#11237=DIRECTION('',(0.,0.,1.));
#11238=DIRECTION('',(1.,0.,0.));
#11239=DIRECTION('',(0.,0.,-1.));
#11240=DIRECTION('',(1.,0.,0.));
#11241=DIRECTION('',(0.,0.,-1.));
#11242=DIRECTION('',(0.,-1.,0.));
#11243=DIRECTION('',(0.,0.,-1.));
#11244=DIRECTION('',(0.,0.,-1.));
#11245=DIRECTION('',(-1.,0.,0.));
#11246=DIRECTION('',(0.,0.,1.));
#11247=DIRECTION('',(1.,0.,0.));
#11248=DIRECTION('',(0.,0.,-1.));
#11249=DIRECTION('',(0.,-1.,0.));
#11250=DIRECTION('',(0.,0.,-1.));
#11251=DIRECTION('',(-1.,0.,0.));
#11252=DIRECTION('',(0.,0.,-1.));
#11253=DIRECTION('',(0.,0.,-1.));
#11254=DIRECTION('',(-1.,0.,0.));
#11255=DIRECTION('',(0.,0.,1.));
#11256=DIRECTION('',(1.,0.,0.));
#11257=DIRECTION('',(0.,0.,-1.));
#11258=DIRECTION('',(-1.,0.,0.));
#11259=DIRECTION('',(0.,0.,1.));
#11260=DIRECTION('',(0.,1.,0.));
#11261=DIRECTION('',(0.,0.,-1.));
#11262=DIRECTION('',(-1.,0.,0.));
#11263=DIRECTION('',(0.,0.,1.));
#11264=DIRECTION('',(0.,1.,0.));
#11265=DIRECTION('',(0.,0.,-1.));
#11266=DIRECTION('',(0.,0.,-1.));
#11267=DIRECTION('',(0.,0.,-1.));
#11268=DIRECTION('',(-1.,0.,0.));
#11269=DIRECTION('',(0.,0.,1.));
#11270=DIRECTION('',(1.,0.,0.));
#11271=DIRECTION('',(0.,0.,-1.));
#11272=DIRECTION('',(0.,1.,0.));
#11273=DIRECTION('',(0.,0.,1.));
#11274=DIRECTION('',(1.,0.,0.));
#11275=DIRECTION('',(0.,0.,-1.));
#11276=DIRECTION('',(0.,0.,-1.));
#11277=DIRECTION('',(-1.,0.,0.));
#11278=DIRECTION('',(0.,0.,1.));
#11279=DIRECTION('',(1.,0.,0.));
#11280=DIRECTION('',(0.,0.,-1.));
#11281=DIRECTION('',(1.,0.,0.));
#11282=DIRECTION('',(0.,0.,-1.));
#11283=DIRECTION('',(0.,-1.,0.));
#11284=DIRECTION('',(0.,0.,-1.));
#11285=DIRECTION('',(0.,0.,-1.));
#11286=DIRECTION('',(-1.,0.,0.));
#11287=DIRECTION('',(0.,0.,1.));
#11288=DIRECTION('',(1.,0.,0.));
#11289=DIRECTION('',(0.,0.,-1.));
#11290=DIRECTION('',(0.,-1.,0.));
#11291=DIRECTION('',(0.,0.,-1.));
#11292=DIRECTION('',(-1.,0.,0.));
#11293=DIRECTION('',(0.,0.,-1.));
#11294=DIRECTION('',(0.,-1.,0.));
#11295=DIRECTION('',(0.,0.,-1.));
#11296=DIRECTION('',(-1.,0.,0.));
#11297=DIRECTION('',(0.,0.,-1.));
#11298=DIRECTION('',(0.,0.,-1.));
#11299=DIRECTION('',(0.,0.,-1.));
#11300=DIRECTION('',(-1.,0.,0.));
#11301=DIRECTION('',(0.,0.,1.));
#11302=DIRECTION('',(1.,0.,0.));
#11303=DIRECTION('',(0.,0.,-1.));
#11304=DIRECTION('',(-1.,0.,0.));
#11305=DIRECTION('',(0.,0.,1.));
#11306=DIRECTION('',(0.,1.,0.));
#11307=DIRECTION('',(0.,0.,-1.));
#11308=DIRECTION('',(0.,0.,-1.));
#11309=DIRECTION('',(-1.,0.,0.));
#11310=DIRECTION('',(0.,0.,1.));
#11311=DIRECTION('',(1.,0.,0.));
#11312=DIRECTION('',(0.,0.,-1.));
#11313=DIRECTION('',(0.,1.,0.));
#11314=DIRECTION('',(0.,0.,1.));
#11315=DIRECTION('',(1.,0.,0.));
#11316=DIRECTION('',(0.,0.,-1.));
#11317=DIRECTION('',(0.,0.,-1.));
#11318=DIRECTION('',(-1.,0.,0.));
#11319=DIRECTION('',(0.,0.,1.));
#11320=DIRECTION('',(1.,0.,0.));
#11321=DIRECTION('',(0.,0.,-1.));
#11322=DIRECTION('',(1.,0.,0.));
#11323=DIRECTION('',(0.,0.,-1.));
#11324=DIRECTION('',(0.,-1.,0.));
#11325=DIRECTION('',(0.,0.,-1.));
#11326=DIRECTION('',(0.,-1.,0.));
#11327=DIRECTION('',(0.,0.,-1.));
#11328=DIRECTION('',(-1.,0.,0.));
#11329=DIRECTION('',(0.,0.,-1.));
#11330=DIRECTION('',(-1.,0.,0.));
#11331=DIRECTION('',(0.,0.,-1.));
#11332=DIRECTION('',(0.,0.,-1.));
#11333=DIRECTION('',(-1.,0.,0.));
#11334=DIRECTION('',(0.,0.,1.));
#11335=DIRECTION('',(1.,0.,0.));
#11336=DIRECTION('',(0.,0.,-1.));
#11337=DIRECTION('',(-1.,0.,0.));
#11338=DIRECTION('',(0.,0.,1.));
#11339=DIRECTION('',(1.,0.,0.));
#11340=DIRECTION('',(0.,0.,-1.));
#11341=DIRECTION('',(-1.,0.,0.));
#11342=DIRECTION('',(0.,0.,1.));
#11343=DIRECTION('',(1.,0.,0.));
#11344=DIRECTION('',(0.,0.,-1.));
#11345=DIRECTION('',(-1.,0.,0.));
#11346=DIRECTION('',(0.,0.,1.));
#11347=DIRECTION('',(1.,0.,0.));
#11348=DIRECTION('',(0.,0.,-1.));
#11349=DIRECTION('',(-1.,0.,0.));
#11350=DIRECTION('',(0.,0.,1.));
#11351=DIRECTION('',(1.,0.,0.));
#11352=DIRECTION('',(1.,0.,0.));
#11353=DIRECTION('',(0.,0.,-1.));
#11354=DIRECTION('',(0.,-1.,0.));
#11355=DIRECTION('',(-1.,0.,0.));
#11356=DIRECTION('',(0.,0.,1.));
#11357=DIRECTION('',(0.,1.,0.));
#11358=DIRECTION('',(0.,0.,-1.));
#11359=DIRECTION('',(-1.,0.,0.));
#11360=DIRECTION('',(0.,0.,1.));
#11361=DIRECTION('',(1.,0.,0.));
#11362=DIRECTION('',(0.,0.,-1.));
#11363=DIRECTION('',(-1.,0.,0.));
#11364=DIRECTION('',(0.,0.,1.));
#11365=DIRECTION('',(1.,0.,0.));
#11366=DIRECTION('',(0.,0.,-1.));
#11367=DIRECTION('',(-1.,0.,0.));
#11368=DIRECTION('',(0.,0.,1.));
#11369=DIRECTION('',(1.,0.,0.));
#11370=DIRECTION('',(0.,0.,-1.));
#11371=DIRECTION('',(-1.,0.,0.));
#11372=DIRECTION('',(0.,0.,1.));
#11373=DIRECTION('',(1.,0.,0.));
#11374=DIRECTION('',(0.,0.,-1.));
#11375=DIRECTION('',(-1.,0.,0.));
#11376=DIRECTION('',(0.,0.,1.));
#11377=DIRECTION('',(1.,0.,0.));
#11378=DIRECTION('',(0.,0.,-1.));
#11379=DIRECTION('',(-1.,0.,0.));
#11380=DIRECTION('',(0.,0.,1.));
#11381=DIRECTION('',(1.,0.,0.));
#11382=DIRECTION('',(0.,-1.,0.));
#11383=DIRECTION('',(0.,0.,-1.));
#11384=DIRECTION('',(-1.,0.,0.));
#11385=DIRECTION('',(0.,0.,-1.));
#11386=DIRECTION('',(-1.,0.,0.));
#11387=DIRECTION('',(0.,0.,1.));
#11388=DIRECTION('',(1.,0.,0.));
#11389=DIRECTION('',(0.,-1.,0.));
#11390=DIRECTION('',(0.,0.,-1.));
#11391=DIRECTION('',(-1.,0.,0.));
#11392=DIRECTION('',(0.,0.,-1.));
#11393=DIRECTION('',(-1.,0.,0.));
#11394=DIRECTION('',(0.,0.,1.));
#11395=DIRECTION('',(1.,0.,0.));
#11396=DIRECTION('',(1.,0.,0.));
#11397=DIRECTION('',(0.,0.,-1.));
#11398=DIRECTION('',(0.,-1.,0.));
#11399=DIRECTION('',(0.,0.,-1.));
#11400=DIRECTION('',(-1.,0.,0.));
#11401=DIRECTION('',(0.,0.,1.));
#11402=DIRECTION('',(1.,0.,0.));
#11403=DIRECTION('',(0.,0.,-1.));
#11404=DIRECTION('',(-1.,0.,0.));
#11405=DIRECTION('',(0.,0.,1.));
#11406=DIRECTION('',(1.,0.,0.));
#11407=DIRECTION('',(0.,0.,-1.));
#11408=DIRECTION('',(-1.,0.,0.));
#11409=DIRECTION('',(0.,0.,1.));
#11410=DIRECTION('',(1.,0.,0.));
#11411=DIRECTION('',(0.,0.,-1.));
#11412=DIRECTION('',(-1.,0.,0.));
#11413=DIRECTION('',(0.,0.,1.));
#11414=DIRECTION('',(1.,0.,0.));
#11415=DIRECTION('',(-0.965925826326351,0.25881904496338,0.));
#11416=DIRECTION('',(-0.25881904496338,-0.965925826326351,0.));
#11417=DIRECTION('',(0.25881904496338,0.965925826326351,0.));
#11418=DIRECTION('',(0.,0.,-1.));
#11419=DIRECTION('',(-1.,0.,0.));
#11420=DIRECTION('',(0.,0.,1.));
#11421=DIRECTION('',(1.,0.,0.));
#11422=DIRECTION('',(0.,0.,-1.));
#11423=DIRECTION('',(-1.,0.,0.));
#11424=DIRECTION('',(0.,0.,1.));
#11425=DIRECTION('',(1.,0.,0.));
#11426=DIRECTION('',(0.,1.,0.));
#11427=DIRECTION('',(0.,0.,1.));
#11428=DIRECTION('',(1.,0.,0.));
#11429=DIRECTION('',(0.,0.,-1.));
#11430=DIRECTION('',(-1.,0.,0.));
#11431=DIRECTION('',(0.,0.,1.));
#11432=DIRECTION('',(1.,0.,0.));
#11433=DIRECTION('',(0.,0.,-1.));
#11434=DIRECTION('',(-1.,0.,0.));
#11435=DIRECTION('',(0.,0.,1.));
#11436=DIRECTION('',(1.,0.,0.));
#11437=DIRECTION('',(0.,0.,-1.));
#11438=DIRECTION('',(-1.,0.,0.));
#11439=DIRECTION('',(0.,0.,1.));
#11440=DIRECTION('',(1.,0.,0.));
#11441=DIRECTION('',(1.,0.,0.));
#11442=DIRECTION('',(0.,0.,-1.));
#11443=DIRECTION('',(0.,-1.,0.));
#11444=DIRECTION('',(0.,-1.,0.));
#11445=DIRECTION('',(0.,0.,1.));
#11446=DIRECTION('',(1.,0.,0.));
#11447=DIRECTION('',(1.,0.,0.));
#11448=DIRECTION('',(0.,0.,1.));
#11449=DIRECTION('',(1.,0.,0.));
#11450=DIRECTION('',(0.984438119338251,-0.175731582801066,0.));
#11451=DIRECTION('',(0.,0.,1.));
#11452=DIRECTION('',(1.,0.,0.));
#11453=DIRECTION('',(0.,0.,1.));
#11454=DIRECTION('',(1.,0.,0.));
#11455=DIRECTION('',(0.,0.,1.));
#11456=DIRECTION('',(1.,0.,0.));
#11457=DIRECTION('',(0.,0.,1.));
#11458=DIRECTION('',(1.,0.,0.));
#11459=DIRECTION('',(0.,0.,1.));
#11460=DIRECTION('',(1.,0.,0.));
#11461=DIRECTION('',(0.,0.,1.));
#11462=DIRECTION('',(1.,0.,0.));
#11463=DIRECTION('',(0.,0.,1.));
#11464=DIRECTION('',(1.,0.,0.));
#11465=DIRECTION('',(0.,0.,1.));
#11466=DIRECTION('',(1.,0.,0.));
#11467=DIRECTION('',(0.,0.,1.));
#11468=DIRECTION('',(1.,0.,0.));
#11469=DIRECTION('',(0.,0.,1.));
#11470=DIRECTION('',(1.,0.,0.));
#11471=DIRECTION('',(0.,0.,1.));
#11472=DIRECTION('',(1.,0.,0.));
#11473=DIRECTION('',(0.,0.,1.));
#11474=DIRECTION('',(1.,0.,0.));
#11475=DIRECTION('',(0.,-1.,0.));
#11476=DIRECTION('',(0.,0.,1.));
#11477=DIRECTION('',(1.,0.,0.));
#11478=DIRECTION('',(-0.0539752611118108,-0.998542273110113,0.));
#11479=DIRECTION('',(0.,0.,1.));
#11480=DIRECTION('',(1.,0.,0.));
#11481=DIRECTION('',(0.260610709916141,-0.965443969309978,0.));
#11482=DIRECTION('',(0.,0.,1.));
#11483=DIRECTION('',(1.,0.,0.));
#11484=DIRECTION('',(-0.469033593994033,-0.88318032570084,0.));
#11485=DIRECTION('',(0.,0.,1.));
#11486=DIRECTION('',(1.,0.,0.));
#11487=DIRECTION('',(-1.,0.,0.));
#11488=DIRECTION('',(0.,0.,1.));
#11489=DIRECTION('',(1.,0.,0.));
#11490=DIRECTION('',(-0.871575553655765,0.490261210243729,0.));
#11491=DIRECTION('',(0.,0.,1.));
#11492=DIRECTION('',(1.,0.,0.));
#11493=DIRECTION('',(-0.954479982712457,0.29827497816818,0.));
#11494=DIRECTION('',(0.,0.,1.));
#11495=DIRECTION('',(1.,0.,0.));
#11496=DIRECTION('',(-1.,0.,0.));
#11497=DIRECTION('',(0.,0.,1.));
#11498=DIRECTION('',(1.,0.,0.));
#11499=DIRECTION('',(-0.896870869661012,0.442292485979019,0.));
#11500=DIRECTION('',(0.,0.,1.));
#11501=DIRECTION('',(1.,0.,0.));
#11502=DIRECTION('',(-0.00120048035361513,0.999999279423201,0.));
#11503=DIRECTION('',(0.,0.,1.));
#11504=DIRECTION('',(1.,0.,0.));
#11505=DIRECTION('',(0.972199950587542,0.234152207073905,0.));
#11506=DIRECTION('',(0.,0.,1.));
#11507=DIRECTION('',(1.,0.,0.));
#11508=DIRECTION('',(1.,0.,0.));
#11509=DIRECTION('',(0.,0.,1.));
#11510=DIRECTION('',(1.,0.,0.));
#11511=DIRECTION('',(0.,0.,1.));
#11512=DIRECTION('',(1.,0.,0.));
#11513=DIRECTION('',(0.,0.,1.));
#11514=DIRECTION('',(1.,0.,0.));
#11515=DIRECTION('',(0.234152207073905,-0.972199950587542,0.));
#11516=DIRECTION('',(0.972199950587542,0.234152207073905,0.));
#11517=DIRECTION('',(0.,0.,1.));
#11518=DIRECTION('',(0.972199950587542,0.234152207073905,0.));
#11519=DIRECTION('',(0.,0.,1.));
#11520=DIRECTION('',(0.442292485979019,0.896870869661011,0.));
#11521=DIRECTION('',(-0.896870869661012,0.442292485979019,0.));
#11522=DIRECTION('',(0.,0.,1.));
#11523=DIRECTION('',(-0.896870869661012,0.442292485979019,0.));
#11524=DIRECTION('',(0.,0.,1.));
#11525=DIRECTION('',(0.,1.,0.));
#11526=DIRECTION('',(0.,0.,1.));
#11527=DIRECTION('',(0.,0.,1.));
#11528=DIRECTION('',(-1.,0.,0.));
#11529=DIRECTION('',(0.,0.,1.));
#11530=DIRECTION('',(0.29827497816818,0.954479982712457,0.));
#11531=DIRECTION('',(-0.954479982712457,0.29827497816818,0.));
#11532=DIRECTION('',(0.,0.,1.));
#11533=DIRECTION('',(-0.954479982712457,0.29827497816818,0.));
#11534=DIRECTION('',(0.,0.,1.));
#11535=DIRECTION('',(0.490261210243729,0.871575553655765,0.));
#11536=DIRECTION('',(-0.871575553655765,0.490261210243729,0.));
#11537=DIRECTION('',(0.,0.,1.));
#11538=DIRECTION('',(-0.871575553655765,0.490261210243729,0.));
#11539=DIRECTION('',(0.,0.,1.));
#11540=DIRECTION('',(0.,1.,0.));
#11541=DIRECTION('',(0.,0.,1.));
#11542=DIRECTION('',(0.,0.,1.));
#11543=DIRECTION('',(-1.,0.,0.));
#11544=DIRECTION('',(0.,0.,1.));
#11545=DIRECTION('',(-0.965443969309978,-0.260610709916141,0.));
#11546=DIRECTION('',(0.260610709916141,-0.965443969309978,0.));
#11547=DIRECTION('',(0.,0.,1.));
#11548=DIRECTION('',(0.260610709916141,-0.965443969309978,0.));
#11549=DIRECTION('',(0.,0.,1.));
#11550=DIRECTION('',(-0.998542273110113,0.0539752611118108,0.));
#11551=DIRECTION('',(-0.0539752611118108,-0.998542273110113,0.));
#11552=DIRECTION('',(0.,0.,1.));
#11553=DIRECTION('',(-0.0539752611118108,-0.998542273110113,0.));
#11554=DIRECTION('',(0.,0.,1.));
#11555=DIRECTION('',(0.,0.,1.));
#11556=DIRECTION('',(1.,0.,0.));
#11557=DIRECTION('',(0.,0.,1.));
#11558=DIRECTION('',(0.,0.,1.));
#11559=DIRECTION('',(1.,0.,0.));
#11560=DIRECTION('',(-1.,0.,0.));
#11561=DIRECTION('',(0.,0.,1.));
#11562=DIRECTION('',(0.,-1.,0.));
#11563=DIRECTION('',(0.,0.,1.));
#11564=DIRECTION('',(-1.,0.,0.));
#11565=DIRECTION('',(0.,0.,1.));
#11566=DIRECTION('',(0.,-1.,0.));
#11567=DIRECTION('',(0.,0.,1.));
#11568=DIRECTION('',(-1.,0.,0.));
#11569=DIRECTION('',(0.,0.,1.));
#11570=DIRECTION('',(0.,-1.,0.));
#11571=DIRECTION('',(0.,0.,1.));
#11572=DIRECTION('',(0.,0.,1.));
#11573=DIRECTION('',(1.,0.,0.));
#11574=DIRECTION('',(0.,0.,1.));
#11575=DIRECTION('',(1.,0.,0.));
#11576=DIRECTION('',(0.,0.,1.));
#11577=DIRECTION('',(1.,0.,0.));
#11578=DIRECTION('',(0.,0.,1.));
#11579=DIRECTION('',(1.,0.,0.));
#11580=DIRECTION('',(0.,0.,1.));
#11581=DIRECTION('',(1.,0.,0.));
#11582=DIRECTION('',(0.,0.,1.));
#11583=DIRECTION('',(0.,0.,1.));
#11584=DIRECTION('',(1.,0.,0.));
#11585=DIRECTION('',(-0.88318032570084,0.469033593994033,0.));
#11586=DIRECTION('',(-0.469033593994033,-0.88318032570084,0.));
#11587=DIRECTION('',(-0.469033593994033,-0.88318032570084,0.));
#11588=DIRECTION('',(0.,0.,1.));
#11589=DIRECTION('',(0.,0.,1.));
#11590=DIRECTION('',(1.,0.,0.));
#11591=DIRECTION('',(0.,0.,1.));
#11592=DIRECTION('',(1.,0.,0.));
#11593=DIRECTION('',(0.,0.,1.));
#11594=DIRECTION('',(1.,0.,0.));
#11595=DIRECTION('',(0.,0.,1.));
#11596=DIRECTION('',(1.,0.,0.));
#11597=DIRECTION('',(0.,0.,1.));
#11598=DIRECTION('',(1.,0.,0.));
#11599=DIRECTION('',(0.,0.,1.));
#11600=DIRECTION('',(1.,0.,0.));
#11601=DIRECTION('',(0.,0.,1.));
#11602=DIRECTION('',(1.,0.,0.));
#11603=DIRECTION('',(0.,0.,1.));
#11604=DIRECTION('',(1.,0.,0.));
#11605=DIRECTION('',(0.,0.,1.));
#11606=DIRECTION('',(1.,0.,0.));
#11607=DIRECTION('',(0.,0.,1.));
#11608=DIRECTION('',(1.,0.,0.));
#11609=DIRECTION('',(0.,0.,1.));
#11610=DIRECTION('',(1.,0.,0.));
#11611=DIRECTION('',(0.,0.,1.));
#11612=DIRECTION('',(0.,0.,1.));
#11613=DIRECTION('',(1.,0.,0.));
#11614=DIRECTION('',(0.999999279423201,0.00120048035361513,0.));
#11615=DIRECTION('',(-0.00120048035361513,0.999999279423201,0.));
#11616=DIRECTION('',(-0.00120048035361513,0.999999279423201,0.));
#11617=DIRECTION('',(0.,0.,1.));
#11618=DIRECTION('',(0.,0.,1.));
#11619=DIRECTION('',(1.,0.,0.));
#11620=DIRECTION('',(0.,0.,1.));
#11621=DIRECTION('',(1.,0.,0.));
#11622=DIRECTION('',(0.,0.,1.));
#11623=DIRECTION('',(1.,0.,0.));
#11624=DIRECTION('',(0.,0.,1.));
#11625=DIRECTION('',(0.,0.,1.));
#11626=DIRECTION('',(1.,0.,0.));
#11627=DIRECTION('',(0.,-1.,0.));
#11628=DIRECTION('',(0.,0.,-1.));
#11629=DIRECTION('',(1.,0.,0.));
#11630=DIRECTION('',(0.,0.,1.));
#11631=DIRECTION('',(0.,0.,1.));
#11632=DIRECTION('',(1.,0.,0.));
#11633=DIRECTION('',(0.,0.,1.));
#11634=DIRECTION('',(1.,0.,0.));
#11635=DIRECTION('',(-0.175731582801066,-0.984438119338251,0.));
#11636=DIRECTION('',(0.984438119338251,-0.175731582801066,0.));
#11637=DIRECTION('',(0.,0.,1.));
#11638=DIRECTION('',(0.984438119338251,-0.175731582801066,0.));
#11639=DIRECTION('',(0.,0.,1.));
#11640=DIRECTION('',(1.,0.,0.));
#11641=DIRECTION('',(0.,0.,1.));
#11642=DIRECTION('',(0.,0.,1.));
#11643=DIRECTION('',(1.,0.,0.));
#11644=DIRECTION('',(-1.,0.,0.));
#11645=DIRECTION('',(0.,0.,1.));
#11646=DIRECTION('',(0.,0.,1.));
#11647=DIRECTION('',(0.,-1.,0.));
#11648=DIRECTION('',(0.,0.,1.));
#11649=DIRECTION('',(1.,0.,0.));
#11650=DIRECTION('',(0.,0.,1.));
#11651=DIRECTION('',(0.,0.,1.));
#11652=DIRECTION('',(1.,0.,0.));
#11653=DIRECTION('',(-0.998542273110113,0.0539752611118108,0.));
#11654=DIRECTION('',(-0.0539752611118108,-0.998542273110113,0.));
#11655=DIRECTION('',(0.,0.,1.));
#11656=DIRECTION('',(-0.0539752611118108,-0.998542273110113,0.));
#11657=DIRECTION('',(0.,0.,1.));
#11658=DIRECTION('',(1.,0.,0.));
#11659=DIRECTION('',(0.,0.,1.));
#11660=DIRECTION('',(0.,0.,1.));
#11661=DIRECTION('',(1.,0.,0.));
#11662=DIRECTION('',(-0.965443969309978,-0.260610709916141,0.));
#11663=DIRECTION('',(0.260610709916141,-0.965443969309978,0.));
#11664=DIRECTION('',(0.,0.,1.));
#11665=DIRECTION('',(0.260610709916141,-0.965443969309978,0.));
#11666=DIRECTION('',(0.,0.,1.));
#11667=DIRECTION('',(1.,0.,0.));
#11668=DIRECTION('',(0.,0.,1.));
#11669=DIRECTION('',(0.,0.,1.));
#11670=DIRECTION('',(1.,0.,0.));
#11671=DIRECTION('',(-0.88318032570084,0.469033593994033,0.));
#11672=DIRECTION('',(-0.469033593994033,-0.88318032570084,0.));
#11673=DIRECTION('',(0.,0.,1.));
#11674=DIRECTION('',(-0.469033593994033,-0.88318032570084,0.));
#11675=DIRECTION('',(0.,0.,1.));
#11676=DIRECTION('',(1.,0.,0.));
#11677=DIRECTION('',(0.,0.,1.));
#11678=DIRECTION('',(0.,0.,1.));
#11679=DIRECTION('',(1.,0.,0.));
#11680=DIRECTION('',(0.,1.,0.));
#11681=DIRECTION('',(0.,0.,1.));
#11682=DIRECTION('',(0.,0.,1.));
#11683=DIRECTION('',(-1.,0.,0.));
#11684=DIRECTION('',(0.,0.,1.));
#11685=DIRECTION('',(1.,0.,0.));
#11686=DIRECTION('',(0.,0.,1.));
#11687=DIRECTION('',(0.,0.,1.));
#11688=DIRECTION('',(1.,0.,0.));
#11689=DIRECTION('',(0.490261210243729,0.871575553655765,0.));
#11690=DIRECTION('',(-0.871575553655765,0.490261210243729,0.));
#11691=DIRECTION('',(0.,0.,1.));
#11692=DIRECTION('',(-0.871575553655765,0.490261210243729,0.));
#11693=DIRECTION('',(0.,0.,1.));
#11694=DIRECTION('',(1.,0.,0.));
#11695=DIRECTION('',(0.,0.,1.));
#11696=DIRECTION('',(0.,0.,1.));
#11697=DIRECTION('',(1.,0.,0.));
#11698=DIRECTION('',(0.29827497816818,0.954479982712457,0.));
#11699=DIRECTION('',(-0.954479982712457,0.29827497816818,0.));
#11700=DIRECTION('',(0.,0.,1.));
#11701=DIRECTION('',(-0.954479982712457,0.29827497816818,0.));
#11702=DIRECTION('',(0.,0.,1.));
#11703=DIRECTION('',(1.,0.,0.));
#11704=DIRECTION('',(0.,0.,1.));
#11705=DIRECTION('',(0.,0.,1.));
#11706=DIRECTION('',(1.,0.,0.));
#11707=DIRECTION('',(0.,1.,0.));
#11708=DIRECTION('',(0.,0.,1.));
#11709=DIRECTION('',(0.,0.,1.));
#11710=DIRECTION('',(-1.,0.,0.));
#11711=DIRECTION('',(0.,0.,1.));
#11712=DIRECTION('',(1.,0.,0.));
#11713=DIRECTION('',(0.,0.,1.));
#11714=DIRECTION('',(0.,0.,1.));
#11715=DIRECTION('',(1.,0.,0.));
#11716=DIRECTION('',(0.442292485979019,0.896870869661011,0.));
#11717=DIRECTION('',(-0.896870869661012,0.442292485979019,0.));
#11718=DIRECTION('',(0.,0.,1.));
#11719=DIRECTION('',(-0.896870869661012,0.442292485979019,0.));
#11720=DIRECTION('',(0.,0.,1.));
#11721=DIRECTION('',(1.,0.,0.));
#11722=DIRECTION('',(0.,0.,1.));
#11723=DIRECTION('',(0.,0.,1.));
#11724=DIRECTION('',(1.,0.,0.));
#11725=DIRECTION('',(0.999999279423201,0.00120048035361513,0.));
#11726=DIRECTION('',(-0.00120048035361513,0.999999279423201,0.));
#11727=DIRECTION('',(0.,0.,1.));
#11728=DIRECTION('',(-0.00120048035361513,0.999999279423201,0.));
#11729=DIRECTION('',(0.,0.,1.));
#11730=DIRECTION('',(1.,0.,0.));
#11731=DIRECTION('',(0.,0.,1.));
#11732=DIRECTION('',(0.,0.,1.));
#11733=DIRECTION('',(1.,0.,0.));
#11734=DIRECTION('',(0.234152207073905,-0.972199950587542,0.));
#11735=DIRECTION('',(0.972199950587542,0.234152207073905,0.));
#11736=DIRECTION('',(0.,0.,1.));
#11737=DIRECTION('',(0.972199950587542,0.234152207073905,0.));
#11738=DIRECTION('',(0.,0.,1.));
#11739=DIRECTION('',(1.,0.,0.));
#11740=DIRECTION('',(0.,0.,1.));
#11741=DIRECTION('',(0.,0.,1.));
#11742=DIRECTION('',(1.,0.,0.));
#11743=DIRECTION('',(0.,-1.,0.));
#11744=DIRECTION('',(0.,0.,-1.));
#11745=DIRECTION('',(0.,0.,1.));
#11746=DIRECTION('',(1.,0.,0.));
#11747=DIRECTION('',(0.,0.,1.));
#11748=DIRECTION('',(1.,0.,0.));
#11749=DIRECTION('',(0.,0.,1.));
#11750=DIRECTION('',(1.,0.,0.));
#11751=DIRECTION('',(-1.,0.,0.));
#11752=DIRECTION('',(0.,0.,1.));
#11753=DIRECTION('',(0.,-1.,0.));
#11754=DIRECTION('',(0.,0.,1.));
#11755=DIRECTION('',(0.,-1.,0.));
#11756=DIRECTION('',(0.,0.,1.));
#11757=DIRECTION('',(0.,0.,1.));
#11758=DIRECTION('',(0.,-1.,0.));
#11759=DIRECTION('',(0.,0.,1.));
#11760=DIRECTION('',(0.,-1.,0.));
#11761=DIRECTION('',(0.,0.,1.));
#11762=DIRECTION('',(1.,0.,0.));
#11763=DIRECTION('',(0.,0.,1.));
#11764=DIRECTION('',(0.,0.,1.));
#11765=DIRECTION('',(1.,0.,0.));
#11766=DIRECTION('',(0.,0.,1.));
#11767=DIRECTION('',(1.,0.,0.));
#11768=DIRECTION('',(-0.175731582801066,-0.984438119338251,0.));
#11769=DIRECTION('',(0.984438119338251,-0.175731582801066,0.));
#11770=DIRECTION('',(0.984438119338251,-0.175731582801066,0.));
#11771=DIRECTION('',(0.984438119338251,-0.175731582801066,0.));
#11772=DIRECTION('',(0.,0.,1.));
#11773=DIRECTION('',(0.984438119338251,-0.175731582801066,0.));
#11774=DIRECTION('',(-0.175731582801066,-0.984438119338251,0.));
#11775=DIRECTION('',(-0.984438119338251,0.175731582801066,0.));
#11776=DIRECTION('',(0.984438119338251,-0.175731582801066,0.));
#11777=DIRECTION('',(-0.175731582801066,-0.984438119338251,0.));
#11778=DIRECTION('',(0.984438119338251,-0.175731582801066,0.));
#11779=DIRECTION('',(0.,0.,1.));
#11780=DIRECTION('',(1.,0.,0.));
#11781=DIRECTION('',(0.,0.,1.));
#11782=DIRECTION('',(0.,0.,1.));
#11783=DIRECTION('',(1.,0.,0.));
#11784=DIRECTION('',(0.,0.,1.));
#11785=DIRECTION('',(1.,0.,0.));
#11786=DIRECTION('',(0.,-1.,0.));
#11787=DIRECTION('',(0.,0.,-1.));
#11788=DIRECTION('',(0.,0.,1.));
#11789=DIRECTION('',(1.,0.,0.));
#11790=DIRECTION('',(1.,0.,0.));
#11791=DIRECTION('',(0.,0.,1.));
#11792=DIRECTION('',(1.,0.,0.));
#11793=DIRECTION('',(0.,0.,1.));
#11794=DIRECTION('',(0.,0.,1.));
#11795=DIRECTION('',(1.,0.,0.));
#11796=DIRECTION('',(0.,0.,1.));
#11797=DIRECTION('',(1.,0.,0.));
#11798=DIRECTION('',(0.234152207073905,-0.972199950587542,0.));
#11799=DIRECTION('',(0.972199950587542,0.234152207073905,0.));
#11800=DIRECTION('',(0.,0.,1.));
#11801=DIRECTION('',(0.972199950587542,0.234152207073905,0.));
#11802=DIRECTION('',(0.972199950587542,0.234152207073905,0.));
#11803=DIRECTION('',(0.,0.,1.));
#11804=DIRECTION('',(1.,0.,0.));
#11805=DIRECTION('',(0.,0.,1.));
#11806=DIRECTION('',(0.,0.,1.));
#11807=DIRECTION('',(1.,0.,0.));
#11808=DIRECTION('',(0.,0.,1.));
#11809=DIRECTION('',(1.,0.,0.));
#11810=DIRECTION('',(0.999999279423201,0.00120048035361548,0.));
#11811=DIRECTION('',(-0.00120048035361548,0.999999279423201,0.));
#11812=DIRECTION('',(0.,0.,1.));
#11813=DIRECTION('',(-0.00120048035361548,0.999999279423201,0.));
#11814=DIRECTION('',(-0.00120048035361548,0.999999279423201,0.));
#11815=DIRECTION('',(0.,0.,1.));
#11816=DIRECTION('',(1.,0.,0.));
#11817=DIRECTION('',(0.,0.,1.));
#11818=DIRECTION('',(0.,0.,1.));
#11819=DIRECTION('',(1.,0.,0.));
#11820=DIRECTION('',(0.,0.,1.));
#11821=DIRECTION('',(1.,0.,0.));
#11822=DIRECTION('',(0.442292485979019,0.896870869661012,0.));
#11823=DIRECTION('',(-0.896870869661012,0.442292485979019,0.));
#11824=DIRECTION('',(0.,0.,1.));
#11825=DIRECTION('',(-0.896870869661012,0.442292485979019,0.));
#11826=DIRECTION('',(-0.896870869661012,0.442292485979019,0.));
#11827=DIRECTION('',(0.,0.,1.));
#11828=DIRECTION('',(1.,0.,0.));
#11829=DIRECTION('',(0.,0.,1.));
#11830=DIRECTION('',(0.,0.,1.));
#11831=DIRECTION('',(1.,0.,0.));
#11832=DIRECTION('',(0.,0.,1.));
#11833=DIRECTION('',(1.,0.,0.));
#11834=DIRECTION('',(0.,1.,0.));
#11835=DIRECTION('',(0.,0.,1.));
#11836=DIRECTION('',(0.,0.,1.));
#11837=DIRECTION('',(-1.,0.,0.));
#11838=DIRECTION('',(-1.,0.,0.));
#11839=DIRECTION('',(0.,0.,1.));
#11840=DIRECTION('',(1.,0.,0.));
#11841=DIRECTION('',(0.,0.,1.));
#11842=DIRECTION('',(0.,0.,1.));
#11843=DIRECTION('',(1.,0.,0.));
#11844=DIRECTION('',(0.,0.,1.));
#11845=DIRECTION('',(1.,0.,0.));
#11846=DIRECTION('',(0.29827497816818,0.954479982712457,0.));
#11847=DIRECTION('',(-0.954479982712457,0.29827497816818,0.));
#11848=DIRECTION('',(0.,0.,1.));
#11849=DIRECTION('',(-0.954479982712457,0.29827497816818,0.));
#11850=DIRECTION('',(-0.954479982712457,0.29827497816818,0.));
#11851=DIRECTION('',(0.,0.,1.));
#11852=DIRECTION('',(1.,0.,0.));
#11853=DIRECTION('',(0.,0.,1.));
#11854=DIRECTION('',(0.,0.,1.));
#11855=DIRECTION('',(1.,0.,0.));
#11856=DIRECTION('',(0.,0.,1.));
#11857=DIRECTION('',(1.,0.,0.));
#11858=DIRECTION('',(0.49026121024373,0.871575553655765,0.));
#11859=DIRECTION('',(-0.871575553655765,0.49026121024373,0.));
#11860=DIRECTION('',(0.,0.,1.));
#11861=DIRECTION('',(-0.871575553655765,0.49026121024373,0.));
#11862=DIRECTION('',(-0.871575553655765,0.49026121024373,0.));
#11863=DIRECTION('',(0.,0.,1.));
#11864=DIRECTION('',(1.,0.,0.));
#11865=DIRECTION('',(0.,0.,1.));
#11866=DIRECTION('',(0.,0.,1.));
#11867=DIRECTION('',(1.,0.,0.));
#11868=DIRECTION('',(0.,0.,1.));
#11869=DIRECTION('',(1.,0.,0.));
#11870=DIRECTION('',(0.,1.,0.));
#11871=DIRECTION('',(0.,0.,1.));
#11872=DIRECTION('',(0.,0.,1.));
#11873=DIRECTION('',(-1.,0.,0.));
#11874=DIRECTION('',(-1.,0.,0.));
#11875=DIRECTION('',(0.,0.,1.));
#11876=DIRECTION('',(1.,0.,0.));
#11877=DIRECTION('',(0.,0.,1.));
#11878=DIRECTION('',(0.,0.,1.));
#11879=DIRECTION('',(1.,0.,0.));
#11880=DIRECTION('',(0.,0.,1.));
#11881=DIRECTION('',(1.,0.,0.));
#11882=DIRECTION('',(-0.88318032570084,0.469033593994033,0.));
#11883=DIRECTION('',(-0.469033593994033,-0.88318032570084,0.));
#11884=DIRECTION('',(0.,0.,1.));
#11885=DIRECTION('',(-0.469033593994033,-0.88318032570084,0.));
#11886=DIRECTION('',(-0.469033593994033,-0.88318032570084,0.));
#11887=DIRECTION('',(0.,0.,1.));
#11888=DIRECTION('',(1.,0.,0.));
#11889=DIRECTION('',(0.,0.,1.));
#11890=DIRECTION('',(0.,0.,1.));
#11891=DIRECTION('',(1.,0.,0.));
#11892=DIRECTION('',(0.,0.,1.));
#11893=DIRECTION('',(1.,0.,0.));
#11894=DIRECTION('',(-0.965443969309978,-0.260610709916141,0.));
#11895=DIRECTION('',(0.260610709916141,-0.965443969309978,0.));
#11896=DIRECTION('',(0.,0.,1.));
#11897=DIRECTION('',(0.260610709916141,-0.965443969309978,0.));
#11898=DIRECTION('',(0.260610709916141,-0.965443969309978,0.));
#11899=DIRECTION('',(0.,0.,1.));
#11900=DIRECTION('',(1.,0.,0.));
#11901=DIRECTION('',(0.,0.,1.));
#11902=DIRECTION('',(0.,0.,1.));
#11903=DIRECTION('',(1.,0.,0.));
#11904=DIRECTION('',(0.,0.,1.));
#11905=DIRECTION('',(1.,0.,0.));
#11906=DIRECTION('',(-0.998542273110113,0.0539752611118108,0.));
#11907=DIRECTION('',(-0.0539752611118108,-0.998542273110113,0.));
#11908=DIRECTION('',(0.,0.,1.));
#11909=DIRECTION('',(-0.0539752611118108,-0.998542273110113,0.));
#11910=DIRECTION('',(-0.0539752611118108,-0.998542273110113,0.));
#11911=DIRECTION('',(0.,0.,1.));
#11912=DIRECTION('',(1.,0.,0.));
#11913=DIRECTION('',(0.,0.,1.));
#11914=DIRECTION('',(1.,0.,0.));
#11915=DIRECTION('',(0.,0.,1.));
#11916=DIRECTION('',(1.,0.,0.));
#11917=DIRECTION('',(0.,0.,1.));
#11918=DIRECTION('',(1.,0.,0.));
#11919=DIRECTION('',(0.,-1.,0.));
#11920=DIRECTION('',(0.,0.,-1.));
#11921=DIRECTION('',(0.,0.,1.));
#11922=DIRECTION('',(1.,0.,0.));
#11923=DIRECTION('',(2.89120579329468E-16,-1.,0.));
#11924=DIRECTION('',(1.,2.89120579329468E-16,0.));
#11925=DIRECTION('',(0.,0.,1.));
#11926=DIRECTION('',(1.,2.89120579329468E-16,0.));
#11927=DIRECTION('',(0.,0.,1.));
#11928=DIRECTION('',(1.,0.,0.));
#11929=DIRECTION('',(1.,2.89120579329468E-16,0.));
#11930=DIRECTION('',(0.,-1.,0.));
#11931=DIRECTION('',(0.,0.,1.));
#11932=DIRECTION('',(1.,0.,0.));
#11933=DIRECTION('',(0.,-1.,0.));
#11934=DIRECTION('',(1.,0.,0.));
#11935=DIRECTION('',(0.,0.,1.));
#11936=DIRECTION('',(1.,0.,0.));
#11937=DIRECTION('',(0.,1.,0.));
#11938=DIRECTION('',(0.984438119338251,-0.175731582801066,0.));
#11939=DIRECTION('',(0.,1.,0.));
#11940=DIRECTION('',(0.984438119338251,-0.175731582801066,0.));
#11941=DIRECTION('',(0.,0.,1.));
#11942=DIRECTION('',(1.,0.,0.));
#11943=DIRECTION('',(0.,0.,1.));
#11944=DIRECTION('',(1.,0.,0.));
#11945=DIRECTION('',(0.,0.,1.));
#11946=DIRECTION('',(1.,0.,0.));
#11947=DIRECTION('',(0.,0.,1.));
#11948=DIRECTION('',(1.,0.,0.));
#11949=DIRECTION('',(0.,0.,1.));
#11950=DIRECTION('',(1.,0.,0.));
#11951=DIRECTION('',(0.,0.,1.));
#11952=DIRECTION('',(1.,0.,0.));
#11953=DIRECTION('',(0.,0.,1.));
#11954=DIRECTION('',(1.,0.,0.));
#11955=DIRECTION('',(0.,0.,1.));
#11956=DIRECTION('',(1.,0.,0.));
#11957=DIRECTION('',(0.,0.,1.));
#11958=DIRECTION('',(1.,0.,0.));
#11959=DIRECTION('',(0.,0.,1.));
#11960=DIRECTION('',(1.,0.,0.));
#11961=DIRECTION('',(0.,0.,1.));
#11962=DIRECTION('',(1.,0.,0.));
#11963=DIRECTION('',(0.,0.,1.));
#11964=DIRECTION('',(1.,0.,0.));
#11965=DIRECTION('',(0.,0.,1.));
#11966=DIRECTION('',(1.,0.,0.));
#11967=DIRECTION('',(0.,0.,1.));
#11968=DIRECTION('',(1.,0.,0.));
#11969=DIRECTION('',(0.,0.,1.));
#11970=DIRECTION('',(1.,0.,0.));
#11971=DIRECTION('',(0.,0.,1.));
#11972=DIRECTION('',(1.,0.,0.));
#11973=DIRECTION('',(0.,0.,1.));
#11974=DIRECTION('',(1.,0.,0.));
#11975=DIRECTION('',(0.,0.,1.));
#11976=DIRECTION('',(1.,0.,0.));
#11977=DIRECTION('',(0.,0.,1.));
#11978=DIRECTION('',(1.,0.,0.));
#11979=DIRECTION('',(0.,0.,1.));
#11980=DIRECTION('',(1.,0.,0.));
#11981=DIRECTION('',(0.,0.,1.));
#11982=DIRECTION('',(1.,0.,0.));
#11983=DIRECTION('',(0.,0.,1.));
#11984=DIRECTION('',(1.,0.,0.));
#11985=DIRECTION('',(0.,0.,1.));
#11986=DIRECTION('',(1.,0.,0.));
#11987=DIRECTION('',(0.,0.,1.));
#11988=DIRECTION('',(1.,0.,0.));
#11989=DIRECTION('',(0.,0.,1.));
#11990=DIRECTION('',(1.,0.,0.));
#11991=DIRECTION('',(0.,0.,1.));
#11992=DIRECTION('',(1.,0.,0.));
#11993=DIRECTION('',(0.,0.,1.));
#11994=DIRECTION('',(1.,0.,0.));
#11995=DIRECTION('',(0.,0.,1.));
#11996=DIRECTION('',(1.,0.,0.));
#11997=DIRECTION('',(0.,0.,-1.));
#11998=DIRECTION('',(-1.,0.,0.));
#11999=DIRECTION('',(0.,1.,0.));
#12000=DIRECTION('',(0.,0.,1.));
#12001=DIRECTION('',(0.,0.242535625036333,-0.970142500145332));
#12002=DIRECTION('',(0.,0.970142500145332,0.242535625036333));
#12003=DIRECTION('',(0.,-1.,0.));
#12004=DIRECTION('',(0.,0.,-1.));
#12005=DIRECTION('',(0.,-0.242535625036333,-0.970142500145332));
#12006=DIRECTION('',(0.,-0.970142500145332,0.242535625036333));
#12007=DIRECTION('',(0.,0.,1.));
#12008=DIRECTION('',(1.,0.,0.));
#12009=DIRECTION('',(0.,0.970142500145332,-0.242535625036333));
#12010=DIRECTION('',(0.,0.242535625036333,0.970142500145332));
#12011=DIRECTION('',(0.,-0.970142500145332,-0.242535625036333));
#12012=DIRECTION('',(0.,-0.242535625036333,0.970142500145332));
#12013=DIRECTION('',(0.,1.,0.));
#12014=DIRECTION('',(0.,0.,1.));
#12015=DIRECTION('',(-0.707106781186548,0.707106781186548,0.));
#12016=DIRECTION('',(-0.707106781186548,-0.707106781186548,0.));
#12017=DIRECTION('',(0.707106781186548,0.707106781186548,0.));
#12018=DIRECTION('',(-0.707106781186548,0.707106781186548,0.));
#12019=DIRECTION('',(1.,0.,0.));
#12020=DIRECTION('',(0.,0.,-1.));
#12021=DIRECTION('',(0.707106781186548,-0.707106781186548,0.));
#12022=DIRECTION('',(-0.707106781186548,-0.707106781186548,0.));
#12023=DIRECTION('',(-1.,0.,0.));
#12024=DIRECTION('',(0.,0.,1.));
#12025=DIRECTION('',(-0.707106781186548,-0.707106781186548,0.));
#12026=DIRECTION('',(0.707106781186548,-0.707106781186548,0.));
#12027=DIRECTION('',(0.,-1.,0.));
#12028=DIRECTION('',(0.,0.,-1.));
#12029=DIRECTION('',(-1.,0.,0.));
#12030=DIRECTION('',(0.,0.,1.));
#12031=DIRECTION('',(0.,1.,0.));
#12032=DIRECTION('',(0.,0.,1.));
#12033=DIRECTION('',(1.,0.,0.));
#12034=DIRECTION('',(0.,0.,-1.));
#12035=DIRECTION('',(1.,0.,0.));
#12036=DIRECTION('',(0.,0.,-1.));
#12037=DIRECTION('',(0.,1.,0.));
#12038=DIRECTION('',(0.,0.,1.));
#12039=DIRECTION('',(0.,-1.,0.));
#12040=DIRECTION('',(0.,0.,-1.));
#12041=DIRECTION('',(1.,0.,0.));
#12042=DIRECTION('',(0.,0.,-1.));
#12043=DIRECTION('',(0.,-1.,0.));
#12044=DIRECTION('',(0.,0.,-1.));
#12045=DIRECTION('',(0.,-1.,0.));
#12046=DIRECTION('',(0.,0.,-1.));
#12047=DIRECTION('',(1.,0.,0.));
#12048=DIRECTION('',(0.,0.,-1.));
#12049=DIRECTION('',(-1.,0.,0.));
#12050=DIRECTION('',(0.,0.,1.));
#12051=DIRECTION('',(0.,-1.,0.));
#12052=DIRECTION('',(0.,0.,-1.));
#12053=DIRECTION('',(-1.,0.,0.));
#12054=DIRECTION('',(0.,0.,1.));
#12055=DIRECTION('',(0.,-1.,0.));
#12056=DIRECTION('',(0.,0.,-1.));
#12057=DIRECTION('',(-0.641976797555384,0.76672406470681,0.));
#12058=DIRECTION('',(-0.76672406470681,-0.641976797555384,0.));
#12059=DIRECTION('',(0.76672406470681,0.641976797555385,0.));
#12060=DIRECTION('',(0.641976797555385,-0.76672406470681,0.));
#12061=DIRECTION('',(0.984438119338251,-0.175731582801066,0.));
#12062=DIRECTION('',(0.175731582801066,0.984438119338251,0.));
#12063=DIRECTION('',(-0.984438119338249,0.175731582801075,-6.09691404311173E-15));
#12064=DIRECTION('',(-0.175731582801075,-0.984438119338249,0.));
#12065=DIRECTION('',(-0.984438119338251,0.175731582801066,0.));
#12066=DIRECTION('',(-0.175731582801066,-0.984438119338251,0.));
#12067=DIRECTION('',(-0.984438119338249,0.175731582801075,0.));
#12068=DIRECTION('',(-0.175731582801075,-0.984438119338249,0.));
#12069=DIRECTION('',(0.,0.,1.));
#12070=DIRECTION('',(1.,0.,0.));
#12071=DIRECTION('',(-0.999999999988317,-4.83386386473946E-06,1.6770834251679E-19));
#12072=DIRECTION('',(4.83386386473946E-06,-0.999999999988317,0.));
#12073=DIRECTION('',(0.,0.,1.));
#12074=DIRECTION('',(1.,0.,0.));
#12075=DIRECTION('',(-1.,3.46944695195364E-14,0.));
#12076=DIRECTION('',(-3.46944695195364E-14,-1.,0.));
#12077=DIRECTION('',(1.,0.,0.));
#12078=DIRECTION('',(0.,0.,-1.));
#12079=DIRECTION('',(-1.,0.,0.));
#12080=DIRECTION('',(0.,0.,1.));
#12081=DIRECTION('',(-1.,0.,0.));
#12082=DIRECTION('',(0.,0.,1.));
#12083=DIRECTION('',(0.,0.,1.));
#12084=DIRECTION('',(1.,0.,0.));
#12085=DIRECTION('',(-0.97219836897162,-0.234158773845701,0.));
#12086=DIRECTION('',(0.234158773845701,-0.97219836897162,0.));
#12087=DIRECTION('',(0.,0.,1.));
#12088=DIRECTION('',(1.,0.,0.));
#12089=DIRECTION('',(-0.972199950587537,-0.234152207073923,0.));
#12090=DIRECTION('',(0.234152207073923,-0.972199950587538,0.));
#12091=DIRECTION('',(0.972199950587542,0.234152207073905,0.));
#12092=DIRECTION('',(-0.234152207073905,0.972199950587542,0.));
#12093=DIRECTION('',(-0.972199950587546,-0.234152207073887,-4.06189330562853E-15));
#12094=DIRECTION('',(0.234152207073887,-0.972199950587547,0.));
#12095=DIRECTION('',(-0.972199950587542,-0.234152207073905,0.));
#12096=DIRECTION('',(0.234152207073905,-0.972199950587542,0.));
#12097=DIRECTION('',(-0.972199950587546,-0.234152207073891,0.));
#12098=DIRECTION('',(0.234152207073891,-0.972199950587546,0.));
#12099=DIRECTION('',(0.,0.,1.));
#12100=DIRECTION('',(1.,0.,0.));
#12101=DIRECTION('',(0.00120817804989677,-0.999999270152634,0.));
#12102=DIRECTION('',(0.999999270152634,0.00120817804989677,0.));
#12103=DIRECTION('',(0.,0.,1.));
#12104=DIRECTION('',(1.,0.,0.));
#12105=DIRECTION('',(0.00120048035361429,-0.999999279423201,0.));
#12106=DIRECTION('',(0.999999279423201,0.00120048035361429,0.));
#12107=DIRECTION('',(-0.00120048035361513,0.999999279423201,0.));
#12108=DIRECTION('',(-0.999999279423201,-0.00120048035361513,0.));
#12109=DIRECTION('',(0.00120048035361548,-0.999999279423201,0.));
#12110=DIRECTION('',(0.999999279423201,0.00120048035361548,0.));
#12111=DIRECTION('',(0.00120048035361438,-0.999999279423201,0.));
#12112=DIRECTION('',(0.999999279423201,0.00120048035361438,0.));
#12113=DIRECTION('',(0.,0.,1.));
#12114=DIRECTION('',(1.,0.,0.));
#12115=DIRECTION('',(0.896871399511937,-0.442291411557471,-7.67253294851663E-15));
#12116=DIRECTION('',(0.442291411557471,0.896871399511937,0.));
#12117=DIRECTION('',(0.,0.,1.));
#12118=DIRECTION('',(1.,0.,0.));
#12119=DIRECTION('',(0.896870869660995,-0.442292485979054,0.));
#12120=DIRECTION('',(0.442292485979054,0.896870869660995,0.));
#12121=DIRECTION('',(-0.896870869661012,0.442292485979019,0.));
#12122=DIRECTION('',(-0.442292485979019,-0.896870869661011,0.));
#12123=DIRECTION('',(0.896870869661009,-0.442292485979026,7.67255158675958E-15));
#12124=DIRECTION('',(0.442292485979026,0.896870869661009,0.));
#12125=DIRECTION('',(0.896870869661012,-0.442292485979019,0.));
#12126=DIRECTION('',(0.442292485979019,0.896870869661012,0.));
#12127=DIRECTION('',(0.896870869661002,-0.442292485979039,0.));
#12128=DIRECTION('',(0.442292485979039,0.896870869661002,0.));
#12129=DIRECTION('',(0.,0.,1.));
#12130=DIRECTION('',(1.,0.,0.));
#12131=DIRECTION('',(0.999999999995986,2.83336749895558E-06,0.));
#12132=DIRECTION('',(-2.83336749895558E-06,0.999999999995986,0.));
#12133=DIRECTION('',(0.,0.,1.));
#12134=DIRECTION('',(1.,0.,0.));
#12135=DIRECTION('',(1.,0.,0.));
#12136=DIRECTION('',(0.,0.,-1.));
#12137=DIRECTION('',(-1.,0.,0.));
#12138=DIRECTION('',(0.,0.,1.));
#12139=DIRECTION('',(1.,0.,0.));
#12140=DIRECTION('',(0.,0.,-1.));
#12141=DIRECTION('',(1.,0.,0.));
#12142=DIRECTION('',(0.,0.,-1.));
#12143=DIRECTION('',(1.,0.,0.));
#12144=DIRECTION('',(0.,0.,-1.));
#12145=DIRECTION('',(0.,0.,1.));
#12146=DIRECTION('',(1.,0.,0.));
#12147=DIRECTION('',(0.954484295568908,-0.298261176676291,0.));
#12148=DIRECTION('',(0.298261176676291,0.954484295568908,0.));
#12149=DIRECTION('',(0.,0.,1.));
#12150=DIRECTION('',(1.,0.,0.));
#12151=DIRECTION('',(0.954479982712464,-0.298274978168155,0.));
#12152=DIRECTION('',(0.298274978168155,0.954479982712465,0.));
#12153=DIRECTION('',(-0.954479982712457,0.29827497816818,0.));
#12154=DIRECTION('',(-0.29827497816818,-0.954479982712457,0.));
#12155=DIRECTION('',(0.954479982712455,-0.298274978168187,5.17424606924823E-15));
#12156=DIRECTION('',(0.298274978168187,0.954479982712455,0.));
#12157=DIRECTION('',(0.954479982712457,-0.29827497816818,0.));
#12158=DIRECTION('',(0.29827497816818,0.954479982712457,0.));
#12159=DIRECTION('',(0.954479982712455,-0.298274978168187,0.));
#12160=DIRECTION('',(0.298274978168187,0.954479982712455,0.));
#12161=DIRECTION('',(0.,0.,1.));
#12162=DIRECTION('',(1.,0.,0.));
#12163=DIRECTION('',(0.871578848732062,-0.49025535228378,0.));
#12164=DIRECTION('',(0.49025535228378,0.871578848732062,0.));
#12165=DIRECTION('',(0.,0.,1.));
#12166=DIRECTION('',(1.,0.,0.));
#12167=DIRECTION('',(0.871575553655773,-0.490261210243717,0.));
#12168=DIRECTION('',(0.490261210243717,0.871575553655773,0.));
#12169=DIRECTION('',(-0.871575553655765,0.490261210243729,0.));
#12170=DIRECTION('',(-0.490261210243729,-0.871575553655765,0.));
#12171=DIRECTION('',(0.871575553655769,-0.490261210243723,-1.8899268752703E-15));
#12172=DIRECTION('',(0.490261210243723,0.871575553655769,0.));
#12173=DIRECTION('',(0.871575553655765,-0.49026121024373,0.));
#12174=DIRECTION('',(0.49026121024373,0.871575553655765,0.));
#12175=DIRECTION('',(0.871575553655765,-0.49026121024373,0.));
#12176=DIRECTION('',(0.49026121024373,0.871575553655765,0.));
#12177=DIRECTION('',(0.,0.,1.));
#12178=DIRECTION('',(1.,0.,0.));
#12179=DIRECTION('',(0.9999999999995,1.00007364368936E-06,0.));
#12180=DIRECTION('',(-1.00007364368936E-06,0.9999999999995,0.));
#12181=DIRECTION('',(0.,0.,1.));
#12182=DIRECTION('',(1.,0.,0.));
#12183=DIRECTION('',(1.,0.,0.));
#12184=DIRECTION('',(0.,0.,-1.));
#12185=DIRECTION('',(-1.,0.,0.));
#12186=DIRECTION('',(0.,0.,1.));
#12187=DIRECTION('',(1.,0.,0.));
#12188=DIRECTION('',(0.,0.,-1.));
#12189=DIRECTION('',(1.,0.,0.));
#12190=DIRECTION('',(0.,0.,-1.));
#12191=DIRECTION('',(1.,0.,0.));
#12192=DIRECTION('',(0.,0.,-1.));
#12193=DIRECTION('',(0.,0.,1.));
#12194=DIRECTION('',(1.,0.,0.));
#12195=DIRECTION('',(0.469032758056795,0.883180769644378,0.));
#12196=DIRECTION('',(-0.883180769644378,0.469032758056795,0.));
#12197=DIRECTION('',(0.,0.,1.));
#12198=DIRECTION('',(1.,0.,0.));
#12199=DIRECTION('',(0.469033593994035,0.883180325700838,0.));
#12200=DIRECTION('',(-0.883180325700838,0.469033593994035,0.));
#12201=DIRECTION('',(-0.469033593994033,-0.88318032570084,0.));
#12202=DIRECTION('',(0.88318032570084,-0.469033593994033,0.));
#12203=DIRECTION('',(0.469033593994033,0.88318032570084,0.));
#12204=DIRECTION('',(-0.88318032570084,0.469033593994033,0.));
#12205=DIRECTION('',(0.,0.,1.));
#12206=DIRECTION('',(1.,0.,0.));
#12207=DIRECTION('',(-0.260604207812225,0.965445724432609,-6.73482076447461E-06));
#12208=DIRECTION('',(-0.965445724454504,-0.260604207818135,0.));
#12209=DIRECTION('',(0.,0.,1.));
#12210=DIRECTION('',(1.,0.,0.));
#12211=DIRECTION('',(-0.260610709916144,0.965443969309977,0.));
#12212=DIRECTION('',(-0.965443969309977,-0.260610709916144,0.));
#12213=DIRECTION('',(0.260610709916141,-0.965443969309978,0.));
#12214=DIRECTION('',(0.965443969309978,0.260610709916141,0.));
#12215=DIRECTION('',(-0.26061070991609,0.965443969309775,6.46988613659714E-07));
#12216=DIRECTION('',(-0.965443969309977,-0.260610709916144,0.));
#12217=DIRECTION('',(-0.260610709916141,0.965443969309978,0.));
#12218=DIRECTION('',(-0.965443969309978,-0.260610709916141,0.));
#12219=DIRECTION('',(-0.260610709916144,0.965443969309977,0.));
#12220=DIRECTION('',(-0.965443969309977,-0.260610709916144,0.));
#12221=DIRECTION('',(0.,0.,1.));
#12222=DIRECTION('',(1.,0.,0.));
#12223=DIRECTION('',(0.0539774093268192,0.998542156985741,-2.1513506206427E-06));
#12224=DIRECTION('',(-0.998542156988052,0.0539774093269441,0.));
#12225=DIRECTION('',(0.,0.,1.));
#12226=DIRECTION('',(1.,0.,0.));
#12227=DIRECTION('',(0.0539752611118139,0.998542273110113,0.));
#12228=DIRECTION('',(-0.998542273110113,0.0539752611118139,0.));
#12229=DIRECTION('',(-0.0539752611118108,-0.998542273110113,0.));
#12230=DIRECTION('',(0.998542273110113,-0.0539752611118108,0.));
#12231=DIRECTION('',(0.0539752611111641,0.998542273098174,4.89024544171384E-06));
#12232=DIRECTION('',(-0.998542273110113,0.0539752611118095,0.));
#12233=DIRECTION('',(0.0539752611118108,0.998542273110113,0.));
#12234=DIRECTION('',(-0.998542273110113,0.0539752611118108,0.));
#12235=DIRECTION('',(0.0539752611118055,0.998542273110113,0.));
#12236=DIRECTION('',(-0.998542273110114,0.0539752611118055,0.));
#12237=DIRECTION('',(0.,0.,1.));
#12238=DIRECTION('',(1.,0.,0.));
#12239=DIRECTION('',(9.33262455556379E-06,0.999999999912902,-9.33262455594478E-06));
#12240=DIRECTION('',(0.,9.3326245563512E-06,0.999999999956451));
#12241=DIRECTION('',(0.,0.,1.));
#12242=DIRECTION('',(1.,0.,0.));
#12243=DIRECTION('',(0.,1.,0.));
#12244=DIRECTION('',(0.,0.,1.));
#12245=DIRECTION('',(0.,-1.,0.));
#12246=DIRECTION('',(0.,0.,-1.));
#12247=DIRECTION('',(0.,1.,0.));
#12248=DIRECTION('',(0.,0.,1.));
#12249=DIRECTION('',(-0.00150645420089692,0.999998865297226,0.));
#12250=DIRECTION('',(-0.999998865297227,-0.00150645420089692,0.));
#12251=DIRECTION('',(0.,0.,1.));
#12252=DIRECTION('',(1.,0.,0.));
#12253=DIRECTION('',(-0.984438157760996,0.175731367558805,2.18644773845667E-07));
#12254=DIRECTION('',(-0.17573136755881,-0.98443815776102,0.));
#12255=DIRECTION('',(0.,0.,1.));
#12256=DIRECTION('',(1.,0.,0.));
#12257=DIRECTION('',(-0.984438119338249,0.175731582801078,0.));
#12258=DIRECTION('',(-0.175731582801078,-0.984438119338249,0.));
#12259=DIRECTION('',(0.984438119338251,-0.175731582801066,0.));
#12260=DIRECTION('',(0.175731582801066,0.984438119338251,0.));
#12261=DIRECTION('',(0.641976797555385,-0.76672406470681,0.));
#12262=DIRECTION('',(0.76672406470681,0.641976797555385,0.));
#12263=DIRECTION('',(-0.984438119338251,0.175731582801066,0.));
#12264=DIRECTION('',(-0.175731582801066,-0.984438119338251,0.));
#12265=DIRECTION('',(-0.76672406470681,-0.641976797555384,0.));
#12266=DIRECTION('',(-0.641976797555384,0.76672406470681,0.));
#12267=DIRECTION('',(0.,1.,0.));
#12268=DIRECTION('',(0.,0.,1.));
#12269=DIRECTION('',(0.336232988878765,0.941778836664772,0.));
#12270=DIRECTION('',(-0.941778836664772,0.336232988878765,0.));
#12271=DIRECTION('',(0.984438119338251,-0.175731582801067,0.));
#12272=DIRECTION('',(0.175731582801067,0.984438119338251,0.));
#12273=DIRECTION('',(0.,1.,0.));
#12274=DIRECTION('',(0.,0.,1.));
#12275=DIRECTION('',(0.,1.,0.));
#12276=DIRECTION('',(0.,0.,1.));
#12277=DIRECTION('',(-0.984438119338251,0.175731582801066,0.));
#12278=DIRECTION('',(-0.175731582801066,-0.984438119338251,0.));
#12279=DIRECTION('',(0.984438119338251,-0.175731582801067,0.));
#12280=DIRECTION('',(0.175731582801067,0.984438119338251,0.));
#12281=DIRECTION('',(0.986209742124433,0.165500285615644,0.));
#12282=DIRECTION('',(0.165500285615644,-0.986209742124433,0.));
#12283=DIRECTION('',(0.336232988878765,0.941778836664772,0.));
#12284=DIRECTION('',(0.941778836664772,-0.336232988878765,0.));
#12285=DIRECTION('',(0.984438119338251,-0.175731582801066,0.));
#12286=DIRECTION('',(0.175731582801066,0.984438119338251,0.));
#12287=DIRECTION('',(0.986209742124432,0.165500285615652,0.));
#12288=DIRECTION('',(0.165500285615652,-0.986209742124432,0.));
#12289=DIRECTION('',(0.,-1.,0.));
#12290=DIRECTION('',(0.,0.,-1.));
#12291=DIRECTION('',(0.,1.,0.));
#12292=DIRECTION('',(0.,0.,1.));
#12293=DIRECTION('',(0.,0.,-1.));
#12294=DIRECTION('',(-1.,0.,0.));
#12295=DIRECTION('',(0.,0.,1.));
#12296=DIRECTION('',(1.,0.,0.));
#12297=DIRECTION('',(0.,0.,1.));
#12298=DIRECTION('',(1.,0.,0.));
#12299=DIRECTION('',(0.,0.,-1.));
#12300=DIRECTION('',(-1.,0.,0.));
#12301=DIRECTION('',(0.,0.,1.));
#12302=DIRECTION('',(1.,0.,0.));
#12303=DIRECTION('',(0.,0.,1.));
#12304=DIRECTION('',(1.,0.,0.));
#12305=DIRECTION('',(1.,2.89120579329468E-16,0.));
#12306=DIRECTION('',(-2.89120579329468E-16,1.,0.));
#12307=DIRECTION('',(1.,0.,0.));
#12308=DIRECTION('',(0.,0.,-1.));
#12309=DIRECTION('',(0.,0.,1.));
#12310=DIRECTION('',(1.,0.,0.));
#12311=DIRECTION('',(0.,0.,1.));
#12312=DIRECTION('',(1.,0.,0.));
#12313=DIRECTION('',(0.,0.,1.));
#12314=DIRECTION('',(1.,0.,0.));
#12315=DIRECTION('',(0.,0.,1.));
#12316=DIRECTION('',(1.,0.,0.));
#12317=DIRECTION('',(0.,0.,1.));
#12318=DIRECTION('',(1.,0.,0.));
#12319=DIRECTION('',(0.,0.,1.));
#12320=DIRECTION('',(1.,0.,0.));
#12321=CARTESIAN_POINT('',(0.,0.,0.));
#12322=CARTESIAN_POINT('',(-0.0192000167729501,0.0141021317963369,0.000770138888909787));
#12323=CARTESIAN_POINT('',(-0.0192000167729501,0.0141021317963369,0.000813425925939858));
#12324=CARTESIAN_POINT('',(-0.0192000167729501,0.0141021317963369,0.000868228042990632));
#12325=CARTESIAN_POINT('',(-0.0192000167729501,0.0141021317963369,0.000902965753241759));
#12326=CARTESIAN_POINT('',(-0.0191998848585169,0.0141020988177286,0.000905902290306248));
#12327=CARTESIAN_POINT('',(-0.0191991715424765,0.0141019204887185,0.000913997565821084));
#12328=CARTESIAN_POINT('',(-0.019198425571974,0.0141017339960929,0.000919096719719389));
#12329=CARTESIAN_POINT('',(-0.0191861924437341,0.0140986757140329,0.000978862762978373));
#12330=CARTESIAN_POINT('',(-0.0191415702663607,0.0140875201696895,0.00102333418102294));
#12331=CARTESIAN_POINT('',(-0.0190367756078784,0.0140613215050689,0.00108290243162322));
#12332=CARTESIAN_POINT('',(-0.0189914634527859,0.0140499934662958,0.00110242015260474));
#12333=CARTESIAN_POINT('',(-0.0188906646192129,0.0140247937579026,0.00113855588931933));
#12334=CARTESIAN_POINT('',(-0.0188351779407324,0.0140109220882825,0.00115517390505239));
#12335=CARTESIAN_POINT('',(-0.0187767217454174,0.0139963080394537,0.00117103567659194));
#12336=CARTESIAN_POINT('',(-0.0190429088192405,0.0141021317963369,0.000770138888909787));
#12337=CARTESIAN_POINT('',(-0.0190429088192405,0.0141021317963369,0.000809592946072886));
#12338=CARTESIAN_POINT('',(-0.0190499503375658,0.0141021317963369,0.000863448130313263));
#12339=CARTESIAN_POINT('',(-0.0190563311541062,0.0141021317963369,0.000893861896412114));
#12340=CARTESIAN_POINT('',(-0.0190565719163859,0.0141021405020832,0.000896506451091712));
#12341=CARTESIAN_POINT('',(-0.0190566861215841,0.0141021429804693,0.000903874749201518));
#12342=CARTESIAN_POINT('',(-0.0190562300089897,0.0141021464028504,0.00090860646694117));
#12343=CARTESIAN_POINT('',(-0.0190511307977803,0.0141009854127352,0.000962030987019009));
#12344=CARTESIAN_POINT('',(-0.0190156376880544,0.0140943824147698,0.000997643626378221));
#12345=CARTESIAN_POINT('',(-0.0189244280589717,0.0140791845877134,0.00104695784595887));
#12346=CARTESIAN_POINT('',(-0.01888256791154,0.0140710616654617,0.00106417890891088));
#12347=CARTESIAN_POINT('',(-0.0187917902457982,0.0140563060241886,0.00109524286168303));
#12348=CARTESIAN_POINT('',(-0.0187298140732402,0.0140528457329326,0.00110499684174401));
#12349=CARTESIAN_POINT('',(-0.0186861686136341,0.0140378834373691,0.00112591064169381));
#12350=CARTESIAN_POINT('',(-0.0188859193117189,0.0141333645843349,0.000770138888909787));
#12351=CARTESIAN_POINT('',(-0.0188859193117189,0.0141333645843349,0.000794441844745887));
#12352=CARTESIAN_POINT('',(-0.0188747154678243,0.0141366106970166,0.000823673662694639));
#12353=CARTESIAN_POINT('',(-0.0188586225667262,0.0141392110841056,0.000849983688302673));
#12354=CARTESIAN_POINT('',(-0.0188572307509787,0.0141394256290504,0.00085218367908236));
#12355=CARTESIAN_POINT('',(-0.0188533400440551,0.0141399964758978,0.000858156294959003));
#12356=CARTESIAN_POINT('',(-0.0188507632935035,0.0141403436836104,0.000861949700398451));
#12357=CARTESIAN_POINT('',(-0.0188191085411603,0.0141442259940738,0.000906780378201169));
#12358=CARTESIAN_POINT('',(-0.0187807631926124,0.0141452090896366,0.000943894476250788));
#12359=CARTESIAN_POINT('',(-0.0187158321856396,0.0141367107023793,0.000998515778394815));
#12360=CARTESIAN_POINT('',(-0.0186912496832218,0.0141315334702934,0.00101760906188949));
#12361=CARTESIAN_POINT('',(-0.0186425198534394,0.0141155805509623,0.00105485516376103));
#12362=CARTESIAN_POINT('',(-0.0186183725260748,0.014104804863717,0.0010730079821379));
#12363=CARTESIAN_POINT('',(-0.0185956316009184,0.0140905176307593,0.00109098934359105));
#12364=CARTESIAN_POINT('',(-0.0186682353253085,0.0142235322438175,0.000770138888909787));
#12365=CARTESIAN_POINT('',(-0.0186682353253085,0.0142235322438175,0.000790797409649879));
#12366=CARTESIAN_POINT('',(-0.0186580876496924,0.0142270256652723,0.000817000875466518));
#12367=CARTESIAN_POINT('',(-0.0186443247812916,0.0142300291971859,0.000840451018422268));
#12368=CARTESIAN_POINT('',(-0.0186431412597411,0.0142302792188106,0.000842410440369332));
#12369=CARTESIAN_POINT('',(-0.0186398567084709,0.014230951517513,0.000847722701896702));
#12370=CARTESIAN_POINT('',(-0.018637698318491,0.014231366788336,0.000851103816400228));
#12371=CARTESIAN_POINT('',(-0.0186113886606324,0.0142360899129168,0.000891138074336603));
#12372=CARTESIAN_POINT('',(-0.0185815150779391,0.0142381369407938,0.000925049102722952));
#12373=CARTESIAN_POINT('',(-0.0185356923688989,0.0142305801476583,0.000974582718133857));
#12374=CARTESIAN_POINT('',(-0.0185192626029799,0.0142255935628864,0.000991814652364953));
#12375=CARTESIAN_POINT('',(-0.0184892889670192,0.0142094354269147,0.00102485812908398));
#12376=CARTESIAN_POINT('',(-0.0184757450969775,0.014198263875715,0.00104066967157192));
#12377=CARTESIAN_POINT('',(-0.0184648540854448,0.014183146018083,0.00105584111187137));
#12378=CARTESIAN_POINT('',(-0.0185986763390255,0.0142607960508515,0.000770138888909787));
#12379=CARTESIAN_POINT('',(-0.0185986763390255,0.0142607960508515,0.000790548712542719));
#12380=CARTESIAN_POINT('',(-0.0185905360833835,0.0142635658252569,0.000815122814559502));
#12381=CARTESIAN_POINT('',(-0.0185791825428449,0.0142659187226512,0.000837874976087201));
#12382=CARTESIAN_POINT('',(-0.0185782033446027,0.0142661143963795,0.000839783524445725));
#12383=CARTESIAN_POINT('',(-0.0185754752486679,0.0142666395114185,0.000844986740731518));
#12384=CARTESIAN_POINT('',(-0.0185736749602147,0.0142669615271417,0.000848299124348002));
#12385=CARTESIAN_POINT('',(-0.0185516467247351,0.0142705875719757,0.000887525164324622));
#12386=CARTESIAN_POINT('',(-0.0185258158601692,0.0142717769732133,0.000920807948302531));
#12387=CARTESIAN_POINT('',(-0.0184855835669893,0.0142634363054941,0.000969090589947821));
#12388=CARTESIAN_POINT('',(-0.0184710282531937,0.0142582818337401,0.000985812823058465));
#12389=CARTESIAN_POINT('',(-0.0184442606769591,0.0142421011166176,0.00101762279980928));
#12390=CARTESIAN_POINT('',(-0.0184320484145202,0.0142310748712491,0.00103271054344946));
#12391=CARTESIAN_POINT('',(-0.0184221045924408,0.0142162983539401,0.00104699888874317));
#12392=CARTESIAN_POINT('',(-0.0184680710124978,0.0143480637400357,0.000770138888909787));
#12393=CARTESIAN_POINT('',(-0.0184680710124978,0.0143480637400357,0.00078960209940781));
#12394=CARTESIAN_POINT('',(-0.0184638911624915,0.0143489256041963,0.000810851141226369));
#12395=CARTESIAN_POINT('',(-0.0184572236648428,0.014349192452102,0.000832412014529785));
#12396=CARTESIAN_POINT('',(-0.0184566412087743,0.0143492101881898,0.000834238499039253));
#12397=CARTESIAN_POINT('',(-0.0184549912232071,0.0143492423410679,0.000839284295144086));
#12398=CARTESIAN_POINT('',(-0.0184538829469839,0.0143492439590412,0.000842504801099688));
#12399=CARTESIAN_POINT('',(-0.0184401059570088,0.0143490120086806,0.000880730633767998));
#12400=CARTESIAN_POINT('',(-0.0184218430292283,0.014346285561996,0.000914049536246856));
#12401=CARTESIAN_POINT('',(-0.0183914961317394,0.0143337822518179,0.000961781064428629));
#12402=CARTESIAN_POINT('',(-0.0183801184524497,0.0143275277714498,0.000978176581763893));
#12403=CARTESIAN_POINT('',(-0.0183583921260415,0.0143105895207631,0.00100858072343397));
#12404=CARTESIAN_POINT('',(-0.0183480434789232,0.0142999057504445,0.00102258934776879));
#12405=CARTESIAN_POINT('',(-0.0183390663078157,0.0142865005122966,0.00103517248110672));
#12406=CARTESIAN_POINT('',(-0.0184070246722531,0.014398067622186,0.000770138888909787));
#12407=CARTESIAN_POINT('',(-0.0184070246722531,0.014398067622186,0.00078932683328803));
#12408=CARTESIAN_POINT('',(-0.0184049259089156,0.0143977362438571,0.000809108601889767));
#12409=CARTESIAN_POINT('',(-0.0184007337977316,0.0143965537508357,0.000830284957387705));
#12410=CARTESIAN_POINT('',(-0.0184003611893323,0.0143964466755001,0.000832088416227622));
#12411=CARTESIAN_POINT('',(-0.0183992825243455,0.0143961295685534,0.000837105592895481));
#12412=CARTESIAN_POINT('',(-0.0183985412838417,0.0143959017219644,0.000840312204494356));
#12413=CARTESIAN_POINT('',(-0.0183891403738094,0.0143928803794138,0.000878419317694049));
#12414=CARTESIAN_POINT('',(-0.0183748882246506,0.0143870616759166,0.000912099078132711));
#12415=CARTESIAN_POINT('',(-0.0183490723228836,0.0143711630542304,0.000960089312105036));
#12416=CARTESIAN_POINT('',(-0.0183389741420073,0.014363978112368,0.000976514830150067));
#12417=CARTESIAN_POINT('',(-0.0183186491596195,0.0143463353198912,0.00100660234577552));
#12418=CARTESIAN_POINT('',(-0.0183084223581078,0.0143358774692768,0.00102026434335593));
#12419=CARTESIAN_POINT('',(-0.0182987775161943,0.014323550334796,0.00103218829659846));
#12420=CARTESIAN_POINT('',(-0.0182404165620722,0.014564675732367,0.000770138888909787));
#12421=CARTESIAN_POINT('',(-0.0182404165620722,0.014564675732367,0.000789326833288031));
#12422=CARTESIAN_POINT('',(-0.0182409688762476,0.0145616932765251,0.000809108601889748));
#12423=CARTESIAN_POINT('',(-0.0182412911923075,0.0145559963562598,0.000830284957387657));
#12424=CARTESIAN_POINT('',(-0.0182413168835037,0.0145554909813286,0.000832088416227572));
#12425=CARTESIAN_POINT('',(-0.0182413805555771,0.0145540315373218,0.000837105592895423));
#12426=CARTESIAN_POINT('',(-0.0182414094059455,0.0145530335998606,0.000840312204494293));
#12427=CARTESIAN_POINT('',(-0.0182415778471358,0.0145404429060874,0.000878419317693925));
#12428=CARTESIAN_POINT('',(-0.0182399758664694,0.0145219740340978,0.000912099078132515));
#12429=CARTESIAN_POINT('',(-0.0182290358848236,0.0144911994922903,0.000960089312104804));
#12430=CARTESIAN_POINT('',(-0.0182233075624681,0.0144796446919072,0.000976514830149838));
#12431=CARTESIAN_POINT('',(-0.0182070058649468,0.0144579786145638,0.00100660234577535));
#12432=CARTESIAN_POINT('',(-0.0181964324897811,0.0144478673376035,0.00102026434335583));
#12433=CARTESIAN_POINT('',(-0.0181827642090166,0.0144395636419738,0.00103218829659846));
#12434=CARTESIAN_POINT('',(-0.0181514731069249,0.0146977890198918,0.000770138888909787));
#12435=CARTESIAN_POINT('',(-0.0181514731069249,0.0146977890198918,0.000790427897767149));
#12436=CARTESIAN_POINT('',(-0.0181550310060495,0.0146882496023833,0.000816078759236166));
#12437=CARTESIAN_POINT('',(-0.0181581410676557,0.0146756607544219,0.000838793185955983));
#12438=CARTESIAN_POINT('',(-0.0181584004714817,0.0146745815218778,0.000840688747474101));
#12439=CARTESIAN_POINT('',(-0.0181590996248141,0.0146715983535889,0.000845820401889855));
#12440=CARTESIAN_POINT('',(-0.0181595329395167,0.0146696456671651,0.000849082590915634));
#12441=CARTESIAN_POINT('',(-0.0181644793819854,0.0146459302211025,0.000887664581989737));
#12442=CARTESIAN_POINT('',(-0.0181668129829078,0.0146198516802878,0.000919900910589114));
#12443=CARTESIAN_POINT('',(-0.0181595369672136,0.0145808704356737,0.000966856321399193));
#12444=CARTESIAN_POINT('',(-0.0181546172518218,0.0145671108806501,0.000983161836605155));
#12445=CARTESIAN_POINT('',(-0.0181384515315498,0.0145425216171369,0.00101451585640918));
#12446=CARTESIAN_POINT('',(-0.0181272055266696,0.0145316919086472,0.00102956436100725));
#12447=CARTESIAN_POINT('',(-0.0181119071238041,0.0145233766036738,0.00104412503463148));
#12448=CARTESIAN_POINT('',(-0.0180613054474423,0.0149154730063022,0.000770138888909787));
#12449=CARTESIAN_POINT('',(-0.0180613054474423,0.0149154730063022,0.00079280438313925));
#12450=CARTESIAN_POINT('',(-0.0180646429756756,0.0149044931174931,0.000820798327195759));
#12451=CARTESIAN_POINT('',(-0.0180673916703306,0.014888978222524,0.000846046269595617));
#12452=CARTESIAN_POINT('',(-0.0180676192625147,0.0148876384093718,0.000848157906173468));
#12453=CARTESIAN_POINT('',(-0.0180682274079746,0.0148839000887843,0.000853890648431282));
#12454=CARTESIAN_POINT('',(-0.0180685996253026,0.0148814296667404,0.000857537371141643));
#12455=CARTESIAN_POINT('',(-0.0180727906838807,0.0148511503557415,0.000900695972442325));
#12456=CARTESIAN_POINT('',(-0.018074162459078,0.0148151433691816,0.000937045885553786));
#12457=CARTESIAN_POINT('',(-0.018065994480161,0.0147563457789621,0.000990412446631656));
#12458=CARTESIAN_POINT('',(-0.0180608791370419,0.014734504539346,0.0010090382650071));
#12459=CARTESIAN_POINT('',(-0.0180448274015408,0.0146924606202507,0.00104502778275989));
#12460=CARTESIAN_POINT('',(-0.0180338910091585,0.0146722579407715,0.00106239148213724));
#12461=CARTESIAN_POINT('',(-0.0180192787364804,0.0146541541191474,0.00107927326635116));
#12462=CARTESIAN_POINT('',(-0.0180384693071956,0.0149910010475844,0.000770138888909787));
#12463=CARTESIAN_POINT('',(-0.0180384693071956,0.0149910010475844,0.000797358280416261));
#12464=CARTESIAN_POINT('',(-0.0180409451098358,0.0149845345722912,0.000831823699241449));
#12465=CARTESIAN_POINT('',(-0.0180429625909567,0.0149744484393856,0.000858527113734144));
#12466=CARTESIAN_POINT('',(-0.0180431315888818,0.0149734994838444,0.000860785853272056));
#12467=CARTESIAN_POINT('',(-0.0180435772522564,0.0149707110308935,0.000866965798159659));
#12468=CARTESIAN_POINT('',(-0.0180438498574879,0.0149687341665931,0.000870907959302579));
#12469=CARTESIAN_POINT('',(-0.0180466114784929,0.0149446091486142,0.000916918090479224));
#12470=CARTESIAN_POINT('',(-0.018045875372726,0.0149083888207476,0.000953311345030014));
#12471=CARTESIAN_POINT('',(-0.0180358590578725,0.0148400728745694,0.00100614311778089));
#12472=CARTESIAN_POINT('',(-0.0180299771777976,0.0148125297503146,0.00102461672197979));
#12473=CARTESIAN_POINT('',(-0.0180142893752074,0.0147564139938459,0.00105986401611511));
#12474=CARTESIAN_POINT('',(-0.0180052765596338,0.0147245766980701,0.00107561547861175));
#12475=CARTESIAN_POINT('',(-0.0179906821235788,0.0146985846249052,0.00109386162949679));
#12476=CARTESIAN_POINT('',(-0.0180078249699495,0.0151450534541743,0.000770138888909787));
#12477=CARTESIAN_POINT('',(-0.0180078249699495,0.0151450534541743,0.000806869522945749));
#12478=CARTESIAN_POINT('',(-0.01800863649812,0.0151457732523634,0.00085435876700137));
#12479=CARTESIAN_POINT('',(-0.0180092865948922,0.0151449404353589,0.00088474963445092));
#12480=CARTESIAN_POINT('',(-0.0180093363393495,0.0151446798839536,0.000887349895046106));
#12481=CARTESIAN_POINT('',(-0.0180094357080019,0.0151435859808118,0.000894535250704319));
#12482=CARTESIAN_POINT('',(-0.0180094775979642,0.015142527244251,0.000899115695800787));
#12483=CARTESIAN_POINT('',(-0.0180091031100074,0.0151290056685006,0.000951892334163234));
#12484=CARTESIAN_POINT('',(-0.0180032584988296,0.0150905172321574,0.000990189215925209));
#12485=CARTESIAN_POINT('',(-0.0179869853223319,0.0150024810012521,0.00104358630841989));
#12486=CARTESIAN_POINT('',(-0.0179787975434914,0.0149640772631588,0.00106192889137352));
#12487=CARTESIAN_POINT('',(-0.0179611315659237,0.014881306264449,0.00109592991093815));
#12488=CARTESIAN_POINT('',(-0.0179532395810794,0.0148304096767088,0.00110954389266959));
#12489=CARTESIAN_POINT('',(-0.017938533112851,0.0147882876667878,0.00112846157589265));
#12490=CARTESIAN_POINT('',(-0.01800001677295,0.0152235778194821,0.000770138888909787));
#12491=CARTESIAN_POINT('',(-0.01800001677295,0.0152235778194821,0.000811826868198226));
#12492=CARTESIAN_POINT('',(-0.01800001677295,0.0152270985786448,0.000865838086651947));
#12493=CARTESIAN_POINT('',(-0.01800001677295,0.0152302889869149,0.000898413824826936));
#12494=CARTESIAN_POINT('',(-0.018000004636519,0.0152303434108382,0.00090120437069898));
#12495=CARTESIAN_POINT('',(-0.017999916711207,0.0152300438554171,0.000908936157511301));
#12496=CARTESIAN_POINT('',(-0.0179998251760848,0.0152294428138687,0.00091385159333028));
#12497=CARTESIAN_POINT('',(-0.0179977155399972,0.015220776644144,0.00097044687499869));
#12498=CARTESIAN_POINT('',(-0.0179888362688428,0.0151807190005945,0.00101048890370058));
#12499=CARTESIAN_POINT('',(-0.0179681380230043,0.0150827168568119,0.00106493013879105));
#12500=CARTESIAN_POINT('',(-0.017958412542492,0.0150391307055498,0.00108329953075781));
#12501=CARTESIAN_POINT('',(-0.0179384348676588,0.0149433424558924,0.00111689937550118));
#12502=CARTESIAN_POINT('',(-0.0179297688872207,0.0148846110303732,0.00113008537339822));
#12503=CARTESIAN_POINT('',(-0.0179149807150246,0.0148335602029126,0.00114847315914287));
#12504=CARTESIAN_POINT('',(-0.01800001677295,0.0153021317963368,0.000770138888909787));
#12505=CARTESIAN_POINT('',(-0.01800001677295,0.0153021317963368,0.000813425925939858));
#12506=CARTESIAN_POINT('',(-0.01800001677295,0.0153021317963368,0.000868228042990632));
#12507=CARTESIAN_POINT('',(-0.01800001677295,0.0153021317963368,0.000902965753241759));
#12508=CARTESIAN_POINT('',(-0.0179999837943417,0.0153019998819037,0.000905902290306248));
#12509=CARTESIAN_POINT('',(-0.0179998054653316,0.0153012865658633,0.000913997565821084));
#12510=CARTESIAN_POINT('',(-0.017999618972706,0.0153005405953609,0.000919096719719389));
#12511=CARTESIAN_POINT('',(-0.017996560690646,0.015288307467121,0.000978862762978373));
#12512=CARTESIAN_POINT('',(-0.0179854051463027,0.0152436852897476,0.00102333418102294));
#12513=CARTESIAN_POINT('',(-0.0179592064816821,0.0151388906312652,0.00108290243162322));
#12514=CARTESIAN_POINT('',(-0.017947878442909,0.0150935784761728,0.00110242015260474));
#12515=CARTESIAN_POINT('',(-0.0179226787345157,0.0149927796425998,0.00113855588931933));
#12516=CARTESIAN_POINT('',(-0.0179088070648957,0.0149372929641193,0.00115517390505239));
#12517=CARTESIAN_POINT('',(-0.0178941930160669,0.0148788367688043,0.00117103567659194));
#12518=CARTESIAN_POINT('',(-0.0192000167729501,0.0141021317963369,0.000770138888909787));
#12519=CARTESIAN_POINT('',(-0.0190429088192405,0.0141021317963369,0.000770138888909787));
#12520=CARTESIAN_POINT('',(-0.0188859193117189,0.0141333645843349,0.000770138888909787));
#12521=CARTESIAN_POINT('',(-0.0186682353253085,0.0142235322438175,0.000770138888909787));
#12522=CARTESIAN_POINT('',(-0.0185986763390255,0.0142607960508515,0.000770138888909787));
#12523=CARTESIAN_POINT('',(-0.0184680710124978,0.0143480637400357,0.000770138888909787));
#12524=CARTESIAN_POINT('',(-0.0184070246722531,0.014398067622186,0.000770138888909787));
#12525=CARTESIAN_POINT('',(-0.0182404165620722,0.014564675732367,0.000770138888909787));
#12526=CARTESIAN_POINT('',(-0.0181514731069249,0.0146977890198918,0.000770138888909787));
#12527=CARTESIAN_POINT('',(-0.0180613054474423,0.0149154730063022,0.000770138888909787));
#12528=CARTESIAN_POINT('',(-0.0180384693071956,0.0149910010475844,0.000770138888909787));
#12529=CARTESIAN_POINT('',(-0.0180078249699495,0.0151450534541743,0.000770138888909787));
#12530=CARTESIAN_POINT('',(-0.01800001677295,0.0152235778194821,0.000770138888909787));
#12531=CARTESIAN_POINT('',(-0.01800001677295,0.0153021317963368,0.000770138888909787));
#12532=CARTESIAN_POINT('',(-0.0192000167729501,0.0141021317963369,0.000770138888909787));
#12533=CARTESIAN_POINT('',(-0.01800001677295,0.0153021317963368,0.000770138888909787));
#12534=CARTESIAN_POINT('',(-0.0192000167729501,0.0141021317963369,0.000770138888909787));
#12535=CARTESIAN_POINT('',(-0.0192000167729501,0.0141021317963369,0.000813425925939858));
#12536=CARTESIAN_POINT('',(-0.0192000167729501,0.0141021317963369,0.000868228042990632));
#12537=CARTESIAN_POINT('',(-0.0192000167729501,0.0141021317963369,0.000902965753241759));
#12538=CARTESIAN_POINT('',(-0.0191998848585169,0.0141020988177286,0.000905902290306248));
#12539=CARTESIAN_POINT('',(-0.0191991715424765,0.0141019204887185,0.000913997565821084));
#12540=CARTESIAN_POINT('',(-0.019198425571974,0.0141017339960929,0.000919096719719389));
#12541=CARTESIAN_POINT('',(-0.0191861924437341,0.0140986757140329,0.000978862762978373));
#12542=CARTESIAN_POINT('',(-0.0191415702663607,0.0140875201696895,0.00102333418102294));
#12543=CARTESIAN_POINT('',(-0.0190367756078784,0.0140613215050689,0.00108290243162322));
#12544=CARTESIAN_POINT('',(-0.0189914634527859,0.0140499934662958,0.00110242015260474));
#12545=CARTESIAN_POINT('',(-0.0188906646192129,0.0140247937579026,0.00113855588931933));
#12546=CARTESIAN_POINT('',(-0.0188351779407324,0.0140109220882825,0.00115517390505239));
#12547=CARTESIAN_POINT('',(-0.0187767217454174,0.0139963080394537,0.00117103567659194));
#12548=CARTESIAN_POINT('',(-0.0192000167729501,0.0141021317963369,0.0009));
#12549=CARTESIAN_POINT('',(-0.0192000167729501,0.0141021317963369,0.000770138888909787));
#12550=CARTESIAN_POINT('',(-0.0192000167729501,0.0141021317963369,0.000813425925939858));
#12551=CARTESIAN_POINT('',(-0.0192000167729501,0.0141021317963369,0.000868228042990632));
#12552=CARTESIAN_POINT('',(-0.0192000167729501,0.0141021317963369,0.000902965753241759));
#12553=CARTESIAN_POINT('',(-0.0191998848585169,0.0141020988177286,0.000905902290306248));
#12554=CARTESIAN_POINT('',(-0.0191991715424765,0.0141019204887185,0.000913997565821084));
#12555=CARTESIAN_POINT('',(-0.019198425571974,0.0141017339960929,0.000919096719719389));
#12556=CARTESIAN_POINT('',(-0.0191861924437341,0.0140986757140329,0.000978862762978373));
#12557=CARTESIAN_POINT('',(-0.0191415702663607,0.0140875201696895,0.00102333418102294));
#12558=CARTESIAN_POINT('',(-0.0190367756078784,0.0140613215050689,0.00108290243162322));
#12559=CARTESIAN_POINT('',(-0.0189914634527859,0.0140499934662958,0.00110242015260474));
#12560=CARTESIAN_POINT('',(-0.0188906646192129,0.0140247937579026,0.00113855588931933));
#12561=CARTESIAN_POINT('',(-0.0188351779407324,0.0140109220882825,0.00115517390505239));
#12562=CARTESIAN_POINT('',(-0.0187767217454174,0.0139963080394537,0.00117103567659194));
#12563=CARTESIAN_POINT('',(-0.0187767217454174,0.0139963080394537,0.00117103567659194));
#12564=CARTESIAN_POINT('',(-0.0187767217454174,0.0139963080394537,0.00117103567659194));
#12565=CARTESIAN_POINT('',(-0.0186861686136341,0.0140378834373691,0.00112591064169381));
#12566=CARTESIAN_POINT('',(-0.0185956316009184,0.0140905176307593,0.00109098934359105));
#12567=CARTESIAN_POINT('',(-0.0184648540854448,0.014183146018083,0.00105584111187137));
#12568=CARTESIAN_POINT('',(-0.0184221045924408,0.0142162983539401,0.00104699888874317));
#12569=CARTESIAN_POINT('',(-0.0183390663078157,0.0142865005122966,0.00103517248110672));
#12570=CARTESIAN_POINT('',(-0.0182987775161943,0.014323550334796,0.00103218829659846));
#12571=CARTESIAN_POINT('',(-0.0181827642090166,0.0144395636419738,0.00103218829659846));
#12572=CARTESIAN_POINT('',(-0.0181119071238041,0.0145233766036738,0.00104412503463148));
#12573=CARTESIAN_POINT('',(-0.0180192787364804,0.0146541541191474,0.00107927326635116));
#12574=CARTESIAN_POINT('',(-0.0179906821235788,0.0146985846249052,0.00109386162949679));
#12575=CARTESIAN_POINT('',(-0.017938533112851,0.0147882876667878,0.00112846157589265));
#12576=CARTESIAN_POINT('',(-0.0179149807150246,0.0148335602029126,0.00114847315914287));
#12577=CARTESIAN_POINT('',(-0.0178941930160669,0.0148788367688043,0.00117103567659194));
#12578=CARTESIAN_POINT('',(-0.0178941930160669,0.0148788367688043,0.00117103567659194));
#12579=CARTESIAN_POINT('',(-0.01800001677295,0.0153021317963368,0.000770138888909787));
#12580=CARTESIAN_POINT('',(-0.01800001677295,0.0153021317963368,0.000813425925939858));
#12581=CARTESIAN_POINT('',(-0.01800001677295,0.0153021317963368,0.000868228042990632));
#12582=CARTESIAN_POINT('',(-0.01800001677295,0.0153021317963368,0.000902965753241759));
#12583=CARTESIAN_POINT('',(-0.0179999837943417,0.0153019998819037,0.000905902290306248));
#12584=CARTESIAN_POINT('',(-0.0179998054653316,0.0153012865658633,0.000913997565821084));
#12585=CARTESIAN_POINT('',(-0.017999618972706,0.0153005405953609,0.000919096719719389));
#12586=CARTESIAN_POINT('',(-0.017996560690646,0.015288307467121,0.000978862762978373));
#12587=CARTESIAN_POINT('',(-0.0179854051463027,0.0152436852897476,0.00102333418102294));
#12588=CARTESIAN_POINT('',(-0.0179592064816821,0.0151388906312652,0.00108290243162322));
#12589=CARTESIAN_POINT('',(-0.017947878442909,0.0150935784761728,0.00110242015260474));
#12590=CARTESIAN_POINT('',(-0.0179226787345157,0.0149927796425998,0.00113855588931933));
#12591=CARTESIAN_POINT('',(-0.0179088070648957,0.0149372929641193,0.00115517390505239));
#12592=CARTESIAN_POINT('',(-0.0178941930160669,0.0148788367688043,0.00117103567659194));
#12593=CARTESIAN_POINT('',(-0.01800001677295,0.0153021317963368,0.0009));
#12594=CARTESIAN_POINT('',(-0.01800001677295,0.0153021317963368,0.000770138888909787));
#12595=CARTESIAN_POINT('',(-0.01800001677295,0.0153021317963368,0.000813425925939858));
#12596=CARTESIAN_POINT('',(-0.01800001677295,0.0153021317963368,0.000868228042990632));
#12597=CARTESIAN_POINT('',(-0.01800001677295,0.0153021317963368,0.000902965753241759));
#12598=CARTESIAN_POINT('',(-0.0179999837943417,0.0153019998819037,0.000905902290306248));
#12599=CARTESIAN_POINT('',(-0.0179998054653316,0.0153012865658633,0.000913997565821084));
#12600=CARTESIAN_POINT('',(-0.017999618972706,0.0153005405953609,0.000919096719719389));
#12601=CARTESIAN_POINT('',(-0.017996560690646,0.015288307467121,0.000978862762978373));
#12602=CARTESIAN_POINT('',(-0.0179854051463027,0.0152436852897476,0.00102333418102294));
#12603=CARTESIAN_POINT('',(-0.0179592064816821,0.0151388906312652,0.00108290243162322));
#12604=CARTESIAN_POINT('',(-0.017947878442909,0.0150935784761728,0.00110242015260474));
#12605=CARTESIAN_POINT('',(-0.0179226787345157,0.0149927796425998,0.00113855588931933));
#12606=CARTESIAN_POINT('',(-0.0179088070648957,0.0149372929641193,0.00115517390505239));
#12607=CARTESIAN_POINT('',(-0.0178941930160669,0.0148788367688043,0.00117103567659194));
#12608=CARTESIAN_POINT('',(-0.03000001677295,0.0153021317963368,0.000770138888909787));
#12609=CARTESIAN_POINT('',(-0.03000001677295,0.0153021317963368,0.000813425925939858));
#12610=CARTESIAN_POINT('',(-0.03000001677295,0.0153021317963368,0.00086822804299063));
#12611=CARTESIAN_POINT('',(-0.03000001677295,0.0153021317963368,0.000902965753241759));
#12612=CARTESIAN_POINT('',(-0.0300000497515584,0.0153019998819037,0.000905902290306248));
#12613=CARTESIAN_POINT('',(-0.0300002280805685,0.0153012865658633,0.000913997565821082));
#12614=CARTESIAN_POINT('',(-0.0300004145731941,0.0153005405953609,0.000919096719719386));
#12615=CARTESIAN_POINT('',(-0.030003472855254,0.015288307467121,0.000978862762978357));
#12616=CARTESIAN_POINT('',(-0.0300146283995973,0.0152436852897476,0.00102333418102292));
#12617=CARTESIAN_POINT('',(-0.0300408270642179,0.0151388906312653,0.00108290243162319));
#12618=CARTESIAN_POINT('',(-0.030052155102991,0.0150935784761728,0.00110242015260471));
#12619=CARTESIAN_POINT('',(-0.0300773548113843,0.0149927796425999,0.00113855588931929));
#12620=CARTESIAN_POINT('',(-0.0300912264810044,0.0149372929641194,0.00115517390505236));
#12621=CARTESIAN_POINT('',(-0.0301058405298332,0.0148788367688044,0.0011710356765919));
#12622=CARTESIAN_POINT('',(-0.03000001677295,0.0151450238426274,0.000770138888909787));
#12623=CARTESIAN_POINT('',(-0.03000001677295,0.0151450238426274,0.000809592946072886));
#12624=CARTESIAN_POINT('',(-0.03000001677295,0.0151520653609527,0.000863448130313259));
#12625=CARTESIAN_POINT('',(-0.03000001677295,0.015158446177493,0.000893861896412111));
#12626=CARTESIAN_POINT('',(-0.0300000080672037,0.0151586869397728,0.000896506451091709));
#12627=CARTESIAN_POINT('',(-0.0300000055888176,0.015158801144971,0.00090387474920151));
#12628=CARTESIAN_POINT('',(-0.0300000021664365,0.0151583450323765,0.000908606466941159));
#12629=CARTESIAN_POINT('',(-0.0300011631565517,0.0151532458211671,0.000962030987018972));
#12630=CARTESIAN_POINT('',(-0.0300077661545171,0.0151177527114413,0.000997643626378193));
#12631=CARTESIAN_POINT('',(-0.0300229639815735,0.0150265430823585,0.00104695784595884));
#12632=CARTESIAN_POINT('',(-0.0300310869038252,0.0149846829349269,0.00106417890891085));
#12633=CARTESIAN_POINT('',(-0.0300458425450983,0.0148939052691851,0.001095242861683));
#12634=CARTESIAN_POINT('',(-0.0300493028363543,0.0148319290966273,0.00110499684174382));
#12635=CARTESIAN_POINT('',(-0.0300642651319178,0.014788283637021,0.00112591064169377));
#12636=CARTESIAN_POINT('',(-0.029968783984952,0.0149880343351057,0.000770138888909787));
#12637=CARTESIAN_POINT('',(-0.029968783984952,0.0149880343351057,0.000794441844745888));
#12638=CARTESIAN_POINT('',(-0.0299655378722704,0.0149768304912111,0.000823673662694647));
#12639=CARTESIAN_POINT('',(-0.0299629374851813,0.0149607375901129,0.000849983688302689));
#12640=CARTESIAN_POINT('',(-0.0299627229402364,0.0149593457743655,0.000852183679082377));
#12641=CARTESIAN_POINT('',(-0.029962152093389,0.0149554550674419,0.000858156294959021));
#12642=CARTESIAN_POINT('',(-0.0299618048856764,0.0149528783168903,0.00086194970039847));
#12643=CARTESIAN_POINT('',(-0.0299579225752131,0.014921223564547,0.000906780378201197));
#12644=CARTESIAN_POINT('',(-0.0299569394796502,0.0148828782159991,0.000943894476250828));
#12645=CARTESIAN_POINT('',(-0.0299654378669075,0.0148179472090263,0.000998515778394853));
#12646=CARTESIAN_POINT('',(-0.0299706150989934,0.0147933647066085,0.00101760906188952));
#12647=CARTESIAN_POINT('',(-0.0299865680183246,0.0147446348768262,0.00105485516376104));
#12648=CARTESIAN_POINT('',(-0.0299973437055698,0.0147204875494616,0.00107300798213789));
#12649=CARTESIAN_POINT('',(-0.0300116309385276,0.0146977466243053,0.001090989343591));
#12650=CARTESIAN_POINT('',(-0.0298786163254693,0.0147703503486953,0.000770138888909787));
#12651=CARTESIAN_POINT('',(-0.0298786163254693,0.0147703503486953,0.00079079740964988));
#12652=CARTESIAN_POINT('',(-0.0298751229040146,0.0147602026730792,0.000817000875466514));
#12653=CARTESIAN_POINT('',(-0.029872119372101,0.0147464398046785,0.000840451018422259));
#12654=CARTESIAN_POINT('',(-0.0298718693504763,0.014745256283128,0.000842410440369323));
#12655=CARTESIAN_POINT('',(-0.0298711970517739,0.0147419717318578,0.000847722701896691));
#12656=CARTESIAN_POINT('',(-0.0298707817809509,0.0147398133418778,0.000851103816400215));
#12657=CARTESIAN_POINT('',(-0.0298660586563702,0.0147135036840193,0.00089113807433657));
#12658=CARTESIAN_POINT('',(-0.0298640116284931,0.014683630101326,0.000925049102722897));
#12659=CARTESIAN_POINT('',(-0.0298715684216286,0.0146378073922859,0.000974582718133781));
#12660=CARTESIAN_POINT('',(-0.0298765550064005,0.0146213776263669,0.000991814652364873));
#12661=CARTESIAN_POINT('',(-0.0298927131423722,0.0145914039904061,0.00102485812908391));
#12662=CARTESIAN_POINT('',(-0.0299038846935719,0.0145778601203644,0.00104066967157185));
#12663=CARTESIAN_POINT('',(-0.0299190025512039,0.0145669691088317,0.00105584111187132));
#12664=CARTESIAN_POINT('',(-0.0298413525184355,0.0147007913624123,0.000770138888909787));
#12665=CARTESIAN_POINT('',(-0.0298413525184355,0.0147007913624123,0.000790548712542719));
#12666=CARTESIAN_POINT('',(-0.02983858274403,0.0146926511067704,0.000815122814559502));
#12667=CARTESIAN_POINT('',(-0.0298362298466356,0.0146812975662318,0.000837874976087202));
#12668=CARTESIAN_POINT('',(-0.0298360341729074,0.0146803183679895,0.000839783524445726));
#12669=CARTESIAN_POINT('',(-0.0298355090578684,0.0146775902720547,0.000844986740731518));
#12670=CARTESIAN_POINT('',(-0.0298351870421452,0.0146757899836015,0.000848299124348001));
#12671=CARTESIAN_POINT('',(-0.0298315609973112,0.014653761748122,0.000887525164324614));
#12672=CARTESIAN_POINT('',(-0.0298303715960735,0.014627930883556,0.000920807948302517));
#12673=CARTESIAN_POINT('',(-0.0298387122637928,0.0145876985903761,0.000969090589947793));
#12674=CARTESIAN_POINT('',(-0.0298438667355467,0.0145731432765805,0.000985812823058432));
#12675=CARTESIAN_POINT('',(-0.0298600474526692,0.014546375700346,0.00101762279980924));
#12676=CARTESIAN_POINT('',(-0.0298710736980378,0.0145341634379071,0.00103271054344941));
#12677=CARTESIAN_POINT('',(-0.0298858502153468,0.0145242196158278,0.00104699888874312));
#12678=CARTESIAN_POINT('',(-0.0297540848292512,0.0145701860358847,0.000770138888909787));
#12679=CARTESIAN_POINT('',(-0.0297540848292512,0.0145701860358847,0.000789602099407809));
#12680=CARTESIAN_POINT('',(-0.0297532229650906,0.0145660061858783,0.000810851141226365));
#12681=CARTESIAN_POINT('',(-0.0297529561171849,0.0145593386882297,0.000832412014529777));
#12682=CARTESIAN_POINT('',(-0.029752938381097,0.0145587562321612,0.000834238499039244));
#12683=CARTESIAN_POINT('',(-0.0297529062282189,0.0145571062465939,0.000839284295144076));
#12684=CARTESIAN_POINT('',(-0.0297529046102457,0.0145559979703707,0.000842504801099676));
#12685=CARTESIAN_POINT('',(-0.0297531365606062,0.0145422209803957,0.00088073063376797));
#12686=CARTESIAN_POINT('',(-0.0297558630072908,0.0145239580526152,0.000914049536246811));
#12687=CARTESIAN_POINT('',(-0.029768366317469,0.0144936111551263,0.000961781064428567));
#12688=CARTESIAN_POINT('',(-0.029774620797837,0.0144822334758365,0.000978176581763826));
#12689=CARTESIAN_POINT('',(-0.0297915590485237,0.0144605071494284,0.0010085807234339));
#12690=CARTESIAN_POINT('',(-0.0298022428188424,0.0144501585023101,0.00102258934776872));
#12691=CARTESIAN_POINT('',(-0.0298156480569903,0.0144411813312025,0.00103517248110666));
#12692=CARTESIAN_POINT('',(-0.0297040809471008,0.01450913969564,0.000770138888909787));
#12693=CARTESIAN_POINT('',(-0.0297040809471009,0.01450913969564,0.000789326833288029));
#12694=CARTESIAN_POINT('',(-0.0297044123254297,0.0145070409323024,0.000809108601889761));
#12695=CARTESIAN_POINT('',(-0.0297055948184512,0.0145028488211185,0.000830284957387693));
#12696=CARTESIAN_POINT('',(-0.0297057018937868,0.0145024762127191,0.00083208841622761));
#12697=CARTESIAN_POINT('',(-0.0297060190007335,0.0145013975477323,0.000837105592895465));
#12698=CARTESIAN_POINT('',(-0.0297062468473225,0.0145006563072285,0.000840312204494339));
#12699=CARTESIAN_POINT('',(-0.029709268189873,0.0144912553971963,0.000878419317694011));
#12700=CARTESIAN_POINT('',(-0.0297150868933702,0.0144770032480375,0.000912099078132652));
#12701=CARTESIAN_POINT('',(-0.0297309855150565,0.0144511873462705,0.000960089312104958));
#12702=CARTESIAN_POINT('',(-0.0297381704569188,0.0144410891653942,0.000976514830149985));
#12703=CARTESIAN_POINT('',(-0.0297558132493957,0.0144207641830064,0.00100660234577544));
#12704=CARTESIAN_POINT('',(-0.0297662711000101,0.0144105373814947,0.00102026434335586));
#12705=CARTESIAN_POINT('',(-0.0297785982344909,0.0144008925395813,0.00103218829659841));
#12706=CARTESIAN_POINT('',(-0.0295374728369199,0.014342531585459,0.000770138888909787));
#12707=CARTESIAN_POINT('',(-0.0295374728369199,0.0143425315854591,0.000789326833288029));
#12708=CARTESIAN_POINT('',(-0.0295404552927618,0.0143430838996345,0.00080910860188975));
#12709=CARTESIAN_POINT('',(-0.0295461522130271,0.0143434062156942,0.000830284957387664));
#12710=CARTESIAN_POINT('',(-0.0295466575879583,0.0143434319068906,0.000832088416227579));
#12711=CARTESIAN_POINT('',(-0.0295481170319651,0.0143434955789639,0.00083710559289543));
#12712=CARTESIAN_POINT('',(-0.0295491149694263,0.0143435244293323,0.0008403122044943));
#12713=CARTESIAN_POINT('',(-0.0295617056631995,0.0143436928705226,0.000878419317693937));
#12714=CARTESIAN_POINT('',(-0.0295801745351892,0.0143420908898561,0.000912099078132534));
#12715=CARTESIAN_POINT('',(-0.0296109490769966,0.0143311509082103,0.000960089312104819));
#12716=CARTESIAN_POINT('',(-0.0296225038773798,0.0143254225858548,0.000976514830149848));
#12717=CARTESIAN_POINT('',(-0.0296441699547231,0.0143091208883336,0.00100660234577534));
#12718=CARTESIAN_POINT('',(-0.0296542812316834,0.0142985475131679,0.0010202643433558));
#12719=CARTESIAN_POINT('',(-0.0296625849273131,0.0142848792324034,0.00103218829659841));
#12720=CARTESIAN_POINT('',(-0.0294043595493951,0.0142535881303118,0.000770138888909787));
#12721=CARTESIAN_POINT('',(-0.0294043595493951,0.0142535881303118,0.000790427897767147));
#12722=CARTESIAN_POINT('',(-0.0294138989669036,0.0142571460294364,0.000816078759236166));
#12723=CARTESIAN_POINT('',(-0.029426487814865,0.0142602560910424,0.000838793185955993));
#12724=CARTESIAN_POINT('',(-0.0294275670474091,0.0142605154948684,0.000840688747474117));
#12725=CARTESIAN_POINT('',(-0.0294305502156979,0.0142612146482009,0.000845820401889873));
#12726=CARTESIAN_POINT('',(-0.0294325029021218,0.0142616479629035,0.000849082590915653));
#12727=CARTESIAN_POINT('',(-0.0294562183481843,0.0142665944053721,0.000887664581989772));
#12728=CARTESIAN_POINT('',(-0.029482296888999,0.0142689280062945,0.000919900910589171));
#12729=CARTESIAN_POINT('',(-0.029521278133613,0.0142616519906002,0.000966856321399253));
#12730=CARTESIAN_POINT('',(-0.0295350376886367,0.0142567322752084,0.00098316183660521));
#12731=CARTESIAN_POINT('',(-0.0295596269521499,0.0142405665549365,0.0010145158564092));
#12732=CARTESIAN_POINT('',(-0.0295704566606395,0.0142293205500564,0.00102956436100724));
#12733=CARTESIAN_POINT('',(-0.029578771965613,0.0142140221471909,0.00104412503463143));
#12734=CARTESIAN_POINT('',(-0.0291866755629846,0.0141634204708291,0.000770138888909787));
#12735=CARTESIAN_POINT('',(-0.0291866755629846,0.0141634204708291,0.000792804383139249));
#12736=CARTESIAN_POINT('',(-0.0291976554517938,0.0141667579990624,0.000820798327195748));
#12737=CARTESIAN_POINT('',(-0.0292131703467629,0.0141695066937175,0.0008460462695956));
#12738=CARTESIAN_POINT('',(-0.029214510159915,0.0141697342859016,0.000848157906173456));
#12739=CARTESIAN_POINT('',(-0.0292182484805027,0.0141703424313615,0.000853890648431267));
#12740=CARTESIAN_POINT('',(-0.0292207189025465,0.0141707146486895,0.000857537371141627));
#12741=CARTESIAN_POINT('',(-0.0292509982135454,0.0141749057072676,0.000900695972442289));
#12742=CARTESIAN_POINT('',(-0.0292870052001052,0.0141762774824649,0.000937045885553731));
#12743=CARTESIAN_POINT('',(-0.0293458027903248,0.0141681095035479,0.000990412446631584));
#12744=CARTESIAN_POINT('',(-0.0293676440299408,0.0141629941604289,0.00100903826500703));
#12745=CARTESIAN_POINT('',(-0.0294096879490361,0.0141469424249277,0.00104502778275982));
#12746=CARTESIAN_POINT('',(-0.0294298906285153,0.0141360060325454,0.00106239148213717));
#12747=CARTESIAN_POINT('',(-0.0294479944501395,0.0141213937598672,0.00107927326635111));
#12748=CARTESIAN_POINT('',(-0.0291111475217025,0.0141405843305825,0.000770138888909787));
#12749=CARTESIAN_POINT('',(-0.0291111475217025,0.0141405843305825,0.00079735828041626));
#12750=CARTESIAN_POINT('',(-0.0291176139969958,0.0141430601332226,0.00083182369924145));
#12751=CARTESIAN_POINT('',(-0.0291277001299013,0.0141450776143435,0.000858527113734149));
#12752=CARTESIAN_POINT('',(-0.0291286490854425,0.0141452466122687,0.000860785853272065));
#12753=CARTESIAN_POINT('',(-0.0291314375383934,0.0141456922756433,0.000866965798159669));
#12754=CARTESIAN_POINT('',(-0.0291334144026938,0.0141459648808747,0.00087090795930259));
#12755=CARTESIAN_POINT('',(-0.0291575394206727,0.0141487265018797,0.000916918090479242));
#12756=CARTESIAN_POINT('',(-0.0291937597485392,0.0141479903961128,0.000953311345030047));
#12757=CARTESIAN_POINT('',(-0.0292620756947174,0.0141379740812594,0.00100614311778091));
#12758=CARTESIAN_POINT('',(-0.0292896188189722,0.0141320922011844,0.00102461672197981));
#12759=CARTESIAN_POINT('',(-0.0293457345754409,0.0141164043985943,0.00105986401611511));
#12760=CARTESIAN_POINT('',(-0.0293775718712166,0.0141073915830207,0.00107561547861175));
#12761=CARTESIAN_POINT('',(-0.0294035639443816,0.0140927971469657,0.00109386162949674));
#12762=CARTESIAN_POINT('',(-0.0289570951151126,0.0141099399933364,0.000770138888909787));
#12763=CARTESIAN_POINT('',(-0.0289570951151126,0.0141099399933364,0.000806869522945748));
#12764=CARTESIAN_POINT('',(-0.0289563753169235,0.0141107515215068,0.000854358767001366));
#12765=CARTESIAN_POINT('',(-0.0289572081339279,0.0141114016182791,0.000884749634450923));
#12766=CARTESIAN_POINT('',(-0.0289574686853332,0.0141114513627364,0.000887349895046109));
#12767=CARTESIAN_POINT('',(-0.0289585625884751,0.0141115507313887,0.000894535250704322));
#12768=CARTESIAN_POINT('',(-0.0289596213250358,0.014111592621351,0.00089911569580079));
#12769=CARTESIAN_POINT('',(-0.0289731429007862,0.0141112181333943,0.000951892334163235));
#12770=CARTESIAN_POINT('',(-0.0290116313371294,0.0141053735222165,0.00099018921592522));
#12771=CARTESIAN_POINT('',(-0.0290996675680346,0.0140891003457188,0.00104358630841988));
#12772=CARTESIAN_POINT('',(-0.029138071306128,0.0140809125668782,0.00106192889137351));
#12773=CARTESIAN_POINT('',(-0.0292208423048378,0.0140632465893105,0.00109592991093813));
#12774=CARTESIAN_POINT('',(-0.029271738892578,0.0140553546044662,0.0011095438926696));
#12775=CARTESIAN_POINT('',(-0.0293138609024989,0.0140406481362379,0.00112846157589261));
#12776=CARTESIAN_POINT('',(-0.0288785707498048,0.0141021317963369,0.000770138888909787));
#12777=CARTESIAN_POINT('',(-0.0288785707498048,0.0141021317963369,0.000811826868198225));
#12778=CARTESIAN_POINT('',(-0.0288750499906422,0.0141021317963369,0.000865838086651943));
#12779=CARTESIAN_POINT('',(-0.0288718595823719,0.0141021317963369,0.000898413824826935));
#12780=CARTESIAN_POINT('',(-0.0288718051584487,0.0141021196599059,0.000901204370698978));
#12781=CARTESIAN_POINT('',(-0.0288721047138698,0.0141020317345939,0.000908936157511297));
#12782=CARTESIAN_POINT('',(-0.0288727057554182,0.0141019401994716,0.000913851593330275));
#12783=CARTESIAN_POINT('',(-0.0288813719251428,0.0140998305633841,0.000970446874998676));
#12784=CARTESIAN_POINT('',(-0.0289214295686925,0.0140909512922297,0.00101048890370056));
#12785=CARTESIAN_POINT('',(-0.029019431712475,0.0140702530463912,0.00106493013879101));
#12786=CARTESIAN_POINT('',(-0.0290630178637371,0.0140605275658788,0.00108329953075778));
#12787=CARTESIAN_POINT('',(-0.0291588061133944,0.0140405498910456,0.00111689937550114));
#12788=CARTESIAN_POINT('',(-0.0292175375389137,0.0140318839106076,0.00113008537339822));
#12789=CARTESIAN_POINT('',(-0.0292685883663742,0.0140170957384115,0.00114847315914283));
#12790=CARTESIAN_POINT('',(-0.02880001677295,0.0141021317963369,0.000770138888909787));
#12791=CARTESIAN_POINT('',(-0.02880001677295,0.0141021317963369,0.000813425925939858));
#12792=CARTESIAN_POINT('',(-0.02880001677295,0.0141021317963369,0.00086822804299063));
#12793=CARTESIAN_POINT('',(-0.02880001677295,0.0141021317963369,0.000902965753241759));
#12794=CARTESIAN_POINT('',(-0.0288001486873832,0.0141020988177286,0.000905902290306247));
#12795=CARTESIAN_POINT('',(-0.0288008620034236,0.0141019204887185,0.000913997565821082));
#12796=CARTESIAN_POINT('',(-0.0288016079739261,0.0141017339960929,0.000919096719719386));
#12797=CARTESIAN_POINT('',(-0.0288138411021659,0.0140986757140329,0.000978862762978357));
#12798=CARTESIAN_POINT('',(-0.0288584632795393,0.0140875201696895,0.00102333418102292));
#12799=CARTESIAN_POINT('',(-0.0289632579380216,0.014061321505069,0.00108290243162319));
#12800=CARTESIAN_POINT('',(-0.0290085700931141,0.0140499934662958,0.00110242015260471));
#12801=CARTESIAN_POINT('',(-0.0291093689266871,0.0140247937579026,0.00113855588931929));
#12802=CARTESIAN_POINT('',(-0.0291648556051675,0.0140109220882825,0.00115517390505236));
#12803=CARTESIAN_POINT('',(-0.0292233118004825,0.0139963080394538,0.0011710356765919));
#12804=CARTESIAN_POINT('',(-0.03000001677295,0.0153021317963368,0.000770138888909787));
#12805=CARTESIAN_POINT('',(-0.03000001677295,0.0151450238426274,0.000770138888909787));
#12806=CARTESIAN_POINT('',(-0.029968783984952,0.0149880343351057,0.000770138888909787));
#12807=CARTESIAN_POINT('',(-0.0298786163254693,0.0147703503486953,0.000770138888909787));
#12808=CARTESIAN_POINT('',(-0.0298413525184355,0.0147007913624123,0.000770138888909787));
#12809=CARTESIAN_POINT('',(-0.0297540848292512,0.0145701860358847,0.000770138888909787));
#12810=CARTESIAN_POINT('',(-0.0297040809471008,0.01450913969564,0.000770138888909787));
#12811=CARTESIAN_POINT('',(-0.0295374728369199,0.014342531585459,0.000770138888909787));
#12812=CARTESIAN_POINT('',(-0.0294043595493951,0.0142535881303118,0.000770138888909787));
#12813=CARTESIAN_POINT('',(-0.0291866755629846,0.0141634204708291,0.000770138888909787));
#12814=CARTESIAN_POINT('',(-0.0291111475217025,0.0141405843305825,0.000770138888909787));
#12815=CARTESIAN_POINT('',(-0.0289570951151126,0.0141099399933364,0.000770138888909787));
#12816=CARTESIAN_POINT('',(-0.0288785707498048,0.0141021317963369,0.000770138888909787));
#12817=CARTESIAN_POINT('',(-0.02880001677295,0.0141021317963369,0.000770138888909787));
#12818=CARTESIAN_POINT('',(-0.03000001677295,0.0153021317963368,0.000770138888909787));
#12819=CARTESIAN_POINT('',(-0.02880001677295,0.0141021317963369,0.000770138888909787));
#12820=CARTESIAN_POINT('',(-0.03000001677295,0.0153021317963368,0.000770138888909787));
#12821=CARTESIAN_POINT('',(-0.03000001677295,0.0153021317963368,0.000813425925939858));
#12822=CARTESIAN_POINT('',(-0.03000001677295,0.0153021317963368,0.00086822804299063));
#12823=CARTESIAN_POINT('',(-0.03000001677295,0.0153021317963368,0.000902965753241759));
#12824=CARTESIAN_POINT('',(-0.0300000497515584,0.0153019998819037,0.000905902290306248));
#12825=CARTESIAN_POINT('',(-0.0300002280805685,0.0153012865658633,0.000913997565821082));
#12826=CARTESIAN_POINT('',(-0.0300004145731941,0.0153005405953609,0.000919096719719386));
#12827=CARTESIAN_POINT('',(-0.030003472855254,0.015288307467121,0.000978862762978357));
#12828=CARTESIAN_POINT('',(-0.0300146283995973,0.0152436852897476,0.00102333418102292));
#12829=CARTESIAN_POINT('',(-0.0300408270642179,0.0151388906312653,0.00108290243162319));
#12830=CARTESIAN_POINT('',(-0.030052155102991,0.0150935784761728,0.00110242015260471));
#12831=CARTESIAN_POINT('',(-0.0300773548113843,0.0149927796425999,0.00113855588931929));
#12832=CARTESIAN_POINT('',(-0.0300912264810044,0.0149372929641194,0.00115517390505236));
#12833=CARTESIAN_POINT('',(-0.0301058405298332,0.0148788367688044,0.0011710356765919));
#12834=CARTESIAN_POINT('',(-0.03000001677295,0.0153021317963368,0.0009));
#12835=CARTESIAN_POINT('',(-0.03000001677295,0.0153021317963368,0.000770138888909787));
#12836=CARTESIAN_POINT('',(-0.03000001677295,0.0153021317963368,0.000813425925939858));
#12837=CARTESIAN_POINT('',(-0.03000001677295,0.0153021317963368,0.00086822804299063));
#12838=CARTESIAN_POINT('',(-0.03000001677295,0.0153021317963368,0.000902965753241759));
#12839=CARTESIAN_POINT('',(-0.0300000497515584,0.0153019998819037,0.000905902290306248));
#12840=CARTESIAN_POINT('',(-0.0300002280805685,0.0153012865658633,0.000913997565821082));
#12841=CARTESIAN_POINT('',(-0.0300004145731941,0.0153005405953609,0.000919096719719386));
#12842=CARTESIAN_POINT('',(-0.030003472855254,0.015288307467121,0.000978862762978357));
#12843=CARTESIAN_POINT('',(-0.0300146283995973,0.0152436852897476,0.00102333418102292));
#12844=CARTESIAN_POINT('',(-0.0300408270642179,0.0151388906312653,0.00108290243162319));
#12845=CARTESIAN_POINT('',(-0.030052155102991,0.0150935784761728,0.00110242015260471));
#12846=CARTESIAN_POINT('',(-0.0300773548113843,0.0149927796425999,0.00113855588931929));
#12847=CARTESIAN_POINT('',(-0.0300912264810044,0.0149372929641194,0.00115517390505236));
#12848=CARTESIAN_POINT('',(-0.0301058405298332,0.0148788367688044,0.0011710356765919));
#12849=CARTESIAN_POINT('',(-0.0301058405298332,0.0148788367688044,0.0011710356765919));
#12850=CARTESIAN_POINT('',(-0.0301058405298332,0.0148788367688044,0.0011710356765919));
#12851=CARTESIAN_POINT('',(-0.0300642651319178,0.014788283637021,0.00112591064169377));
#12852=CARTESIAN_POINT('',(-0.0300116309385276,0.0146977466243053,0.001090989343591));
#12853=CARTESIAN_POINT('',(-0.0299190025512039,0.0145669691088317,0.00105584111187132));
#12854=CARTESIAN_POINT('',(-0.0298858502153468,0.0145242196158278,0.00104699888874312));
#12855=CARTESIAN_POINT('',(-0.0298156480569903,0.0144411813312025,0.00103517248110666));
#12856=CARTESIAN_POINT('',(-0.0297785982344909,0.0144008925395813,0.00103218829659841));
#12857=CARTESIAN_POINT('',(-0.0296625849273131,0.0142848792324034,0.00103218829659841));
#12858=CARTESIAN_POINT('',(-0.029578771965613,0.0142140221471909,0.00104412503463143));
#12859=CARTESIAN_POINT('',(-0.0294479944501395,0.0141213937598672,0.00107927326635111));
#12860=CARTESIAN_POINT('',(-0.0294035639443816,0.0140927971469657,0.00109386162949674));
#12861=CARTESIAN_POINT('',(-0.0293138609024989,0.0140406481362379,0.00112846157589261));
#12862=CARTESIAN_POINT('',(-0.0292685883663742,0.0140170957384115,0.00114847315914283));
#12863=CARTESIAN_POINT('',(-0.0292233118004825,0.0139963080394538,0.0011710356765919));
#12864=CARTESIAN_POINT('',(-0.0292233118004825,0.0139963080394538,0.0011710356765919));
#12865=CARTESIAN_POINT('',(-0.02880001677295,0.0141021317963369,0.000770138888909787));
#12866=CARTESIAN_POINT('',(-0.02880001677295,0.0141021317963369,0.000813425925939858));
#12867=CARTESIAN_POINT('',(-0.02880001677295,0.0141021317963369,0.00086822804299063));
#12868=CARTESIAN_POINT('',(-0.02880001677295,0.0141021317963369,0.000902965753241759));
#12869=CARTESIAN_POINT('',(-0.0288001486873832,0.0141020988177286,0.000905902290306247));
#12870=CARTESIAN_POINT('',(-0.0288008620034236,0.0141019204887185,0.000913997565821082));
#12871=CARTESIAN_POINT('',(-0.0288016079739261,0.0141017339960929,0.000919096719719386));
#12872=CARTESIAN_POINT('',(-0.0288138411021659,0.0140986757140329,0.000978862762978357));
#12873=CARTESIAN_POINT('',(-0.0288584632795393,0.0140875201696895,0.00102333418102292));
#12874=CARTESIAN_POINT('',(-0.0289632579380216,0.014061321505069,0.00108290243162319));
#12875=CARTESIAN_POINT('',(-0.0290085700931141,0.0140499934662958,0.00110242015260471));
#12876=CARTESIAN_POINT('',(-0.0291093689266871,0.0140247937579026,0.00113855588931929));
#12877=CARTESIAN_POINT('',(-0.0291648556051675,0.0140109220882825,0.00115517390505236));
#12878=CARTESIAN_POINT('',(-0.0292233118004825,0.0139963080394538,0.0011710356765919));
#12879=CARTESIAN_POINT('',(-0.02880001677295,0.0141021317963369,0.0009));
#12880=CARTESIAN_POINT('',(-0.02880001677295,0.0141021317963369,0.000770138888909787));
#12881=CARTESIAN_POINT('',(-0.02880001677295,0.0141021317963369,0.000813425925939858));
#12882=CARTESIAN_POINT('',(-0.02880001677295,0.0141021317963369,0.00086822804299063));
#12883=CARTESIAN_POINT('',(-0.02880001677295,0.0141021317963369,0.000902965753241759));
#12884=CARTESIAN_POINT('',(-0.0288001486873832,0.0141020988177286,0.000905902290306247));
#12885=CARTESIAN_POINT('',(-0.0288008620034236,0.0141019204887185,0.000913997565821082));
#12886=CARTESIAN_POINT('',(-0.0288016079739261,0.0141017339960929,0.000919096719719386));
#12887=CARTESIAN_POINT('',(-0.0288138411021659,0.0140986757140329,0.000978862762978357));
#12888=CARTESIAN_POINT('',(-0.0288584632795393,0.0140875201696895,0.00102333418102292));
#12889=CARTESIAN_POINT('',(-0.0289632579380216,0.014061321505069,0.00108290243162319));
#12890=CARTESIAN_POINT('',(-0.0290085700931141,0.0140499934662958,0.00110242015260471));
#12891=CARTESIAN_POINT('',(-0.0291093689266871,0.0140247937579026,0.00113855588931929));
#12892=CARTESIAN_POINT('',(-0.0291648556051675,0.0140109220882825,0.00115517390505236));
#12893=CARTESIAN_POINT('',(-0.0292233118004825,0.0139963080394538,0.0011710356765919));
#12894=CARTESIAN_POINT('',(-0.0330000167729501,0.0219021317963369,0.000770138888909787));
#12895=CARTESIAN_POINT('',(-0.0330000167729501,0.0219021317963369,0.000813425925939858));
#12896=CARTESIAN_POINT('',(-0.0330000167729501,0.0219021317963369,0.000868228042990631));
#12897=CARTESIAN_POINT('',(-0.0330000167729501,0.0219021317963369,0.000902965753241759));
#12898=CARTESIAN_POINT('',(-0.0330000497515583,0.0219019998819037,0.000905902290306247));
#12899=CARTESIAN_POINT('',(-0.0330002280805684,0.0219012865658633,0.000913997565821083));
#12900=CARTESIAN_POINT('',(-0.033000414573194,0.0219005405953609,0.000919096719719387));
#12901=CARTESIAN_POINT('',(-0.033003472855254,0.021888307467121,0.000978862762978366));
#12902=CARTESIAN_POINT('',(-0.0330146283995974,0.0218436852897476,0.00102333418102293));
#12903=CARTESIAN_POINT('',(-0.033040827064218,0.0217388906312653,0.00108290243162321));
#12904=CARTESIAN_POINT('',(-0.0330521551029911,0.0216935784761727,0.00110242015260473));
#12905=CARTESIAN_POINT('',(-0.0330773548113843,0.0215927796425999,0.00113855588931931));
#12906=CARTESIAN_POINT('',(-0.0330912264810044,0.0215372929641193,0.00115517390505238));
#12907=CARTESIAN_POINT('',(-0.0331058405298331,0.0214788367688044,0.00117103567659192));
#12908=CARTESIAN_POINT('',(-0.0330000167729501,0.0217450238426273,0.000770138888909787));
#12909=CARTESIAN_POINT('',(-0.0330000167729501,0.0217450238426273,0.000809592946072886));
#12910=CARTESIAN_POINT('',(-0.0330000167729501,0.0217520653609527,0.00086344813031326));
#12911=CARTESIAN_POINT('',(-0.0330000167729501,0.021758446177493,0.000893861896412112));
#12912=CARTESIAN_POINT('',(-0.0330000080672036,0.0217586869397728,0.00089650645109171));
#12913=CARTESIAN_POINT('',(-0.0330000055888176,0.0217588011449709,0.000903874749201511));
#12914=CARTESIAN_POINT('',(-0.0330000021664366,0.0217583450323765,0.000908606466941161));
#12915=CARTESIAN_POINT('',(-0.0330011631565517,0.0217532458211672,0.000962030987018978));
#12916=CARTESIAN_POINT('',(-0.0330077661545171,0.0217177527114413,0.000997643626378201));
#12917=CARTESIAN_POINT('',(-0.0330229639815735,0.0216265430823585,0.00104695784595886));
#12918=CARTESIAN_POINT('',(-0.0330310869038253,0.0215846829349268,0.00106417890891086));
#12919=CARTESIAN_POINT('',(-0.0330458425450983,0.0214939052691851,0.00109524286168302));
#12920=CARTESIAN_POINT('',(-0.0330493028363543,0.0214319290966272,0.00110499684174393));
#12921=CARTESIAN_POINT('',(-0.0330642651319177,0.021388283637021,0.00112591064169379));
#12922=CARTESIAN_POINT('',(-0.032968783984952,0.0215880343351058,0.000770138888909787));
#12923=CARTESIAN_POINT('',(-0.032968783984952,0.0215880343351058,0.000794441844745888));
#12924=CARTESIAN_POINT('',(-0.0329655378722703,0.0215768304912111,0.000823673662694641));
#12925=CARTESIAN_POINT('',(-0.0329629374851813,0.021560737590113,0.000849983688302677));
#12926=CARTESIAN_POINT('',(-0.0329627229402365,0.0215593457743655,0.000852183679082365));
#12927=CARTESIAN_POINT('',(-0.0329621520933891,0.021555455067442,0.000858156294959008));
#12928=CARTESIAN_POINT('',(-0.0329618048856765,0.0215528783168904,0.000861949700398456));
#12929=CARTESIAN_POINT('',(-0.0329579225752131,0.0215212235645471,0.000906780378201175));
#12930=CARTESIAN_POINT('',(-0.0329569394796502,0.0214828782159993,0.000943894476250793));
#12931=CARTESIAN_POINT('',(-0.0329654378669074,0.0214179472090264,0.000998515778394816));
#12932=CARTESIAN_POINT('',(-0.0329706150989933,0.0213933647066087,0.00101760906188948));
#12933=CARTESIAN_POINT('',(-0.0329865680183245,0.0213446348768263,0.00105485516376102));
#12934=CARTESIAN_POINT('',(-0.0329973437055698,0.0213204875494616,0.00107300798213789));
#12935=CARTESIAN_POINT('',(-0.0330116309385276,0.0212977466243053,0.00109098934359103));
#12936=CARTESIAN_POINT('',(-0.0328786163254694,0.0213703503486953,0.000770138888909787));
#12937=CARTESIAN_POINT('',(-0.0328786163254694,0.0213703503486953,0.000790797409649881));
#12938=CARTESIAN_POINT('',(-0.0328751229040146,0.0213602026730792,0.000817000875466516));
#12939=CARTESIAN_POINT('',(-0.032872119372101,0.0213464398046785,0.000840451018422264));
#12940=CARTESIAN_POINT('',(-0.0328718693504764,0.021345256283128,0.000842410440369329));
#12941=CARTESIAN_POINT('',(-0.0328711970517739,0.0213419717318577,0.000847722701896699));
#12942=CARTESIAN_POINT('',(-0.0328707817809509,0.0213398133418778,0.000851103816400224));
#12943=CARTESIAN_POINT('',(-0.0328660586563701,0.0213135036840192,0.000891138074336591));
#12944=CARTESIAN_POINT('',(-0.0328640116284932,0.0212836301013259,0.000925049102722928));
#12945=CARTESIAN_POINT('',(-0.0328715684216286,0.0212378073922858,0.000974582718133821));
#12946=CARTESIAN_POINT('',(-0.0328765550064005,0.0212213776263668,0.000991814652364914));
#12947=CARTESIAN_POINT('',(-0.0328927131423722,0.021191403990406,0.00102485812908395));
#12948=CARTESIAN_POINT('',(-0.0329038846935719,0.0211778601203644,0.00104066967157188));
#12949=CARTESIAN_POINT('',(-0.0329190025512039,0.0211669691088317,0.00105584111187135));
#12950=CARTESIAN_POINT('',(-0.0328413525184354,0.0213007913624124,0.000770138888909787));
#12951=CARTESIAN_POINT('',(-0.0328413525184354,0.0213007913624124,0.00079054871254272));
#12952=CARTESIAN_POINT('',(-0.0328385827440301,0.0212926511067704,0.0008151228145595));
#12953=CARTESIAN_POINT('',(-0.0328362298466356,0.0212812975662318,0.000837874976087193));
#12954=CARTESIAN_POINT('',(-0.0328360341729074,0.0212803183679896,0.000839783524445717));
#12955=CARTESIAN_POINT('',(-0.0328355090578685,0.0212775902720547,0.000844986740731508));
#12956=CARTESIAN_POINT('',(-0.0328351870421452,0.0212757899836016,0.000848299124347992));
#12957=CARTESIAN_POINT('',(-0.0328315609973112,0.021253761748122,0.000887525164324598));
#12958=CARTESIAN_POINT('',(-0.0328303715960735,0.021227930883556,0.00092080794830249));
#12959=CARTESIAN_POINT('',(-0.0328387122637928,0.0211876985903761,0.000969090589947765));
#12960=CARTESIAN_POINT('',(-0.0328438667355468,0.0211731432765805,0.000985812823058407));
#12961=CARTESIAN_POINT('',(-0.0328600474526693,0.021146375700346,0.00101762279980923));
#12962=CARTESIAN_POINT('',(-0.0328710736980378,0.0211341634379071,0.00103271054344942));
#12963=CARTESIAN_POINT('',(-0.0328858502153468,0.0211242196158278,0.00104699888874315));
#12964=CARTESIAN_POINT('',(-0.0327540848292512,0.0211701860358847,0.000770138888909787));
#12965=CARTESIAN_POINT('',(-0.0327540848292512,0.0211701860358847,0.00078960209940781));
#12966=CARTESIAN_POINT('',(-0.0327532229650907,0.0211660061858783,0.000810851141226365));
#12967=CARTESIAN_POINT('',(-0.0327529561171849,0.0211593386882297,0.00083241201452977));
#12968=CARTESIAN_POINT('',(-0.0327529383810971,0.0211587562321611,0.000834238499039236));
#12969=CARTESIAN_POINT('',(-0.032752906228219,0.0211571062465939,0.000839284295144067));
#12970=CARTESIAN_POINT('',(-0.0327529046102457,0.0211559979703707,0.000842504801099668));
#12971=CARTESIAN_POINT('',(-0.0327531365606063,0.0211422209803956,0.000880730633767956));
#12972=CARTESIAN_POINT('',(-0.0327558630072909,0.0211239580526152,0.000914049536246789));
#12973=CARTESIAN_POINT('',(-0.032768366317469,0.0210936111551263,0.000961781064428545));
#12974=CARTESIAN_POINT('',(-0.0327746207978371,0.0210822334758365,0.000978176581763807));
#12975=CARTESIAN_POINT('',(-0.0327915590485237,0.0210605071494284,0.0010085807234339));
#12976=CARTESIAN_POINT('',(-0.0328022428188424,0.0210501585023101,0.00102258934776873));
#12977=CARTESIAN_POINT('',(-0.0328156480569903,0.0210411813312025,0.00103517248110669));
#12978=CARTESIAN_POINT('',(-0.0327040809471009,0.02110913969564,0.000770138888909787));
#12979=CARTESIAN_POINT('',(-0.0327040809471009,0.02110913969564,0.00078932683328803));
#12980=CARTESIAN_POINT('',(-0.0327044123254297,0.0211070409323024,0.000809108601889761));
#12981=CARTESIAN_POINT('',(-0.0327055948184513,0.0211028488211184,0.000830284957387689));
#12982=CARTESIAN_POINT('',(-0.0327057018937868,0.0211024762127191,0.000832088416227606));
#12983=CARTESIAN_POINT('',(-0.0327060190007335,0.0211013975477323,0.000837105592895461));
#12984=CARTESIAN_POINT('',(-0.0327062468473225,0.0211006563072286,0.000840312204494335));
#12985=CARTESIAN_POINT('',(-0.0327092681898731,0.0210912553971963,0.000878419317694008));
#12986=CARTESIAN_POINT('',(-0.0327150868933703,0.0210770032480374,0.000912099078132645));
#12987=CARTESIAN_POINT('',(-0.0327309855150565,0.0210511873462704,0.000960089312104954));
#12988=CARTESIAN_POINT('',(-0.0327381704569189,0.0210410891653942,0.000976514830149983));
#12989=CARTESIAN_POINT('',(-0.0327558132493957,0.0210207641830063,0.00100660234577545));
#12990=CARTESIAN_POINT('',(-0.0327662711000101,0.0210105373814947,0.00102026434335588));
#12991=CARTESIAN_POINT('',(-0.0327785982344909,0.0210008925395812,0.00103218829659844));
#12992=CARTESIAN_POINT('',(-0.03253747283692,0.020942531585459,0.000770138888909787));
#12993=CARTESIAN_POINT('',(-0.03253747283692,0.020942531585459,0.00078932683328803));
#12994=CARTESIAN_POINT('',(-0.0325404552927619,0.0209430838996344,0.000809108601889757));
#12995=CARTESIAN_POINT('',(-0.032546152213027,0.0209434062156943,0.000830284957387679));
#12996=CARTESIAN_POINT('',(-0.0325466575879583,0.0209434319068906,0.000832088416227595));
#12997=CARTESIAN_POINT('',(-0.0325481170319651,0.020943495578964,0.000837105592895449));
#12998=CARTESIAN_POINT('',(-0.0325491149694263,0.0209435244293324,0.000840312204494322));
#12999=CARTESIAN_POINT('',(-0.0325617056631994,0.0209436928705226,0.000878419317693982));
#13000=CARTESIAN_POINT('',(-0.0325801745351891,0.0209420908898562,0.000912099078132604));
#13001=CARTESIAN_POINT('',(-0.0326109490769965,0.0209311509082104,0.000960089312104906));
#13002=CARTESIAN_POINT('',(-0.0326225038773796,0.0209254225858549,0.000976514830149936));
#13003=CARTESIAN_POINT('',(-0.0326441699547231,0.0209091208883336,0.00100660234577541));
#13004=CARTESIAN_POINT('',(-0.0326542812316834,0.0208985475131679,0.00102026434335586));
#13005=CARTESIAN_POINT('',(-0.032662584927313,0.0208848792324034,0.00103218829659844));
#13006=CARTESIAN_POINT('',(-0.0324043595493951,0.0208535881303118,0.000770138888909787));
#13007=CARTESIAN_POINT('',(-0.0324043595493951,0.0208535881303118,0.000790427897767149));
#13008=CARTESIAN_POINT('',(-0.0324138989669036,0.0208571460294364,0.000816078759236178));
#13009=CARTESIAN_POINT('',(-0.032426487814865,0.0208602560910425,0.000838793185956018));
#13010=CARTESIAN_POINT('',(-0.0324275670474091,0.0208605154948684,0.000840688747474141));
#13011=CARTESIAN_POINT('',(-0.0324305502156979,0.020861214648201,0.000845820401889901));
#13012=CARTESIAN_POINT('',(-0.0324325029021218,0.0208616479629035,0.000849082590915683));
#13013=CARTESIAN_POINT('',(-0.0324562183481843,0.0208665944053721,0.00088766458198983));
#13014=CARTESIAN_POINT('',(-0.0324822968889989,0.0208689280062945,0.000919900910589257));
#13015=CARTESIAN_POINT('',(-0.032521278133613,0.0208616519906001,0.000966856321399355));
#13016=CARTESIAN_POINT('',(-0.0325350376886365,0.0208567322752084,0.000983161836605312));
#13017=CARTESIAN_POINT('',(-0.0325596269521498,0.0208405665549364,0.00101451585640929));
#13018=CARTESIAN_POINT('',(-0.0325704566606395,0.0208293205500563,0.0010295643610073));
#13019=CARTESIAN_POINT('',(-0.0325787719656131,0.0208140221471909,0.00104412503463146));
#13020=CARTESIAN_POINT('',(-0.0321866755629846,0.0207634204708291,0.000770138888909787));
#13021=CARTESIAN_POINT('',(-0.0321866755629846,0.0207634204708291,0.00079280438313925));
#13022=CARTESIAN_POINT('',(-0.0321976554517938,0.0207667579990624,0.000820798327195751));
#13023=CARTESIAN_POINT('',(-0.032213170346763,0.0207695066937175,0.000846046269595597));
#13024=CARTESIAN_POINT('',(-0.0322145101599151,0.0207697342859016,0.000848157906173449));
#13025=CARTESIAN_POINT('',(-0.0322182484805027,0.0207703424313615,0.00085389064843126));
#13026=CARTESIAN_POINT('',(-0.0322207189025466,0.0207707146486895,0.000857537371141619));
#13027=CARTESIAN_POINT('',(-0.0322509982135454,0.0207749057072676,0.000900695972442274));
#13028=CARTESIAN_POINT('',(-0.0322870052001054,0.0207762774824649,0.000937045885553702));
#13029=CARTESIAN_POINT('',(-0.0323458027903249,0.0207681095035479,0.000990412446631551));
#13030=CARTESIAN_POINT('',(-0.032367644029941,0.0207629941604289,0.001009038265007));
#13031=CARTESIAN_POINT('',(-0.0324096879490362,0.0207469424249277,0.00104502778275981));
#13032=CARTESIAN_POINT('',(-0.0324298906285154,0.0207360060325454,0.00106239148213717));
#13033=CARTESIAN_POINT('',(-0.0324479944501395,0.0207213937598672,0.00107927326635113));
#13034=CARTESIAN_POINT('',(-0.0321111475217025,0.0207405843305825,0.000770138888909787));
#13035=CARTESIAN_POINT('',(-0.0321111475217025,0.0207405843305825,0.000797358280416261));
#13036=CARTESIAN_POINT('',(-0.0321176139969958,0.0207430601332226,0.000831823699241456));
#13037=CARTESIAN_POINT('',(-0.0321277001299014,0.0207450776143435,0.000858527113734161));
#13038=CARTESIAN_POINT('',(-0.0321286490854425,0.0207452466122687,0.000860785853272077));
#13039=CARTESIAN_POINT('',(-0.0321314375383934,0.0207456922756433,0.000866965798159682));
#13040=CARTESIAN_POINT('',(-0.0321334144026938,0.0207459648808748,0.000870907959302604));
#13041=CARTESIAN_POINT('',(-0.0321575394206727,0.0207487265018797,0.00091691809047927));
#13042=CARTESIAN_POINT('',(-0.0321937597485392,0.0207479903961129,0.000953311345030082));
#13043=CARTESIAN_POINT('',(-0.0322620756947175,0.0207379740812595,0.00100614311778096));
#13044=CARTESIAN_POINT('',(-0.0322896188189723,0.0207320922011844,0.00102461672197986));
#13045=CARTESIAN_POINT('',(-0.0323457345754409,0.0207164043985943,0.00105986401611515));
#13046=CARTESIAN_POINT('',(-0.0323775718712167,0.0207073915830207,0.00107561547861177));
#13047=CARTESIAN_POINT('',(-0.0324035639443817,0.0206927971469658,0.00109386162949677));
#13048=CARTESIAN_POINT('',(-0.0319570951151126,0.0207099399933364,0.000770138888909787));
#13049=CARTESIAN_POINT('',(-0.0319570951151126,0.0207099399933364,0.000806869522945749));
#13050=CARTESIAN_POINT('',(-0.0319563753169236,0.0207107515215069,0.000854358767001372));
#13051=CARTESIAN_POINT('',(-0.031957208133928,0.0207114016182791,0.000884749634450928));
#13052=CARTESIAN_POINT('',(-0.0319574686853332,0.0207114513627364,0.000887349895046115));
#13053=CARTESIAN_POINT('',(-0.0319585625884751,0.0207115507313888,0.00089453525070433));
#13054=CARTESIAN_POINT('',(-0.0319596213250358,0.0207115926213511,0.0008991156958008));
#13055=CARTESIAN_POINT('',(-0.0319731429007863,0.0207112181333944,0.000951892334163257));
#13056=CARTESIAN_POINT('',(-0.0320116313371295,0.0207053735222166,0.000990189215925237));
#13057=CARTESIAN_POINT('',(-0.0320996675680347,0.0206891003457188,0.00104358630841992));
#13058=CARTESIAN_POINT('',(-0.0321380713061281,0.0206809125668783,0.00106192889137355));
#13059=CARTESIAN_POINT('',(-0.0322208423048378,0.0206632465893105,0.00109592991093816));
#13060=CARTESIAN_POINT('',(-0.0322717388925781,0.0206553546044662,0.00110954389266959));
#13061=CARTESIAN_POINT('',(-0.032313860902499,0.0206406481362379,0.00112846157589263));
#13062=CARTESIAN_POINT('',(-0.0318785707498048,0.0207021317963369,0.000770138888909787));
#13063=CARTESIAN_POINT('',(-0.0318785707498048,0.0207021317963369,0.000811826868198226));
#13064=CARTESIAN_POINT('',(-0.0318750499906421,0.0207021317963369,0.000865838086651946));
#13065=CARTESIAN_POINT('',(-0.031871859582372,0.0207021317963369,0.000898413824826936));
#13066=CARTESIAN_POINT('',(-0.0318718051584487,0.0207021196599059,0.00090120437069898));
#13067=CARTESIAN_POINT('',(-0.0318721047138698,0.0207020317345939,0.0009089361575113));
#13068=CARTESIAN_POINT('',(-0.0318727057554182,0.0207019401994716,0.000913851593330279));
#13069=CARTESIAN_POINT('',(-0.0318813719251428,0.0206998305633841,0.000970446874998689));
#13070=CARTESIAN_POINT('',(-0.0319214295686924,0.0206909512922297,0.00101048890370056));
#13071=CARTESIAN_POINT('',(-0.0320194317124751,0.0206702530463912,0.00106493013879103));
#13072=CARTESIAN_POINT('',(-0.0320630178637371,0.0206605275658788,0.0010832995307578));
#13073=CARTESIAN_POINT('',(-0.0321588061133945,0.0206405498910456,0.00111689937550116));
#13074=CARTESIAN_POINT('',(-0.0322175375389137,0.0206318839106076,0.00113008537339821));
#13075=CARTESIAN_POINT('',(-0.0322685883663743,0.0206170957384114,0.00114847315914286));
#13076=CARTESIAN_POINT('',(-0.0318000167729501,0.0207021317963369,0.000770138888909787));
#13077=CARTESIAN_POINT('',(-0.0318000167729501,0.0207021317963369,0.000813425925939858));
#13078=CARTESIAN_POINT('',(-0.0318000167729501,0.0207021317963369,0.000868228042990631));
#13079=CARTESIAN_POINT('',(-0.0318000167729501,0.0207021317963369,0.000902965753241759));
#13080=CARTESIAN_POINT('',(-0.0318001486873832,0.0207020988177286,0.000905902290306248));
#13081=CARTESIAN_POINT('',(-0.0318008620034236,0.0207019204887185,0.000913997565821083));
#13082=CARTESIAN_POINT('',(-0.0318016079739261,0.0207017339960929,0.000919096719719388));
#13083=CARTESIAN_POINT('',(-0.0318138411021659,0.0206986757140329,0.000978862762978366));
#13084=CARTESIAN_POINT('',(-0.0318584632795393,0.0206875201696896,0.00102333418102293));
#13085=CARTESIAN_POINT('',(-0.0319632579380216,0.0206613215050689,0.00108290243162321));
#13086=CARTESIAN_POINT('',(-0.0320085700931141,0.0206499934662958,0.00110242015260473));
#13087=CARTESIAN_POINT('',(-0.0321093689266871,0.0206247937579026,0.00113855588931931));
#13088=CARTESIAN_POINT('',(-0.0321648556051675,0.0206109220882825,0.00115517390505238));
#13089=CARTESIAN_POINT('',(-0.0322233118004826,0.0205963080394537,0.00117103567659192));
#13090=CARTESIAN_POINT('',(-0.0330000167729501,0.0219021317963369,0.000770138888909787));
#13091=CARTESIAN_POINT('',(-0.0330000167729501,0.0217450238426273,0.000770138888909787));
#13092=CARTESIAN_POINT('',(-0.032968783984952,0.0215880343351058,0.000770138888909787));
#13093=CARTESIAN_POINT('',(-0.0328786163254694,0.0213703503486953,0.000770138888909787));
#13094=CARTESIAN_POINT('',(-0.0328413525184354,0.0213007913624124,0.000770138888909787));
#13095=CARTESIAN_POINT('',(-0.0327540848292512,0.0211701860358847,0.000770138888909787));
#13096=CARTESIAN_POINT('',(-0.0327040809471009,0.02110913969564,0.000770138888909787));
#13097=CARTESIAN_POINT('',(-0.03253747283692,0.020942531585459,0.000770138888909787));
#13098=CARTESIAN_POINT('',(-0.0324043595493951,0.0208535881303118,0.000770138888909787));
#13099=CARTESIAN_POINT('',(-0.0321866755629846,0.0207634204708291,0.000770138888909787));
#13100=CARTESIAN_POINT('',(-0.0321111475217025,0.0207405843305825,0.000770138888909787));
#13101=CARTESIAN_POINT('',(-0.0319570951151126,0.0207099399933364,0.000770138888909787));
#13102=CARTESIAN_POINT('',(-0.0318785707498048,0.0207021317963369,0.000770138888909787));
#13103=CARTESIAN_POINT('',(-0.0318000167729501,0.0207021317963369,0.000770138888909787));
#13104=CARTESIAN_POINT('',(-0.0330000167729501,0.0219021317963369,0.000770138888909787));
#13105=CARTESIAN_POINT('',(-0.0318000167729501,0.0207021317963369,0.000770138888909787));
#13106=CARTESIAN_POINT('',(-0.0330000167729501,0.0219021317963369,0.000770138888909787));
#13107=CARTESIAN_POINT('',(-0.0330000167729501,0.0219021317963369,0.000813425925939858));
#13108=CARTESIAN_POINT('',(-0.0330000167729501,0.0219021317963369,0.000868228042990631));
#13109=CARTESIAN_POINT('',(-0.0330000167729501,0.0219021317963369,0.000902965753241759));
#13110=CARTESIAN_POINT('',(-0.0330000497515583,0.0219019998819037,0.000905902290306247));
#13111=CARTESIAN_POINT('',(-0.0330002280805684,0.0219012865658633,0.000913997565821083));
#13112=CARTESIAN_POINT('',(-0.033000414573194,0.0219005405953609,0.000919096719719387));
#13113=CARTESIAN_POINT('',(-0.033003472855254,0.021888307467121,0.000978862762978366));
#13114=CARTESIAN_POINT('',(-0.0330146283995974,0.0218436852897476,0.00102333418102293));
#13115=CARTESIAN_POINT('',(-0.033040827064218,0.0217388906312653,0.00108290243162321));
#13116=CARTESIAN_POINT('',(-0.0330521551029911,0.0216935784761727,0.00110242015260473));
#13117=CARTESIAN_POINT('',(-0.0330773548113843,0.0215927796425999,0.00113855588931931));
#13118=CARTESIAN_POINT('',(-0.0330912264810044,0.0215372929641193,0.00115517390505238));
#13119=CARTESIAN_POINT('',(-0.0331058405298331,0.0214788367688044,0.00117103567659192));
#13120=CARTESIAN_POINT('',(-0.0330000167729501,0.0219021317963369,0.0009));
#13121=CARTESIAN_POINT('',(-0.0330000167729501,0.0219021317963369,0.000770138888909787));
#13122=CARTESIAN_POINT('',(-0.0330000167729501,0.0219021317963369,0.000813425925939858));
#13123=CARTESIAN_POINT('',(-0.0330000167729501,0.0219021317963369,0.000868228042990631));
#13124=CARTESIAN_POINT('',(-0.0330000167729501,0.0219021317963369,0.000902965753241759));
#13125=CARTESIAN_POINT('',(-0.0330000497515583,0.0219019998819037,0.000905902290306247));
#13126=CARTESIAN_POINT('',(-0.0330002280805684,0.0219012865658633,0.000913997565821083));
#13127=CARTESIAN_POINT('',(-0.033000414573194,0.0219005405953609,0.000919096719719387));
#13128=CARTESIAN_POINT('',(-0.033003472855254,0.021888307467121,0.000978862762978366));
#13129=CARTESIAN_POINT('',(-0.0330146283995974,0.0218436852897476,0.00102333418102293));
#13130=CARTESIAN_POINT('',(-0.033040827064218,0.0217388906312653,0.00108290243162321));
#13131=CARTESIAN_POINT('',(-0.0330521551029911,0.0216935784761727,0.00110242015260473));
#13132=CARTESIAN_POINT('',(-0.0330773548113843,0.0215927796425999,0.00113855588931931));
#13133=CARTESIAN_POINT('',(-0.0330912264810044,0.0215372929641193,0.00115517390505238));
#13134=CARTESIAN_POINT('',(-0.0331058405298331,0.0214788367688044,0.00117103567659192));
#13135=CARTESIAN_POINT('',(-0.0331058405298331,0.0214788367688044,0.00117103567659192));
#13136=CARTESIAN_POINT('',(-0.0331058405298331,0.0214788367688044,0.00117103567659192));
#13137=CARTESIAN_POINT('',(-0.0330642651319177,0.021388283637021,0.00112591064169379));
#13138=CARTESIAN_POINT('',(-0.0330116309385276,0.0212977466243053,0.00109098934359103));
#13139=CARTESIAN_POINT('',(-0.0329190025512039,0.0211669691088317,0.00105584111187135));
#13140=CARTESIAN_POINT('',(-0.0328858502153468,0.0211242196158278,0.00104699888874315));
#13141=CARTESIAN_POINT('',(-0.0328156480569903,0.0210411813312025,0.00103517248110669));
#13142=CARTESIAN_POINT('',(-0.0327785982344909,0.0210008925395812,0.00103218829659844));
#13143=CARTESIAN_POINT('',(-0.032662584927313,0.0208848792324034,0.00103218829659844));
#13144=CARTESIAN_POINT('',(-0.0325787719656131,0.0208140221471909,0.00104412503463146));
#13145=CARTESIAN_POINT('',(-0.0324479944501395,0.0207213937598672,0.00107927326635113));
#13146=CARTESIAN_POINT('',(-0.0324035639443817,0.0206927971469658,0.00109386162949677));
#13147=CARTESIAN_POINT('',(-0.032313860902499,0.0206406481362379,0.00112846157589263));
#13148=CARTESIAN_POINT('',(-0.0322685883663743,0.0206170957384114,0.00114847315914286));
#13149=CARTESIAN_POINT('',(-0.0322233118004826,0.0205963080394537,0.00117103567659192));
#13150=CARTESIAN_POINT('',(-0.0322233118004826,0.0205963080394537,0.00117103567659192));
#13151=CARTESIAN_POINT('',(-0.0318000167729501,0.0207021317963369,0.000770138888909787));
#13152=CARTESIAN_POINT('',(-0.0318000167729501,0.0207021317963369,0.000813425925939858));
#13153=CARTESIAN_POINT('',(-0.0318000167729501,0.0207021317963369,0.000868228042990631));
#13154=CARTESIAN_POINT('',(-0.0318000167729501,0.0207021317963369,0.000902965753241759));
#13155=CARTESIAN_POINT('',(-0.0318001486873832,0.0207020988177286,0.000905902290306248));
#13156=CARTESIAN_POINT('',(-0.0318008620034236,0.0207019204887185,0.000913997565821083));
#13157=CARTESIAN_POINT('',(-0.0318016079739261,0.0207017339960929,0.000919096719719388));
#13158=CARTESIAN_POINT('',(-0.0318138411021659,0.0206986757140329,0.000978862762978366));
#13159=CARTESIAN_POINT('',(-0.0318584632795393,0.0206875201696896,0.00102333418102293));
#13160=CARTESIAN_POINT('',(-0.0319632579380216,0.0206613215050689,0.00108290243162321));
#13161=CARTESIAN_POINT('',(-0.0320085700931141,0.0206499934662958,0.00110242015260473));
#13162=CARTESIAN_POINT('',(-0.0321093689266871,0.0206247937579026,0.00113855588931931));
#13163=CARTESIAN_POINT('',(-0.0321648556051675,0.0206109220882825,0.00115517390505238));
#13164=CARTESIAN_POINT('',(-0.0322233118004826,0.0205963080394537,0.00117103567659192));
#13165=CARTESIAN_POINT('',(-0.0318000167729501,0.0207021317963369,0.0009));
#13166=CARTESIAN_POINT('',(-0.0318000167729501,0.0207021317963369,0.000770138888909787));
#13167=CARTESIAN_POINT('',(-0.0318000167729501,0.0207021317963369,0.000813425925939858));
#13168=CARTESIAN_POINT('',(-0.0318000167729501,0.0207021317963369,0.000868228042990631));
#13169=CARTESIAN_POINT('',(-0.0318000167729501,0.0207021317963369,0.000902965753241759));
#13170=CARTESIAN_POINT('',(-0.0318001486873832,0.0207020988177286,0.000905902290306248));
#13171=CARTESIAN_POINT('',(-0.0318008620034236,0.0207019204887185,0.000913997565821083));
#13172=CARTESIAN_POINT('',(-0.0318016079739261,0.0207017339960929,0.000919096719719388));
#13173=CARTESIAN_POINT('',(-0.0318138411021659,0.0206986757140329,0.000978862762978366));
#13174=CARTESIAN_POINT('',(-0.0318584632795393,0.0206875201696896,0.00102333418102293));
#13175=CARTESIAN_POINT('',(-0.0319632579380216,0.0206613215050689,0.00108290243162321));
#13176=CARTESIAN_POINT('',(-0.0320085700931141,0.0206499934662958,0.00110242015260473));
#13177=CARTESIAN_POINT('',(-0.0321093689266871,0.0206247937579026,0.00113855588931931));
#13178=CARTESIAN_POINT('',(-0.0321648556051675,0.0206109220882825,0.00115517390505238));
#13179=CARTESIAN_POINT('',(-0.0322233118004826,0.0205963080394537,0.00117103567659192));
#13180=CARTESIAN_POINT('',(-0.0164000167729501,0.0207021317963369,0.000770138888909787));
#13181=CARTESIAN_POINT('',(-0.0164000167729501,0.0207021317963369,0.000813425925939859));
#13182=CARTESIAN_POINT('',(-0.0164000167729501,0.0207021317963369,0.000868228042990629));
#13183=CARTESIAN_POINT('',(-0.0164000167729501,0.0207021317963369,0.000902965788579175));
#13184=CARTESIAN_POINT('',(-0.0163998848553738,0.0207020988169428,0.000905902360284549));
#13185=CARTESIAN_POINT('',(-0.0163991715310872,0.0207019204858712,0.000913997633845638));
#13186=CARTESIAN_POINT('',(-0.0163984255624318,0.0207017339937073,0.000919096753053548));
#13187=CARTESIAN_POINT('',(-0.016386192427794,0.0206986757100479,0.000978862761917899));
#13188=CARTESIAN_POINT('',(-0.0163415702564232,0.0206875201672051,0.00102333417832844));
#13189=CARTESIAN_POINT('',(-0.0162367756090397,0.0206613215053593,0.00108290242775969));
#13190=CARTESIAN_POINT('',(-0.0161914634583293,0.0206499934676817,0.00110242014860675));
#13191=CARTESIAN_POINT('',(-0.0160906646278393,0.0206247937600591,0.00113855588625903));
#13192=CARTESIAN_POINT('',(-0.0160351779480595,0.0206109220901142,0.00115517390306424));
#13193=CARTESIAN_POINT('',(-0.0159767217454176,0.0205963080394537,0.0011710356765919));
#13194=CARTESIAN_POINT('',(-0.0162429088192405,0.0207021317963369,0.000770138888909787));
#13195=CARTESIAN_POINT('',(-0.0162429088192405,0.0207021317963369,0.00080959294499655));
#13196=CARTESIAN_POINT('',(-0.0162499503375658,0.0207021317963369,0.000863448130313256));
#13197=CARTESIAN_POINT('',(-0.0162563311605972,0.0207021317963369,0.000893861927350934));
#13198=CARTESIAN_POINT('',(-0.0162565719221239,0.0207021405022909,0.000896506514111989));
#13199=CARTESIAN_POINT('',(-0.0162566861140653,0.0207021429801579,0.000903874812319776));
#13200=CARTESIAN_POINT('',(-0.0162562300034425,0.0207021464015273,0.000908606496724131));
#13201=CARTESIAN_POINT('',(-0.0162511307818401,0.0207009854087501,0.000962030985958552));
#13202=CARTESIAN_POINT('',(-0.0162156376781169,0.0206943824122854,0.000997643623683728));
#13203=CARTESIAN_POINT('',(-0.016124428060133,0.0206791845880037,0.00104695784209533));
#13204=CARTESIAN_POINT('',(-0.0160825679170834,0.0206710616668476,0.00106417890491289));
#13205=CARTESIAN_POINT('',(-0.0159917902544245,0.0206563060263452,0.00109524285862273));
#13206=CARTESIAN_POINT('',(-0.0159298140794694,0.0206528457359897,0.00110499683771));
#13207=CARTESIAN_POINT('',(-0.0158861686136342,0.0206378834373692,0.00112591064169376));
#13208=CARTESIAN_POINT('',(-0.0160859193117189,0.0207333645843349,0.000770138888909787));
#13209=CARTESIAN_POINT('',(-0.0160859193117189,0.0207333645843349,0.000794441824043838));
#13210=CARTESIAN_POINT('',(-0.0160747154991888,0.0207366106886484,0.0008236735959791));
#13211=CARTESIAN_POINT('',(-0.0160586225939852,0.0207392110784041,0.000849983645067109));
#13212=CARTESIAN_POINT('',(-0.016057230762227,0.02073942562588,0.000852183661610356));
#13213=CARTESIAN_POINT('',(-0.0160533400562,0.0207399964724535,0.000858156275332236));
#13214=CARTESIAN_POINT('',(-0.0160507633238443,0.0207403436778274,0.000861949654448058));
#13215=CARTESIAN_POINT('',(-0.0160191086053794,0.0207442259881142,0.000906780299530375));
#13216=CARTESIAN_POINT('',(-0.0159807632524331,0.0207452090907683,0.000943894406974272));
#13217=CARTESIAN_POINT('',(-0.0159158322275297,0.0207367107107127,0.000998515732202989));
#13218=CARTESIAN_POINT('',(-0.0158912497163021,0.0207315334804265,0.00101760902582139));
#13219=CARTESIAN_POINT('',(-0.0158425198688674,0.0207155805601569,0.001054855147266));
#13220=CARTESIAN_POINT('',(-0.0158183725326604,0.0207048048701737,0.00107300797509221));
#13221=CARTESIAN_POINT('',(-0.0157956316009185,0.0206905176307593,0.001090989343591));
#13222=CARTESIAN_POINT('',(-0.0158682353253085,0.0208235322438176,0.000770138888909787));
#13223=CARTESIAN_POINT('',(-0.0158682353253085,0.0208235322438176,0.000790797387678121));
#13224=CARTESIAN_POINT('',(-0.0158580876809986,0.0208270256568819,0.000817000806738501));
#13225=CARTESIAN_POINT('',(-0.0158443248107724,0.0208300291918377,0.00084045096985045));
#13226=CARTESIAN_POINT('',(-0.0158431412757966,0.0208302792164258,0.000842410414705278));
#13227=CARTESIAN_POINT('',(-0.0158398567260228,0.0208309515149091,0.000847722674224221));
#13228=CARTESIAN_POINT('',(-0.0158376983516307,0.0208313667829497,0.000851103765180969));
#13229=CARTESIAN_POINT('',(-0.0158113887244722,0.0208360899068124,0.00089113799268345));
#13230=CARTESIAN_POINT('',(-0.0157815151371597,0.0208381369416964,0.000925049031161514));
#13231=CARTESIAN_POINT('',(-0.0157356924100816,0.0208305801557216,0.000974582670878221));
#13232=CARTESIAN_POINT('',(-0.0157192626353636,0.0208255935727534,0.000991814615703094));
#13233=CARTESIAN_POINT('',(-0.015689288981948,0.0208094354359188,0.00102485811262018));
#13234=CARTESIAN_POINT('',(-0.0156757451032504,0.0207982638820524,0.00104066966471239));
#13235=CARTESIAN_POINT('',(-0.0156648540854449,0.0207831460180831,0.00105584111187132));
#13236=CARTESIAN_POINT('',(-0.0157986763390255,0.0208607960508515,0.000770138888909787));
#13237=CARTESIAN_POINT('',(-0.0157986763390255,0.0208607960508515,0.000790548696410741));
#13238=CARTESIAN_POINT('',(-0.0157905361068186,0.0208635658189904,0.000815122763577753));
#13239=CARTESIAN_POINT('',(-0.0157791825637923,0.0208659187188091,0.000837874945612071));
#13240=CARTESIAN_POINT('',(-0.0157782033543424,0.0208661143948559,0.000839783516369889));
#13241=CARTESIAN_POINT('',(-0.0157754752592809,0.0208666395096971,0.000844986731095224));
#13242=CARTESIAN_POINT('',(-0.0157736749836537,0.0208669615232551,0.000848299091859659));
#13243=CARTESIAN_POINT('',(-0.0157516467724397,0.0208705875676834,0.000887525104120249));
#13244=CARTESIAN_POINT('',(-0.0157258159042287,0.0208717769742645,0.000920807895543977));
#13245=CARTESIAN_POINT('',(-0.015685583597388,0.020863436311914,0.000969090555080191));
#13246=CARTESIAN_POINT('',(-0.0156710282769765,0.0208582818414831,0.000985812795982933));
#13247=CARTESIAN_POINT('',(-0.0156442606877683,0.0208421011235907,0.0010176227876163));
#13248=CARTESIAN_POINT('',(-0.0156320484189715,0.020831074876129,0.00103271053834692));
#13249=CARTESIAN_POINT('',(-0.0156221045924409,0.0208162983539402,0.00104699888874311));
#13250=CARTESIAN_POINT('',(-0.0156680710124978,0.0209480637400357,0.000770138888909787));
#13251=CARTESIAN_POINT('',(-0.0156680710124978,0.0209480637400357,0.000789602094035385));
#13252=CARTESIAN_POINT('',(-0.0156638911702549,0.0209489256021493,0.000810851124242643));
#13253=CARTESIAN_POINT('',(-0.0156572236687695,0.0209491924504017,0.00083241201860506));
#13254=CARTESIAN_POINT('',(-0.0156566412057895,0.0209492101866628,0.000834238524729447));
#13255=CARTESIAN_POINT('',(-0.0156549912198369,0.0209492423392373,0.000839284320236411));
#13256=CARTESIAN_POINT('',(-0.0156538829510828,0.0209492439571283,0.000842504804425704));
#13257=CARTESIAN_POINT('',(-0.0156401059729034,0.0209490120078289,0.000880730614064047));
#13258=CARTESIAN_POINT('',(-0.0156218430436949,0.0209462855630539,0.000914049519064657));
#13259=CARTESIAN_POINT('',(-0.01559149614143,0.020933782254609,0.000961781053125501));
#13260=CARTESIAN_POINT('',(-0.0155801184598773,0.0209275277746078,0.000978176572996805));
#13261=CARTESIAN_POINT('',(-0.0155583921292179,0.0209105895234326,0.00100858071949423));
#13262=CARTESIAN_POINT('',(-0.0155480434801112,0.0208999057522586,0.00102258934612035));
#13263=CARTESIAN_POINT('',(-0.0155390663078157,0.0208865005122966,0.00103517248110666));
#13264=CARTESIAN_POINT('',(-0.0156070246722532,0.0209980676221861,0.000770138888909787));
#13265=CARTESIAN_POINT('',(-0.0156070246722532,0.0209980676221861,0.000789326833288029));
#13266=CARTESIAN_POINT('',(-0.0156049259088645,0.0209977362439083,0.000809108601889763));
#13267=CARTESIAN_POINT('',(-0.0156007337933366,0.0209965537497633,0.000830284978929637));
#13268=CARTESIAN_POINT('',(-0.0156003611803155,0.0209964466730861,0.00083208845920593));
#13269=CARTESIAN_POINT('',(-0.0155992825143298,0.0209961295657077,0.000837105635754121));
#13270=CARTESIAN_POINT('',(-0.0155985412784816,0.0209959017205181,0.000840312225914063));
#13271=CARTESIAN_POINT('',(-0.015589140373937,0.0209928803802072,0.000878419318199422));
#13272=CARTESIAN_POINT('',(-0.015574888224539,0.0209870616768589,0.000912099078688079));
#13273=CARTESIAN_POINT('',(-0.0155490723224773,0.0209711630550667,0.000960089312533932));
#13274=CARTESIAN_POINT('',(-0.0155389741415109,0.020963978113095,0.000976514830490368));
#13275=CARTESIAN_POINT('',(-0.0155186491591611,0.0209463353203097,0.00100660234593148));
#13276=CARTESIAN_POINT('',(-0.0155084223577778,0.0209358774694958,0.00102026434341616));
#13277=CARTESIAN_POINT('',(-0.0154987775161945,0.020923550334796,0.0010321882965984));
#13278=CARTESIAN_POINT('',(-0.0154404165620723,0.0211646757323669,0.000770138888909787));
#13279=CARTESIAN_POINT('',(-0.0154404165620723,0.0211646757323669,0.000789326833288029));
#13280=CARTESIAN_POINT('',(-0.01544096887635,0.0211616932764227,0.000809108601889749));
#13281=CARTESIAN_POINT('',(-0.0154412911928964,0.0211559963502034,0.000830284978929599));
#13282=CARTESIAN_POINT('',(-0.0154413168843912,0.0211554909690104,0.000832088459205889));
#13283=CARTESIAN_POINT('',(-0.0154413805563163,0.0211540315237211,0.000837105635754074));
#13284=CARTESIAN_POINT('',(-0.015441409406456,0.0211530335925436,0.000840312225914012));
#13285=CARTESIAN_POINT('',(-0.0154415778482621,0.021140442905882,0.000878419318199324));
#13286=CARTESIAN_POINT('',(-0.0154399758679385,0.0211219740334592,0.000912099078687924));
#13287=CARTESIAN_POINT('',(-0.015429035886281,0.0210911994912628,0.000960089312533749));
#13288=CARTESIAN_POINT('',(-0.0154233075638068,0.0210796446907989,0.000976514830490188));
#13289=CARTESIAN_POINT('',(-0.0154070058658036,0.0210579786136669,0.00100660234593135));
#13290=CARTESIAN_POINT('',(-0.0153964324902746,0.0210478673369989,0.00102026434341608));
#13291=CARTESIAN_POINT('',(-0.0153827642090166,0.0210395636419739,0.0010321882965984));
#13292=CARTESIAN_POINT('',(-0.015351473106925,0.0212977890198918,0.000770138888909787));
#13293=CARTESIAN_POINT('',(-0.015351473106925,0.0212977890198918,0.000790427876277455));
#13294=CARTESIAN_POINT('',(-0.0153550309976567,0.0212882496336418,0.000816078691301275));
#13295=CARTESIAN_POINT('',(-0.0153581410624099,0.0212756607849749,0.000838793137631323));
#13296=CARTESIAN_POINT('',(-0.0153584004693141,0.0212745815402899,0.000840688721299991));
#13297=CARTESIAN_POINT('',(-0.0153590996224439,0.0212715983737404,0.000845820373683273));
#13298=CARTESIAN_POINT('',(-0.0153595329342475,0.0212696457015981,0.000849082539960618));
#13299=CARTESIAN_POINT('',(-0.0153644793758656,0.0212459302846313,0.000887664501657902));
#13300=CARTESIAN_POINT('',(-0.0153668129837861,0.021219851739016,0.000919900840194363));
#13301=CARTESIAN_POINT('',(-0.0153595369752481,0.0211808704762759,0.000966856274900182));
#13302=CARTESIAN_POINT('',(-0.0153546172616605,0.0211671109124621,0.000983161800516091));
#13303=CARTESIAN_POINT('',(-0.0153384515405336,0.021142521631656,0.00101451584018246));
#13304=CARTESIAN_POINT('',(-0.0153272055329943,0.0211316919146637,0.00102956435423293));
#13305=CARTESIAN_POINT('',(-0.0153119071238042,0.0211233766036738,0.00104412503463142));
#13306=CARTESIAN_POINT('',(-0.0152613054474423,0.0215154730063023,0.000770138888909787));
#13307=CARTESIAN_POINT('',(-0.0152613054474423,0.0215154730063023,0.000792804361561313));
#13308=CARTESIAN_POINT('',(-0.0152646429672974,0.0215044931488525,0.000820798259077414));
#13309=CARTESIAN_POINT('',(-0.0152673916647547,0.0214889782503578,0.000846046223568343));
#13310=CARTESIAN_POINT('',(-0.0152676192596285,0.0214876384218453,0.000848157884860456));
#13311=CARTESIAN_POINT('',(-0.0152682274048337,0.0214839001023328,0.000853890625048698));
#13312=CARTESIAN_POINT('',(-0.0152685996196593,0.021481429697834,0.000857537322424684));
#13313=CARTESIAN_POINT('',(-0.0152727906778564,0.0214511504199265,0.000900695891619678));
#13314=CARTESIAN_POINT('',(-0.0152741624601073,0.0214151434289485,0.000937045814551465));
#13315=CARTESIAN_POINT('',(-0.0152659944883736,0.0213563458207888,0.000990412399529629));
#13316=CARTESIAN_POINT('',(-0.0152608791470562,0.0213345045723638,0.00100903822835575));
#13317=CARTESIAN_POINT('',(-0.0152448274106503,0.021292460635634,0.00104502776616195));
#13318=CARTESIAN_POINT('',(-0.0152338910155618,0.0212722579473291,0.00106239147514204));
#13319=CARTESIAN_POINT('',(-0.0152192787364804,0.0212541541191474,0.0010792732663511));
#13320=CARTESIAN_POINT('',(-0.0152384693071957,0.0215910010475844,0.000770138888909787));
#13321=CARTESIAN_POINT('',(-0.0152384693071957,0.0215910010475844,0.000797358264126353));
#13322=CARTESIAN_POINT('',(-0.0152409451035559,0.0215845345958049,0.000831823648139567));
#13323=CARTESIAN_POINT('',(-0.0152429625867395,0.0215744484618229,0.000858527087097447));
#13324=CARTESIAN_POINT('',(-0.0152431315866869,0.0215734994945163,0.000860785853354794));
#13325=CARTESIAN_POINT('',(-0.0152435772497354,0.0215707110390236,0.000866965796706064));
#13326=CARTESIAN_POINT('',(-0.0152438498528859,0.0215687341884284,0.000870907930350379));
#13327=CARTESIAN_POINT('',(-0.0152466114730028,0.0215446091927302,0.000916918029570313));
#13328=CARTESIAN_POINT('',(-0.0152458753729156,0.0215083888630286,0.000953311291076329));
#13329=CARTESIAN_POINT('',(-0.0152358590641503,0.0214400729061593,0.00100614308146453));
#13330=CARTESIAN_POINT('',(-0.0152299771856995,0.0214125297763945,0.00102461669347082));
#13331=CARTESIAN_POINT('',(-0.015214289382611,0.0213564140074903,0.00105986400288921));
#13332=CARTESIAN_POINT('',(-0.0152052765652207,0.0213245767045145,0.00107561547235001));
#13333=CARTESIAN_POINT('',(-0.0151906821235789,0.0212985846249053,0.00109386162949674));
#13334=CARTESIAN_POINT('',(-0.0152078249699495,0.0217450534541743,0.000770138888909787));
#13335=CARTESIAN_POINT('',(-0.0152078249699495,0.0217450534541743,0.000806869517345707));
#13336=CARTESIAN_POINT('',(-0.0152086364960279,0.0217457732602045,0.000854358749957574));
#13337=CARTESIAN_POINT('',(-0.0152092865934669,0.0217449404454193,0.000884749647418117));
#13338=CARTESIAN_POINT('',(-0.0152093363384643,0.0217446798888489,0.000887349939081324));
#13339=CARTESIAN_POINT('',(-0.0152094357062733,0.0217435859772413,0.000894535293776828));
#13340=CARTESIAN_POINT('',(-0.0152094775952605,0.0217425272466771,0.000899115707009707));
#13341=CARTESIAN_POINT('',(-0.0152091031055288,0.0217290056726002,0.000951892313128359));
#13342=CARTESIAN_POINT('',(-0.0152032584972494,0.0216905172396593,0.00099018919611428));
#13343=CARTESIAN_POINT('',(-0.0151869853246331,0.0216024810125956,0.00104358629370963));
#13344=CARTESIAN_POINT('',(-0.0151787975470641,0.0215640772755864,0.00106192887917828));
#13345=CARTESIAN_POINT('',(-0.0151611315698399,0.0214813062747758,0.00109592990447178));
#13346=CARTESIAN_POINT('',(-0.0151532395846801,0.0214304096833015,0.00110954388839405));
#13347=CARTESIAN_POINT('',(-0.015138533112851,0.021388287666788,0.00112846157589261));
#13348=CARTESIAN_POINT('',(-0.01520001677295,0.0218235778194821,0.000770138888909787));
#13349=CARTESIAN_POINT('',(-0.01520001677295,0.0218235778194821,0.000811826868000021));
#13350=CARTESIAN_POINT('',(-0.01520001677295,0.0218270985786447,0.000865838086651942));
#13351=CARTESIAN_POINT('',(-0.01520001677295,0.0218302889901604,0.000898413857965055));
#13352=CARTESIAN_POINT('',(-0.01520000463623,0.0218303434121357,0.000901204437198267));
#13353=CARTESIAN_POINT('',(-0.0151999167096277,0.0218300438459631,0.000908936223082704));
#13354=CARTESIAN_POINT('',(-0.0151998251742305,0.0218294428063239,0.000913851624888835));
#13355=CARTESIAN_POINT('',(-0.0151977155360122,0.0218207766282039,0.000970446873938212));
#13356=CARTESIAN_POINT('',(-0.0151888362663585,0.0217807189906569,0.00101048890100608));
#13357=CARTESIAN_POINT('',(-0.0151681380232947,0.0216827168579732,0.00106493013492751));
#13358=CARTESIAN_POINT('',(-0.0151584125438778,0.0216391307110932,0.00108329952675982));
#13359=CARTESIAN_POINT('',(-0.0151384348698153,0.0215433424645187,0.00111689937244088));
#13360=CARTESIAN_POINT('',(-0.0151297688896652,0.0214846110371513,0.00113008537038704));
#13361=CARTESIAN_POINT('',(-0.0151149807150247,0.0214335602029127,0.00114847315914283));
#13362=CARTESIAN_POINT('',(-0.01520001677295,0.0219021317963369,0.000770138888909787));
#13363=CARTESIAN_POINT('',(-0.01520001677295,0.0219021317963369,0.000813425925939857));
#13364=CARTESIAN_POINT('',(-0.01520001677295,0.0219021317963369,0.00086822804299063));
#13365=CARTESIAN_POINT('',(-0.01520001677295,0.0219021317963369,0.000902965788579175));
#13366=CARTESIAN_POINT('',(-0.015199983793556,0.0219019998787606,0.000905902360284548));
#13367=CARTESIAN_POINT('',(-0.0151998054624843,0.0219012865544741,0.000913997633845637));
#13368=CARTESIAN_POINT('',(-0.0151996189703205,0.0219005405858187,0.000919096753053547));
#13369=CARTESIAN_POINT('',(-0.015196560686661,0.0218883074511808,0.000978862761917898));
#13370=CARTESIAN_POINT('',(-0.0151854051438184,0.0218436852798101,0.00102333417832844));
#13371=CARTESIAN_POINT('',(-0.0151592064819724,0.0217388906324265,0.00108290242775969));
#13372=CARTESIAN_POINT('',(-0.0151478784442949,0.0216935784817162,0.00110242014860675));
#13373=CARTESIAN_POINT('',(-0.0151226787366724,0.0215927796512261,0.00113855588625903));
#13374=CARTESIAN_POINT('',(-0.0151088070667274,0.0215372929714463,0.00115517390306424));
#13375=CARTESIAN_POINT('',(-0.015094193016067,0.0214788367688045,0.0011710356765919));
#13376=CARTESIAN_POINT('',(-0.0164000167729501,0.0207021317963369,0.000770138888909787));
#13377=CARTESIAN_POINT('',(-0.0162429088192405,0.0207021317963369,0.000770138888909787));
#13378=CARTESIAN_POINT('',(-0.0160859193117189,0.0207333645843349,0.000770138888909787));
#13379=CARTESIAN_POINT('',(-0.0158682353253085,0.0208235322438176,0.000770138888909787));
#13380=CARTESIAN_POINT('',(-0.0157986763390255,0.0208607960508515,0.000770138888909787));
#13381=CARTESIAN_POINT('',(-0.0156680710124978,0.0209480637400357,0.000770138888909787));
#13382=CARTESIAN_POINT('',(-0.0156070246722532,0.0209980676221861,0.000770138888909787));
#13383=CARTESIAN_POINT('',(-0.0154404165620723,0.0211646757323669,0.000770138888909787));
#13384=CARTESIAN_POINT('',(-0.015351473106925,0.0212977890198918,0.000770138888909787));
#13385=CARTESIAN_POINT('',(-0.0152613054474423,0.0215154730063023,0.000770138888909787));
#13386=CARTESIAN_POINT('',(-0.0152384693071957,0.0215910010475844,0.000770138888909787));
#13387=CARTESIAN_POINT('',(-0.0152078249699495,0.0217450534541743,0.000770138888909787));
#13388=CARTESIAN_POINT('',(-0.01520001677295,0.0218235778194821,0.000770138888909787));
#13389=CARTESIAN_POINT('',(-0.01520001677295,0.0219021317963369,0.000770138888909787));
#13390=CARTESIAN_POINT('',(-0.0164000167729501,0.0207021317963369,0.000770138888909787));
#13391=CARTESIAN_POINT('',(-0.01520001677295,0.0219021317963369,0.000770138888909787));
#13392=CARTESIAN_POINT('',(-0.0164000167729501,0.0207021317963369,0.000770138888909787));
#13393=CARTESIAN_POINT('',(-0.0164000167729501,0.0207021317963369,0.000813425925939859));
#13394=CARTESIAN_POINT('',(-0.0164000167729501,0.0207021317963369,0.000868228042990629));
#13395=CARTESIAN_POINT('',(-0.0164000167729501,0.0207021317963369,0.000902965788579175));
#13396=CARTESIAN_POINT('',(-0.0163998848553738,0.0207020988169428,0.000905902360284549));
#13397=CARTESIAN_POINT('',(-0.0163991715310872,0.0207019204858712,0.000913997633845638));
#13398=CARTESIAN_POINT('',(-0.0163984255624318,0.0207017339937073,0.000919096753053548));
#13399=CARTESIAN_POINT('',(-0.016386192427794,0.0206986757100479,0.000978862761917899));
#13400=CARTESIAN_POINT('',(-0.0163415702564232,0.0206875201672051,0.00102333417832844));
#13401=CARTESIAN_POINT('',(-0.0162367756090397,0.0206613215053593,0.00108290242775969));
#13402=CARTESIAN_POINT('',(-0.0161914634583293,0.0206499934676817,0.00110242014860675));
#13403=CARTESIAN_POINT('',(-0.0160906646278393,0.0206247937600591,0.00113855588625903));
#13404=CARTESIAN_POINT('',(-0.0160351779480595,0.0206109220901142,0.00115517390306424));
#13405=CARTESIAN_POINT('',(-0.0159767217454176,0.0205963080394537,0.0011710356765919));
#13406=CARTESIAN_POINT('',(-0.0164000167729501,0.0207021317963369,0.0009));
#13407=CARTESIAN_POINT('',(-0.0164000167729501,0.0207021317963369,0.000770138888909787));
#13408=CARTESIAN_POINT('',(-0.0164000167729501,0.0207021317963369,0.000813425925939859));
#13409=CARTESIAN_POINT('',(-0.0164000167729501,0.0207021317963369,0.000868228042990629));
#13410=CARTESIAN_POINT('',(-0.0164000167729501,0.0207021317963369,0.000902965788579175));
#13411=CARTESIAN_POINT('',(-0.0163998848553738,0.0207020988169428,0.000905902360284549));
#13412=CARTESIAN_POINT('',(-0.0163991715310872,0.0207019204858712,0.000913997633845638));
#13413=CARTESIAN_POINT('',(-0.0163984255624318,0.0207017339937073,0.000919096753053548));
#13414=CARTESIAN_POINT('',(-0.016386192427794,0.0206986757100479,0.000978862761917899));
#13415=CARTESIAN_POINT('',(-0.0163415702564232,0.0206875201672051,0.00102333417832844));
#13416=CARTESIAN_POINT('',(-0.0162367756090397,0.0206613215053593,0.00108290242775969));
#13417=CARTESIAN_POINT('',(-0.0161914634583293,0.0206499934676817,0.00110242014860675));
#13418=CARTESIAN_POINT('',(-0.0160906646278393,0.0206247937600591,0.00113855588625903));
#13419=CARTESIAN_POINT('',(-0.0160351779480595,0.0206109220901142,0.00115517390306424));
#13420=CARTESIAN_POINT('',(-0.0159767217454176,0.0205963080394537,0.0011710356765919));
#13421=CARTESIAN_POINT('',(-0.0159767217454176,0.0205963080394537,0.0011710356765919));
#13422=CARTESIAN_POINT('',(-0.0159767217454176,0.0205963080394537,0.0011710356765919));
#13423=CARTESIAN_POINT('',(-0.0158861686136342,0.0206378834373692,0.00112591064169376));
#13424=CARTESIAN_POINT('',(-0.0157956316009185,0.0206905176307593,0.001090989343591));
#13425=CARTESIAN_POINT('',(-0.0156648540854449,0.0207831460180831,0.00105584111187132));
#13426=CARTESIAN_POINT('',(-0.0156221045924409,0.0208162983539402,0.00104699888874311));
#13427=CARTESIAN_POINT('',(-0.0155390663078157,0.0208865005122966,0.00103517248110666));
#13428=CARTESIAN_POINT('',(-0.0154987775161945,0.020923550334796,0.0010321882965984));
#13429=CARTESIAN_POINT('',(-0.0153827642090166,0.0210395636419739,0.0010321882965984));
#13430=CARTESIAN_POINT('',(-0.0153119071238042,0.0211233766036738,0.00104412503463142));
#13431=CARTESIAN_POINT('',(-0.0152192787364804,0.0212541541191474,0.0010792732663511));
#13432=CARTESIAN_POINT('',(-0.0151906821235789,0.0212985846249053,0.00109386162949674));
#13433=CARTESIAN_POINT('',(-0.015138533112851,0.021388287666788,0.00112846157589261));
#13434=CARTESIAN_POINT('',(-0.0151149807150247,0.0214335602029127,0.00114847315914283));
#13435=CARTESIAN_POINT('',(-0.015094193016067,0.0214788367688045,0.0011710356765919));
#13436=CARTESIAN_POINT('',(-0.015094193016067,0.0214788367688045,0.0011710356765919));
#13437=CARTESIAN_POINT('',(-0.01520001677295,0.0219021317963369,0.000770138888909787));
#13438=CARTESIAN_POINT('',(-0.01520001677295,0.0219021317963369,0.000813425925939857));
#13439=CARTESIAN_POINT('',(-0.01520001677295,0.0219021317963369,0.00086822804299063));
#13440=CARTESIAN_POINT('',(-0.01520001677295,0.0219021317963369,0.000902965788579175));
#13441=CARTESIAN_POINT('',(-0.015199983793556,0.0219019998787606,0.000905902360284548));
#13442=CARTESIAN_POINT('',(-0.0151998054624843,0.0219012865544741,0.000913997633845637));
#13443=CARTESIAN_POINT('',(-0.0151996189703205,0.0219005405858187,0.000919096753053547));
#13444=CARTESIAN_POINT('',(-0.015196560686661,0.0218883074511808,0.000978862761917898));
#13445=CARTESIAN_POINT('',(-0.0151854051438184,0.0218436852798101,0.00102333417832844));
#13446=CARTESIAN_POINT('',(-0.0151592064819724,0.0217388906324265,0.00108290242775969));
#13447=CARTESIAN_POINT('',(-0.0151478784442949,0.0216935784817162,0.00110242014860675));
#13448=CARTESIAN_POINT('',(-0.0151226787366724,0.0215927796512261,0.00113855588625903));
#13449=CARTESIAN_POINT('',(-0.0151088070667274,0.0215372929714463,0.00115517390306424));
#13450=CARTESIAN_POINT('',(-0.015094193016067,0.0214788367688045,0.0011710356765919));
#13451=CARTESIAN_POINT('',(-0.01520001677295,0.0219021317963369,0.0009));
#13452=CARTESIAN_POINT('',(-0.01520001677295,0.0219021317963369,0.000770138888909787));
#13453=CARTESIAN_POINT('',(-0.01520001677295,0.0219021317963369,0.000813425925939857));
#13454=CARTESIAN_POINT('',(-0.01520001677295,0.0219021317963369,0.00086822804299063));
#13455=CARTESIAN_POINT('',(-0.01520001677295,0.0219021317963369,0.000902965788579175));
#13456=CARTESIAN_POINT('',(-0.015199983793556,0.0219019998787606,0.000905902360284548));
#13457=CARTESIAN_POINT('',(-0.0151998054624843,0.0219012865544741,0.000913997633845637));
#13458=CARTESIAN_POINT('',(-0.0151996189703205,0.0219005405858187,0.000919096753053547));
#13459=CARTESIAN_POINT('',(-0.015196560686661,0.0218883074511808,0.000978862761917898));
#13460=CARTESIAN_POINT('',(-0.0151854051438184,0.0218436852798101,0.00102333417832844));
#13461=CARTESIAN_POINT('',(-0.0151592064819724,0.0217388906324265,0.00108290242775969));
#13462=CARTESIAN_POINT('',(-0.0151478784442949,0.0216935784817162,0.00110242014860675));
#13463=CARTESIAN_POINT('',(-0.0151226787366724,0.0215927796512261,0.00113855588625903));
#13464=CARTESIAN_POINT('',(-0.0151088070667274,0.0215372929714463,0.00115517390306424));
#13465=CARTESIAN_POINT('',(-0.015094193016067,0.0214788367688045,0.0011710356765919));
#13466=CARTESIAN_POINT('',(-0.01520001677295,0.0526021317963369,0.000767013888875045));
#13467=CARTESIAN_POINT('',(-0.01520001677295,0.0526021317963369,0.000811342592583361));
#13468=CARTESIAN_POINT('',(-0.01520001677295,0.0526021317963369,0.000867558176833441));
#13469=CARTESIAN_POINT('',(-0.01520001677295,0.0526021317963369,0.000903012633468912));
#13470=CARTESIAN_POINT('',(-0.0151999827434822,0.052602267914208,0.000905995310158596));
#13471=CARTESIAN_POINT('',(-0.015199799537859,0.0526030007367013,0.000914183270861517));
#13472=CARTESIAN_POINT('',(-0.0151996090450154,0.0526037627080753,0.000919328370117246));
#13473=CARTESIAN_POINT('',(-0.0151964834723377,0.0526162649987862,0.000979753675877742));
#13474=CARTESIAN_POINT('',(-0.0151850964006017,0.0526618132857302,0.00102463134518286));
#13475=CARTESIAN_POINT('',(-0.0151584110706578,0.0527685546055059,0.00108461239940432));
#13476=CARTESIAN_POINT('',(-0.0151468805381954,0.0528146767353552,0.00110423335469654));
#13477=CARTESIAN_POINT('',(-0.0151212588119841,0.0529171636402007,0.00114050600854119));
#13478=CARTESIAN_POINT('',(-0.015107167618235,0.0529735284151968,0.00115715770709361));
#13479=CARTESIAN_POINT('',(-0.0150923425393184,0.0530328287308635,0.00117303048605818));
#13480=CARTESIAN_POINT('',(-0.01520001677295,0.0527592397500464,0.000767013888875045));
#13481=CARTESIAN_POINT('',(-0.01520001677295,0.0527592397500464,0.000807486428877203));
#13482=CARTESIAN_POINT('',(-0.01520001677295,0.0527520730230194,0.0008627936344234));
#13483=CARTESIAN_POINT('',(-0.01520001677295,0.0527455471070388,0.000893917673690027));
#13484=CARTESIAN_POINT('',(-0.0152000251169462,0.0527453058042297,0.000896609249707919));
#13485=CARTESIAN_POINT('',(-0.0152000247579402,0.0527452063233511,0.000904074551866366));
#13486=CARTESIAN_POINT('',(-0.0152000252589365,0.0527456791935217,0.000908853546472557));
#13487=CARTESIAN_POINT('',(-0.0151988131615606,0.0527509834362488,0.00096296416507462));
#13488=CARTESIAN_POINT('',(-0.0151920203269622,0.0527872945548353,0.000998992149253707));
#13489=CARTESIAN_POINT('',(-0.0151764165518563,0.0528802883320064,0.00104879627208072));
#13490=CARTESIAN_POINT('',(-0.0151680957820778,0.0529229339698333,0.00106615624906576));
#13491=CARTESIAN_POINT('',(-0.0151529749441601,0.0530152784129164,0.00109745058685655));
#13492=CARTESIAN_POINT('',(-0.0151494120526105,0.0530782069307684,0.00110726479754545));
#13493=CARTESIAN_POINT('',(-0.0151341399795067,0.0531225400790175,0.00112827918772636));
#13494=CARTESIAN_POINT('',(-0.0152312495609481,0.052916229257568,0.000767013888875045));
#13495=CARTESIAN_POINT('',(-0.0152312495609481,0.052916229257568,0.000792024455642509));
#13496=CARTESIAN_POINT('',(-0.0152345371033377,0.0529276968585657,0.000822026176082681));
#13497=CARTESIAN_POINT('',(-0.0152371460347342,0.0529442231824332,0.000849053020115241));
#13498=CARTESIAN_POINT('',(-0.0152373601454089,0.0529456461772558,0.000851302914656583));
#13499=CARTESIAN_POINT('',(-0.0152379272594011,0.0529496097802894,0.000857388518752426));
#13500=CARTESIAN_POINT('',(-0.0152382707903008,0.0529522287192375,0.000861244660556663));
#13501=CARTESIAN_POINT('',(-0.0152421118158336,0.0529844693952672,0.000906911056621742));
#13502=CARTESIAN_POINT('',(-0.0152429900519513,0.0530235503528338,0.000944694159670341));
#13503=CARTESIAN_POINT('',(-0.0152341411904935,0.0530897306695852,0.00100016781106034));
#13504=CARTESIAN_POINT('',(-0.0152287979272548,0.0531147868644419,0.00101952970065509));
#13505=CARTESIAN_POINT('',(-0.0152124169458945,0.0531644529742745,0.00105722216285227));
#13506=CARTESIAN_POINT('',(-0.0152013792277729,0.0531890628892504,0.0010755527354547));
#13507=CARTESIAN_POINT('',(-0.0151867725502042,0.0532122358992169,0.00109366233833917));
#13508=CARTESIAN_POINT('',(-0.0153214172204307,0.0531339132439785,0.000767013888875045));
#13509=CARTESIAN_POINT('',(-0.0153214172204307,0.0531339132439785,0.000788346234243881));
#13510=CARTESIAN_POINT('',(-0.0153249501474855,0.0531442957096693,0.000815305856506291));
#13511=CARTESIAN_POINT('',(-0.0153279559132706,0.0531584282787831,0.000839472352151456));
#13512=CARTESIAN_POINT('',(-0.0153282047589683,0.053159638340843,0.000841482860623596));
#13513=CARTESIAN_POINT('',(-0.0153288707348178,0.0531629849463325,0.00084691427088589));
#13514=CARTESIAN_POINT('',(-0.0153292803505205,0.0531651793471056,0.000850363097870355));
#13515=CARTESIAN_POINT('',(-0.0153339384147035,0.0531919881166061,0.000891283094605296));
#13516=CARTESIAN_POINT('',(-0.0153358410689381,0.0532224832077059,0.000925920739375161));
#13517=CARTESIAN_POINT('',(-0.0153278601083556,0.053269315893478,0.000976397467607624));
#13518=CARTESIAN_POINT('',(-0.0153226782845991,0.0532861198474376,0.000993931060958464));
#13519=CARTESIAN_POINT('',(-0.0153060327672439,0.0533168040920654,0.00102748244327118));
#13520=CARTESIAN_POINT('',(-0.015294569073645,0.0533306843827336,0.00104350023223306));
#13521=CARTESIAN_POINT('',(-0.0152791031664755,0.0533418671237042,0.00105882379735785));
#13522=CARTESIAN_POINT('',(-0.0153586810274647,0.0532034722302614,0.000767013888875045));
#13523=CARTESIAN_POINT('',(-0.0153586810274647,0.0532034722302614,0.000788097759169556));
#13524=CARTESIAN_POINT('',(-0.0153614787679761,0.0532118095192811,0.000813410841977963));
#13525=CARTESIAN_POINT('',(-0.0153638208752848,0.0532234818516201,0.000836877511204293));
#13526=CARTESIAN_POINT('',(-0.015364014493441,0.0532244841755178,0.000838837297602283));
#13527=CARTESIAN_POINT('',(-0.0153645313014533,0.0532272669668084,0.000844160620001662));
#13528=CARTESIAN_POINT('',(-0.015364846514194,0.0532290993170237,0.000847541538319774));
#13529=CARTESIAN_POINT('',(-0.0153683904109331,0.053251569785216,0.000887661998426656));
#13530=CARTESIAN_POINT('',(-0.0153694096959442,0.0532779622535235,0.000921685414147598));
#13531=CARTESIAN_POINT('',(-0.0153606079635023,0.053319128323291,0.00097093639317521));
#13532=CARTESIAN_POINT('',(-0.0153552455743482,0.0533340338428945,0.000987970122996394));
#13533=CARTESIAN_POINT('',(-0.0153385581319648,0.0533614783994603,0.00102030745551746));
#13534=CARTESIAN_POINT('',(-0.0153272330787354,0.0533740174364226,0.00103561105821734));
#13535=CARTESIAN_POINT('',(-0.0153121071206059,0.0533842539510558,0.00105006025089387));
#13536=CARTESIAN_POINT('',(-0.0154459487166489,0.0533340775567891,0.000767013888875045));
#13537=CARTESIAN_POINT('',(-0.0154459487166489,0.0533340775567891,0.000787131338151155));
#13538=CARTESIAN_POINT('',(-0.0154468034662837,0.0533383826259673,0.000809076001115063));
#13539=CARTESIAN_POINT('',(-0.0154470151779087,0.0533452740431529,0.00083134502303231));
#13540=CARTESIAN_POINT('',(-0.0154470278405733,0.0533458733491753,0.000833222773749798));
#13541=CARTESIAN_POINT('',(-0.0154470449919532,0.0533475647518773,0.000838389670303065));
#13542=CARTESIAN_POINT('',(-0.0154470360902417,0.0533486980884691,0.000841679694236034));
#13543=CARTESIAN_POINT('',(-0.0154466676550009,0.0533628151784085,0.000880810914292197));
#13544=CARTESIAN_POINT('',(-0.0154437010611457,0.0533815342212469,0.000914898108150668));
#13545=CARTESIAN_POINT('',(-0.0154306451284628,0.0534126783383944,0.000963647617928877));
#13546=CARTESIAN_POINT('',(-0.015424153279209,0.0534243626362458,0.000980373968378965));
#13547=CARTESIAN_POINT('',(-0.0154066687750608,0.0534467017425856,0.00101134153609633));
#13548=CARTESIAN_POINT('',(-0.0153956761201663,0.0534573565510742,0.00102558275336361));
#13549=CARTESIAN_POINT('',(-0.0153819268970005,0.0534666227058567,0.0010383395814628));
#13550=CARTESIAN_POINT('',(-0.0154959525987992,0.0533951238970338,0.000767013888875045));
#13551=CARTESIAN_POINT('',(-0.0154959525987992,0.0533951238970338,0.000786846395314888));
#13552=CARTESIAN_POINT('',(-0.0154955900032056,0.0533973087829618,0.000807302120808084));
#13553=CARTESIAN_POINT('',(-0.015494320232708,0.0534016737612785,0.000829183209516141));
#13554=CARTESIAN_POINT('',(-0.0154942058804462,0.0534020598282543,0.000831037842311437));
#13555=CARTESIAN_POINT('',(-0.0154938688918123,0.0534031727050013,0.000836176113851856));
#13556=CARTESIAN_POINT('',(-0.0154936278508991,0.0534039352006064,0.000839452337208329));
#13557=CARTESIAN_POINT('',(-0.0154904314323684,0.0534136211026103,0.000878466347181684));
#13558=CARTESIAN_POINT('',(-0.0154843268437187,0.053428274159045,0.000912924350951042));
#13559=CARTESIAN_POINT('',(-0.015467820355844,0.053454823940526,0.000961951257231084));
#13560=CARTESIAN_POINT('',(-0.0154603814121279,0.0534652105727406,0.000978715039180705));
#13561=CARTESIAN_POINT('',(-0.0154421736490737,0.0534861287616519,0.00100937962996648));
#13562=CARTESIAN_POINT('',(-0.0154314048297356,0.0534966603183487,0.00102328043880263));
#13563=CARTESIAN_POINT('',(-0.0154187427192648,0.0535066046333061,0.00103538245849571));
#13564=CARTESIAN_POINT('',(-0.0156625607089802,0.0535617320072147,0.000767013888875045));
#13565=CARTESIAN_POINT('',(-0.0156625607089802,0.0535617320072147,0.000786846395314888));
#13566=CARTESIAN_POINT('',(-0.015659464677885,0.053561183457641,0.000807302120808097));
#13567=CARTESIAN_POINT('',(-0.0156535520956587,0.0535609056242293,0.000829183209516171));
#13568=CARTESIAN_POINT('',(-0.0156530301713258,0.053560884119134,0.000831037842311468));
#13569=CARTESIAN_POINT('',(-0.0156515293505223,0.0535608331637113,0.000836176113851892));
#13570=CARTESIAN_POINT('',(-0.0156505061275713,0.0535608134772787,0.000839452337208368));
#13571=CARTESIAN_POINT('',(-0.0156375754838306,0.0535607651540726,0.00087846634718176));
#13572=CARTESIAN_POINT('',(-0.0156186481935036,0.05356259550883,0.000912924350951161));
#13573=CARTESIAN_POINT('',(-0.0155870767652193,0.0535740803499014,0.000961951257231223));
#13574=CARTESIAN_POINT('',(-0.0155752162887556,0.0535800454493683,0.000978715039180842));
#13575=CARTESIAN_POINT('',(-0.0155529428869157,0.0535968979994939,0.00100937962996658));
#13576=CARTESIAN_POINT('',(-0.0155425299615396,0.0536077854501526,0.00102328043880269));
#13577=CARTESIAN_POINT('',(-0.0155339445443389,0.0536218064583802,0.00103538245849571));
#13578=CARTESIAN_POINT('',(-0.0157956739965049,0.053650675462362,0.000767013888875045));
#13579=CARTESIAN_POINT('',(-0.0157956739965049,0.053650675462362,0.000787986166659957));
#13580=CARTESIAN_POINT('',(-0.0157859195227431,0.0536470798222088,0.000814397642036024));
#13581=CARTESIAN_POINT('',(-0.0157729963928608,0.0536439712681254,0.000837830463580863));
#13582=CARTESIAN_POINT('',(-0.0157718932270555,0.053643713418039,0.000839777568064926));
#13583=CARTESIAN_POINT('',(-0.0157688541905449,0.0536430217906743,0.000845030339656741));
#13584=CARTESIAN_POINT('',(-0.0157668690583388,0.0536425950021268,0.000848361765319205));
#13585=CARTESIAN_POINT('',(-0.0157427031463297,0.0536377242292348,0.000887844615623838));
#13586=CARTESIAN_POINT('',(-0.0157160603781724,0.0536355510725982,0.000920819379749705));
#13587=CARTESIAN_POINT('',(-0.0156761549008288,0.053643276986509,0.00096873670002244));
#13588=CARTESIAN_POINT('',(-0.0156620514503165,0.0536484013966251,0.000985350755973924));
#13589=CARTESIAN_POINT('',(-0.0156368048046195,0.0536650713369841,0.00101722725448602));
#13590=CARTESIAN_POINT('',(-0.015625661609435,0.0536766168672271,0.00103248969704664));
#13591=CARTESIAN_POINT('',(-0.0156170710374203,0.0536922685307211,0.00104721095036408));
#13592=CARTESIAN_POINT('',(-0.0160133579829154,0.0537408431218446,0.000767013888875045));
#13593=CARTESIAN_POINT('',(-0.0160133579829154,0.0537408431218446,0.000790365378735158));
#13594=CARTESIAN_POINT('',(-0.0160021189536067,0.0537374642436716,0.000819120123529627));
#13595=CARTESIAN_POINT('',(-0.0159861847875002,0.05373470828923,0.000845083630418652));
#13596=CARTESIAN_POINT('',(-0.0159848148109317,0.0537344813132381,0.000847245533919432));
#13597=CARTESIAN_POINT('',(-0.0159810059221807,0.0537338775940749,0.00085309336043374));
#13598=CARTESIAN_POINT('',(-0.0159784946180367,0.0537335096071961,0.000856804545489091));
#13599=CARTESIAN_POINT('',(-0.0159476484665259,0.0537293664166926,0.000900816315104255));
#13600=CARTESIAN_POINT('',(-0.0159109342807213,0.0537281112227176,0.000937858129335481));
#13601=CARTESIAN_POINT('',(-0.0158509641752453,0.0537366536570735,0.000992113023126574));
#13602=CARTESIAN_POINT('',(-0.0158286838491137,0.0537419449073912,0.00101102053329904));
#13603=CARTESIAN_POINT('',(-0.015785789872418,0.0537584459452472,0.0010474798974543));
#13604=CARTESIAN_POINT('',(-0.0157651762218541,0.0537696557327854,0.00106503175143709));
#13605=CARTESIAN_POINT('',(-0.0157467022619076,0.0537845991469923,0.0010820494913454));
#13606=CARTESIAN_POINT('',(-0.0160888860241976,0.0537636792620912,0.000767013888875045));
#13607=CARTESIAN_POINT('',(-0.0160888860241976,0.0537636792620912,0.000795006512936885));
#13608=CARTESIAN_POINT('',(-0.0160822578610906,0.0537611727078548,0.000830401105183335));
#13609=CARTESIAN_POINT('',(-0.0160718935563107,0.0537591498702427,0.000857817825467475));
#13610=CARTESIAN_POINT('',(-0.0160709221246898,0.0537589814120671,0.000860125874016522));
#13611=CARTESIAN_POINT('',(-0.0160680771255583,0.0537585396893483,0.000866415818336187));
#13612=CARTESIAN_POINT('',(-0.0160660654601671,0.0537582709017906,0.000870417730581345));
#13613=CARTESIAN_POINT('',(-0.0160414642102179,0.0537555569838766,0.000917234935569743));
#13614=CARTESIAN_POINT('',(-0.0160045066901408,0.0537564257790851,0.000954247153112514));
#13615=CARTESIAN_POINT('',(-0.0159348476134477,0.053766818718809,0.00100786195189109));
#13616=CARTESIAN_POINT('',(-0.0159067694313314,0.0537728794521023,0.00102657953719946));
#13617=CARTESIAN_POINT('',(-0.0158495973823869,0.0537889894869345,0.00106223291357211));
#13618=CARTESIAN_POINT('',(-0.0158171960874098,0.053798229494326,0.0010781386671072));
#13619=CARTESIAN_POINT('',(-0.0157907314210387,0.0538131457257119,0.00109651012718908));
#13620=CARTESIAN_POINT('',(-0.0162429384307875,0.0537943235993374,0.000767013888875045));
#13621=CARTESIAN_POINT('',(-0.0162429384307875,0.0537943235993374,0.000804693682927729));
#13622=CARTESIAN_POINT('',(-0.0162436548940516,0.0537935017137399,0.000853444464329836));
#13623=CARTESIAN_POINT('',(-0.016242786271075,0.0537928494808908,0.000884547960217303));
#13624=CARTESIAN_POINT('',(-0.0162425171443061,0.053792800288591,0.000887195706692391));
#13625=CARTESIAN_POINT('',(-0.0162413927783637,0.0537927044910018,0.000894480972978188));
#13626=CARTESIAN_POINT('',(-0.0162403111156979,0.0537926659809897,0.00089911225206814));
#13627=CARTESIAN_POINT('',(-0.0162264732526493,0.0537930931664638,0.000952605896747623));
#13628=CARTESIAN_POINT('',(-0.0161871603822283,0.0537991167926676,0.000991381150554595));
#13629=CARTESIAN_POINT('',(-0.016097433084511,0.0538158022280709,0.00104534256339875));
#13630=CARTESIAN_POINT('',(-0.0160583156844211,0.0538241810618854,0.00106384870806637));
#13631=CARTESIAN_POINT('',(-0.0159741052092101,0.0538422421577372,0.00109811246860112));
#13632=CARTESIAN_POINT('',(-0.0159223972777909,0.0538503058314797,0.00111181000940988));
#13633=CARTESIAN_POINT('',(-0.0158796123722581,0.053865299807153,0.00113081279996253));
#13634=CARTESIAN_POINT('',(-0.0163214627960953,0.0538021317963369,0.000767013888875045));
#13635=CARTESIAN_POINT('',(-0.0163214627960953,0.0538021317963369,0.000809739718716847));
#13636=CARTESIAN_POINT('',(-0.0163250461596088,0.0538021317963369,0.000865175905628425));
#13637=CARTESIAN_POINT('',(-0.0163283091175991,0.0538021317963369,0.00089846515357947));
#13638=CARTESIAN_POINT('',(-0.0163283617100681,0.0538021446390727,0.00090130227993326));
#13639=CARTESIAN_POINT('',(-0.0163280450392607,0.0538022364213873,0.000909128911363947));
#13640=CARTESIAN_POINT('',(-0.0163274276184884,0.053802331417311,0.000914090958294908));
#13641=CARTESIAN_POINT('',(-0.0163185243517694,0.0538045002523378,0.0009713589204762));
#13642=CARTESIAN_POINT('',(-0.0162775946490042,0.053813590205505,0.0010118117472183));
#13643=CARTESIAN_POINT('',(-0.0161777271005307,0.0538347347580299,0.00106670433574252));
#13644=CARTESIAN_POINT('',(-0.0161333432166927,0.0538446604091503,0.00108519480188116));
#13645=CARTESIAN_POINT('',(-0.0160359275427285,0.0538650316912149,0.00111897829769888));
#13646=CARTESIAN_POINT('',(-0.0159762808963042,0.0538738587338642,0.00113221125231958));
#13647=CARTESIAN_POINT('',(-0.0159244641643464,0.0538889073098744,0.00115065483689228));
#13648=CARTESIAN_POINT('',(-0.0164000167729501,0.0538021317963369,0.000767013888875045));
#13649=CARTESIAN_POINT('',(-0.0164000167729501,0.0538021317963369,0.000811342592583363));
#13650=CARTESIAN_POINT('',(-0.0164000167729501,0.0538021317963369,0.000867558176833441));
#13651=CARTESIAN_POINT('',(-0.0164000167729501,0.0538021317963369,0.000903012633468912));
#13652=CARTESIAN_POINT('',(-0.016399880655079,0.0538021658258046,0.000905995310158598));
#13653=CARTESIAN_POINT('',(-0.0163991478325856,0.053802349031428,0.000914183270861519));
#13654=CARTESIAN_POINT('',(-0.0163983858612116,0.0538025395242715,0.000919328370117246));
#13655=CARTESIAN_POINT('',(-0.0163858835705007,0.0538056650969492,0.000979753675877742));
#13656=CARTESIAN_POINT('',(-0.0163403352835567,0.0538170521686852,0.00102463134518286));
#13657=CARTESIAN_POINT('',(-0.016233593963781,0.0538437374986291,0.00108461239940432));
#13658=CARTESIAN_POINT('',(-0.0161874718339317,0.0538552680310915,0.00110423335469654));
#13659=CARTESIAN_POINT('',(-0.0160849849290862,0.0538808897573028,0.00114050600854119));
#13660=CARTESIAN_POINT('',(-0.0160286201540901,0.0538949809510519,0.00115715770709362));
#13661=CARTESIAN_POINT('',(-0.0159693198384234,0.0539098060299685,0.00117303048605818));
#13662=CARTESIAN_POINT('',(-0.01520001677295,0.0526021317963369,0.000767013888875045));
#13663=CARTESIAN_POINT('',(-0.01520001677295,0.0527592397500464,0.000767013888875045));
#13664=CARTESIAN_POINT('',(-0.0152312495609481,0.052916229257568,0.000767013888875045));
#13665=CARTESIAN_POINT('',(-0.0153214172204307,0.0531339132439785,0.000767013888875045));
#13666=CARTESIAN_POINT('',(-0.0153586810274647,0.0532034722302614,0.000767013888875045));
#13667=CARTESIAN_POINT('',(-0.0154459487166489,0.0533340775567891,0.000767013888875045));
#13668=CARTESIAN_POINT('',(-0.0154959525987992,0.0533951238970338,0.000767013888875045));
#13669=CARTESIAN_POINT('',(-0.0156625607089802,0.0535617320072147,0.000767013888875045));
#13670=CARTESIAN_POINT('',(-0.0157956739965049,0.053650675462362,0.000767013888875045));
#13671=CARTESIAN_POINT('',(-0.0160133579829154,0.0537408431218446,0.000767013888875045));
#13672=CARTESIAN_POINT('',(-0.0160888860241976,0.0537636792620912,0.000767013888875045));
#13673=CARTESIAN_POINT('',(-0.0162429384307875,0.0537943235993374,0.000767013888875045));
#13674=CARTESIAN_POINT('',(-0.0163214627960953,0.0538021317963369,0.000767013888875045));
#13675=CARTESIAN_POINT('',(-0.0164000167729501,0.0538021317963369,0.000767013888875045));
#13676=CARTESIAN_POINT('',(-0.01520001677295,0.0526021317963369,0.000767013888875045));
#13677=CARTESIAN_POINT('',(-0.0164000167729501,0.0538021317963369,0.000767013888875045));
#13678=CARTESIAN_POINT('',(-0.01520001677295,0.0526021317963369,0.000767013888875045));
#13679=CARTESIAN_POINT('',(-0.01520001677295,0.0526021317963369,0.000811342592583361));
#13680=CARTESIAN_POINT('',(-0.01520001677295,0.0526021317963369,0.000867558176833441));
#13681=CARTESIAN_POINT('',(-0.01520001677295,0.0526021317963369,0.000903012633468912));
#13682=CARTESIAN_POINT('',(-0.0151999827434822,0.052602267914208,0.000905995310158596));
#13683=CARTESIAN_POINT('',(-0.015199799537859,0.0526030007367013,0.000914183270861517));
#13684=CARTESIAN_POINT('',(-0.0151996090450154,0.0526037627080753,0.000919328370117246));
#13685=CARTESIAN_POINT('',(-0.0151964834723377,0.0526162649987862,0.000979753675877742));
#13686=CARTESIAN_POINT('',(-0.0151850964006017,0.0526618132857302,0.00102463134518286));
#13687=CARTESIAN_POINT('',(-0.0151584110706578,0.0527685546055059,0.00108461239940432));
#13688=CARTESIAN_POINT('',(-0.0151468805381954,0.0528146767353552,0.00110423335469654));
#13689=CARTESIAN_POINT('',(-0.0151212588119841,0.0529171636402007,0.00114050600854119));
#13690=CARTESIAN_POINT('',(-0.015107167618235,0.0529735284151968,0.00115715770709361));
#13691=CARTESIAN_POINT('',(-0.0150923425393184,0.0530328287308635,0.00117303048605818));
#13692=CARTESIAN_POINT('',(-0.01520001677295,0.0526021317963369,0.0009));
#13693=CARTESIAN_POINT('',(-0.01520001677295,0.0526021317963369,0.000767013888875045));
#13694=CARTESIAN_POINT('',(-0.01520001677295,0.0526021317963369,0.000811342592583361));
#13695=CARTESIAN_POINT('',(-0.01520001677295,0.0526021317963369,0.000867558176833441));
#13696=CARTESIAN_POINT('',(-0.01520001677295,0.0526021317963369,0.000903012633468912));
#13697=CARTESIAN_POINT('',(-0.0151999827434822,0.052602267914208,0.000905995310158596));
#13698=CARTESIAN_POINT('',(-0.015199799537859,0.0526030007367013,0.000914183270861517));
#13699=CARTESIAN_POINT('',(-0.0151996090450154,0.0526037627080753,0.000919328370117246));
#13700=CARTESIAN_POINT('',(-0.0151964834723377,0.0526162649987862,0.000979753675877742));
#13701=CARTESIAN_POINT('',(-0.0151850964006017,0.0526618132857302,0.00102463134518286));
#13702=CARTESIAN_POINT('',(-0.0151584110706578,0.0527685546055059,0.00108461239940432));
#13703=CARTESIAN_POINT('',(-0.0151468805381954,0.0528146767353552,0.00110423335469654));
#13704=CARTESIAN_POINT('',(-0.0151212588119841,0.0529171636402007,0.00114050600854119));
#13705=CARTESIAN_POINT('',(-0.015107167618235,0.0529735284151968,0.00115715770709361));
#13706=CARTESIAN_POINT('',(-0.0150923425393184,0.0530328287308635,0.00117303048605818));
#13707=CARTESIAN_POINT('',(-0.0150923425393184,0.0530328287308635,0.00117303048605818));
#13708=CARTESIAN_POINT('',(-0.0150923425393184,0.0530328287308635,0.00117303048605818));
#13709=CARTESIAN_POINT('',(-0.0151341399795067,0.0531225400790175,0.00112827918772636));
#13710=CARTESIAN_POINT('',(-0.0151867725502042,0.0532122358992169,0.00109366233833917));
#13711=CARTESIAN_POINT('',(-0.0152791031664755,0.0533418671237042,0.00105882379735785));
#13712=CARTESIAN_POINT('',(-0.0153121071206059,0.0533842539510558,0.00105006025089387));
#13713=CARTESIAN_POINT('',(-0.0153819268970005,0.0534666227058567,0.0010383395814628));
#13714=CARTESIAN_POINT('',(-0.0154187427192648,0.0535066046333061,0.00103538245849571));
#13715=CARTESIAN_POINT('',(-0.0155339445443389,0.0536218064583802,0.00103538245849571));
#13716=CARTESIAN_POINT('',(-0.0156170710374203,0.0536922685307211,0.00104721095036408));
#13717=CARTESIAN_POINT('',(-0.0157467022619076,0.0537845991469923,0.0010820494913454));
#13718=CARTESIAN_POINT('',(-0.0157907314210387,0.0538131457257119,0.00109651012718908));
#13719=CARTESIAN_POINT('',(-0.0158796123722581,0.053865299807153,0.00113081279996253));
#13720=CARTESIAN_POINT('',(-0.0159244641643464,0.0538889073098744,0.00115065483689228));
#13721=CARTESIAN_POINT('',(-0.0159693198384234,0.0539098060299685,0.00117303048605818));
#13722=CARTESIAN_POINT('',(-0.0159693198384234,0.0539098060299685,0.00117303048605818));
#13723=CARTESIAN_POINT('',(-0.0164000167729501,0.0538021317963369,0.000767013888875045));
#13724=CARTESIAN_POINT('',(-0.0164000167729501,0.0538021317963369,0.000811342592583363));
#13725=CARTESIAN_POINT('',(-0.0164000167729501,0.0538021317963369,0.000867558176833441));
#13726=CARTESIAN_POINT('',(-0.0164000167729501,0.0538021317963369,0.000903012633468912));
#13727=CARTESIAN_POINT('',(-0.016399880655079,0.0538021658258046,0.000905995310158598));
#13728=CARTESIAN_POINT('',(-0.0163991478325856,0.053802349031428,0.000914183270861519));
#13729=CARTESIAN_POINT('',(-0.0163983858612116,0.0538025395242715,0.000919328370117246));
#13730=CARTESIAN_POINT('',(-0.0163858835705007,0.0538056650969492,0.000979753675877742));
#13731=CARTESIAN_POINT('',(-0.0163403352835567,0.0538170521686852,0.00102463134518286));
#13732=CARTESIAN_POINT('',(-0.016233593963781,0.0538437374986291,0.00108461239940432));
#13733=CARTESIAN_POINT('',(-0.0161874718339317,0.0538552680310915,0.00110423335469654));
#13734=CARTESIAN_POINT('',(-0.0160849849290862,0.0538808897573028,0.00114050600854119));
#13735=CARTESIAN_POINT('',(-0.0160286201540901,0.0538949809510519,0.00115715770709362));
#13736=CARTESIAN_POINT('',(-0.0159693198384234,0.0539098060299685,0.00117303048605818));
#13737=CARTESIAN_POINT('',(-0.0164000167729501,0.0538021317963369,0.0009));
#13738=CARTESIAN_POINT('',(-0.0164000167729501,0.0538021317963369,0.000767013888875045));
#13739=CARTESIAN_POINT('',(-0.0164000167729501,0.0538021317963369,0.000811342592583363));
#13740=CARTESIAN_POINT('',(-0.0164000167729501,0.0538021317963369,0.000867558176833441));
#13741=CARTESIAN_POINT('',(-0.0164000167729501,0.0538021317963369,0.000903012633468912));
#13742=CARTESIAN_POINT('',(-0.016399880655079,0.0538021658258046,0.000905995310158598));
#13743=CARTESIAN_POINT('',(-0.0163991478325856,0.053802349031428,0.000914183270861519));
#13744=CARTESIAN_POINT('',(-0.0163983858612116,0.0538025395242715,0.000919328370117246));
#13745=CARTESIAN_POINT('',(-0.0163858835705007,0.0538056650969492,0.000979753675877742));
#13746=CARTESIAN_POINT('',(-0.0163403352835567,0.0538170521686852,0.00102463134518286));
#13747=CARTESIAN_POINT('',(-0.016233593963781,0.0538437374986291,0.00108461239940432));
#13748=CARTESIAN_POINT('',(-0.0161874718339317,0.0538552680310915,0.00110423335469654));
#13749=CARTESIAN_POINT('',(-0.0160849849290862,0.0538808897573028,0.00114050600854119));
#13750=CARTESIAN_POINT('',(-0.0160286201540901,0.0538949809510519,0.00115715770709362));
#13751=CARTESIAN_POINT('',(-0.0159693198384234,0.0539098060299685,0.00117303048605818));
#13752=CARTESIAN_POINT('',(-0.0318000167729501,0.0538021317963369,0.000770138888909787));
#13753=CARTESIAN_POINT('',(-0.0318000167729501,0.0538021317963369,0.000813425925939858));
#13754=CARTESIAN_POINT('',(-0.0318000167729501,0.0538021317963369,0.000868228042990626));
#13755=CARTESIAN_POINT('',(-0.0318000167729501,0.0538021317963369,0.000902965770910461));
#13756=CARTESIAN_POINT('',(-0.0318001486889548,0.0538021647753381,0.000905902325295388));
#13757=CARTESIAN_POINT('',(-0.0318008620091182,0.0538023431053789,0.000913997599833347));
#13758=CARTESIAN_POINT('',(-0.0318016079786972,0.0538025295977737,0.000919096736386455));
#13759=CARTESIAN_POINT('',(-0.031813841110136,0.0538055878806334,0.000978862762448099));
#13760=CARTESIAN_POINT('',(-0.0318584632845081,0.0538167434242264,0.00102333417967564));
#13761=CARTESIAN_POINT('',(-0.0319632579374409,0.0538429420874596,0.00108290242969138));
#13762=CARTESIAN_POINT('',(-0.0320085700903423,0.0538542701256849,0.00110242015060567));
#13763=CARTESIAN_POINT('',(-0.0321093689223737,0.0538794698336928,0.0011385558877891));
#13764=CARTESIAN_POINT('',(-0.0321648556015038,0.0538933415034753,0.00115517390405823));
#13765=CARTESIAN_POINT('',(-0.0322233118004822,0.0539079555532199,0.00117103567659184));
#13766=CARTESIAN_POINT('',(-0.0319571247266596,0.0538021317963369,0.000770138888909787));
#13767=CARTESIAN_POINT('',(-0.0319571247266596,0.0538021317963369,0.000809592945534716));
#13768=CARTESIAN_POINT('',(-0.0319500832083342,0.0538021317963369,0.000863448130313251));
#13769=CARTESIAN_POINT('',(-0.0319437023885484,0.0538021317963369,0.000893861911881512));
#13770=CARTESIAN_POINT('',(-0.0319434616266452,0.0538021230904868,0.000896506482601832));
#13771=CARTESIAN_POINT('',(-0.0319433474280754,0.0538021206123601,0.000903874780760629));
#13772=CARTESIAN_POINT('',(-0.031943803539684,0.0538021171904849,0.000908606481832631));
#13773=CARTESIAN_POINT('',(-0.0319489027560899,0.0538032781819311,0.000962030986488738));
#13774=CARTESIAN_POINT('',(-0.0319843958628144,0.0538098811791461,0.000997643625030919));
#13775=CARTESIAN_POINT('',(-0.0320756054863477,0.0538250790048151,0.00104695784402702));
#13776=CARTESIAN_POINT('',(-0.0321174656315883,0.0538332019265191,0.00106417890691181));
#13777=CARTESIAN_POINT('',(-0.0322082432957886,0.0538479575674068,0.00109524286015279));
#13778=CARTESIAN_POINT('',(-0.0322702194695451,0.0538514178582124,0.00110499683972699));
#13779=CARTESIAN_POINT('',(-0.0323138649322657,0.0538663801553045,0.00112591064169369));
#13780=CARTESIAN_POINT('',(-0.0321141142341812,0.0537708990083388,0.000770138888909787));
#13781=CARTESIAN_POINT('',(-0.0321141142341812,0.0537708990083388,0.000794441834394859));
#13782=CARTESIAN_POINT('',(-0.0321253180623934,0.0537676528998413,0.000823673629336844));
#13783=CARTESIAN_POINT('',(-0.0321414109655443,0.0537650525114188,0.000849983666684869));
#13784=CARTESIAN_POINT('',(-0.0321428027892972,0.0537648379652085,0.000852183670346332));
#13785=CARTESIAN_POINT('',(-0.0321466934957725,0.0537642671184981,0.000858156285145587));
#13786=CARTESIAN_POINT('',(-0.0321492702372261,0.0537639199119548,0.000861949677423219));
#13787=CARTESIAN_POINT('',(-0.0321809249726301,0.0537600376015796,0.000906780338865698));
#13788=CARTESIAN_POINT('',(-0.0322192703233771,0.0537590545024711,0.000943894441612425));
#13789=CARTESIAN_POINT('',(-0.0322842013393151,0.0537675528861275,0.00099851575529877));
#13790=CARTESIAN_POINT('',(-0.0323087838461378,0.0537727301173136,0.0010176090438553));
#13791=CARTESIAN_POINT('',(-0.0323575136847463,0.053788683037114,0.00105485515551338));
#13792=CARTESIAN_POINT('',(-0.0323816610165321,0.0537994587257282,0.00107300797861493));
#13793=CARTESIAN_POINT('',(-0.0324044019449814,0.0538137459619144,0.00109098934359091));
#13794=CARTESIAN_POINT('',(-0.0323317982205917,0.0536807313488562,0.000770138888909787));
#13795=CARTESIAN_POINT('',(-0.0323317982205917,0.0536807313488562,0.000790797398663996));
#13796=CARTESIAN_POINT('',(-0.0323419458805545,0.0536772379315967,0.000817000841102491));
#13797=CARTESIAN_POINT('',(-0.0323557087498681,0.0536742343981619,0.000840450994136355));
#13798=CARTESIAN_POINT('',(-0.0323568922781313,0.0536739843750556,0.000842410427537299));
#13799=CARTESIAN_POINT('',(-0.0323601768286532,0.0536733120764627,0.000847722688060453));
#13800=CARTESIAN_POINT('',(-0.0323623352108393,0.053672896807031,0.000851103790790589));
#13801=CARTESIAN_POINT('',(-0.0323886448533477,0.0536681736828092,0.000891138033510007));
#13802=CARTESIAN_POINT('',(-0.0324185184383507,0.0536661266514287,0.000925049066942214));
#13803=CARTESIAN_POINT('',(-0.0324643411564098,0.0536736834409839,0.000974582694506007));
#13804=CARTESIAN_POINT('',(-0.0324807709267283,0.0536786700248539,0.000991814634033984));
#13805=CARTESIAN_POINT('',(-0.0325107445714164,0.053694828161257,0.00102485812085201));
#13806=CARTESIAN_POINT('',(-0.0325242884457859,0.05370599971379,0.00104066966814206));
#13807=CARTESIAN_POINT('',(-0.0325351794604551,0.0537211175745906,0.00105584111187122));
#13808=CARTESIAN_POINT('',(-0.0324013572068746,0.0536434675418223,0.000770138888909787));
#13809=CARTESIAN_POINT('',(-0.0324013572068746,0.0536434675418223,0.000790548704476725));
#13810=CARTESIAN_POINT('',(-0.0324094974507989,0.0536406977705502,0.000815122789068602));
#13811=CARTESIAN_POINT('',(-0.0324208509925814,0.0536383448719436,0.000837874960849605));
#13812=CARTESIAN_POINT('',(-0.0324218301964275,0.0536381491970561,0.000839783520407771));
#13813=CARTESIAN_POINT('',(-0.0324245582919257,0.053637624082116,0.000844986735913329));
#13814=CARTESIAN_POINT('',(-0.0324263585739659,0.0536373020674754,0.000848299108103787));
#13815=CARTESIAN_POINT('',(-0.0324483867973126,0.0536336760228442,0.000887525134222349));
#13816=CARTESIAN_POINT('',(-0.0324742176637011,0.0536324866189348,0.000920807921923129));
#13817=CARTESIAN_POINT('',(-0.0325144499637114,0.0536408272839697,0.000969090572513848));
#13818=CARTESIAN_POINT('',(-0.032529005280815,0.0536459817550621,0.000985812809520534));
#13819=CARTESIAN_POINT('',(-0.0325557728635363,0.0536621624725696,0.00101762279371263));
#13820=CARTESIAN_POINT('',(-0.032567985129154,0.0536731887189846,0.00103271054089804));
#13821=CARTESIAN_POINT('',(-0.032577928953459,0.0536879652387335,0.00104699888874302));
#13822=CARTESIAN_POINT('',(-0.0325319625334023,0.053556199852638,0.000770138888909787));
#13823=CARTESIAN_POINT('',(-0.0325319625334023,0.053556199852638,0.000789602096721594));
#13824=CARTESIAN_POINT('',(-0.0325361423795269,0.053555337989501,0.000810851132734488));
#13825=CARTESIAN_POINT('',(-0.0325428098790939,0.0535550711414219,0.000832412016567393));
#13826=CARTESIAN_POINT('',(-0.0325433923386182,0.0535550534052475,0.000834238511884316));
#13827=CARTESIAN_POINT('',(-0.0325450423243782,0.0535550212525212,0.00083928430769021));
#13828=CARTESIAN_POINT('',(-0.0325461505968668,0.053555019634589,0.000842504802762657));
#13829=CARTESIAN_POINT('',(-0.032559927580944,0.053555251584419,0.000880730623915946));
#13830=CARTESIAN_POINT('',(-0.0325781905094384,0.0535579780301488,0.000914049527655645));
#13831=CARTESIAN_POINT('',(-0.0326085374093153,0.0535704813394603,0.000961781058776921));
#13832=CARTESIAN_POINT('',(-0.0326199150897366,0.0535767358196449,0.000978176577380197));
#13833=CARTESIAN_POINT('',(-0.0326416414182703,0.0535936740705758,0.00100858072146395));
#13834=CARTESIAN_POINT('',(-0.0326519900663828,0.0536043578413221,0.00102258934694442));
#13835=CARTESIAN_POINT('',(-0.0326609672380843,0.053617763080377,0.00103517248110655));
#13836=CARTESIAN_POINT('',(-0.0325930088736469,0.0535061959704877,0.000770138888909787));
#13837=CARTESIAN_POINT('',(-0.0325930088736469,0.0535061959704877,0.000789326833288026));
#13838=CARTESIAN_POINT('',(-0.03259510763701,0.053506527348791,0.000809108601889752));
#13839=CARTESIAN_POINT('',(-0.032599299750366,0.0535077098423743,0.000830284968158648));
#13840=CARTESIAN_POINT('',(-0.0325996723610762,0.0535078169183806,0.000832088437716748));
#13841=CARTESIAN_POINT('',(-0.0326007510265624,0.0535081340255432,0.000837105614324769));
#13842=CARTESIAN_POINT('',(-0.0326014922647384,0.0535083618714325,0.000840312215204178));
#13843=CARTESIAN_POINT('',(-0.0326108931720269,0.0535113832128632,0.000878419317946676));
#13844=CARTESIAN_POINT('',(-0.0326251453213053,0.053517201916286,0.000912099078410311));
#13845=CARTESIAN_POINT('',(-0.0326509612232196,0.0535331005380252,0.000960089312319371));
#13846=CARTESIAN_POINT('',(-0.0326610594041409,0.0535402854799422,0.000976514830320096));
#13847=CARTESIAN_POINT('',(-0.0326813843865097,0.0535579282725732,0.00100660234585337));
#13848=CARTESIAN_POINT('',(-0.0326916111879572,0.0535683861232873,0.00102026434338591));
#13849=CARTESIAN_POINT('',(-0.0327012560297055,0.0535807132578776,0.0010321882965983));
#13850=CARTESIAN_POINT('',(-0.0327596169838279,0.0533395878603068,0.000770138888909787));
#13851=CARTESIAN_POINT('',(-0.0327596169838279,0.0533395878603068,0.000789326833288026));
#13852=CARTESIAN_POINT('',(-0.0327590646696011,0.0533425703161999,0.000809108601889741));
#13853=CARTESIAN_POINT('',(-0.0327587423532981,0.0533482672394421,0.000830284968158619));
#13854=CARTESIAN_POINT('',(-0.0327587166619526,0.0533487726175042,0.000832088437716718));
#13855=CARTESIAN_POINT('',(-0.0327586529899533,0.0533502320621523,0.000837105614324734));
#13856=CARTESIAN_POINT('',(-0.0327586241396993,0.0533512299964716,0.000840312215204139));
#13857=CARTESIAN_POINT('',(-0.0327584556982011,0.053363820686689,0.000878419317946601));
#13858=CARTESIAN_POINT('',(-0.0327600576786961,0.0533822895588952,0.00091209907841019));
#13859=CARTESIAN_POINT('',(-0.0327709976603477,0.053413064100897,0.000960089312319228));
#13860=CARTESIAN_POINT('',(-0.0327767259827625,0.0534246189013205,0.000976514830319955));
#13861=CARTESIAN_POINT('',(-0.0327930276805247,0.0534462849785582,0.00100660234585326));
#13862=CARTESIAN_POINT('',(-0.0328036010558721,0.0534563962553724,0.00102026434338585));
#13863=CARTESIAN_POINT('',(-0.0328172693368834,0.0534646999506998,0.0010321882965983));
#13864=CARTESIAN_POINT('',(-0.0328485604389751,0.053206474572782,0.000770138888909787));
#13865=CARTESIAN_POINT('',(-0.0328485604389751,0.053206474572782,0.000790427887022297));
#13866=CARTESIAN_POINT('',(-0.0328450025440469,0.0532160139746611,0.000816078725268699));
#13867=CARTESIAN_POINT('',(-0.0328418924808674,0.0532286028229753,0.000838793161793647));
#13868=CARTESIAN_POINT('',(-0.0328416330755023,0.0532296820615898,0.000840688734387038));
#13869=CARTESIAN_POINT('',(-0.0328409339222712,0.053232665229009,0.000845820387786554));
#13870=CARTESIAN_POINT('',(-0.0328405006090181,0.0532346179082921,0.000849082565438115));
#13871=CARTESIAN_POINT('',(-0.0328355541669748,0.0532583333398067,0.000887664541823795));
#13872=CARTESIAN_POINT('',(-0.0328332205625534,0.0532844118830217,0.000919900875391704));
#13873=CARTESIAN_POINT('',(-0.0328404965746696,0.0533233931366987,0.00096685629814963));
#13874=CARTESIAN_POINT('',(-0.0328454162891593,0.0533371526961174,0.000983161818560556));
#13875=CARTESIAN_POINT('',(-0.0328615820098586,0.0533617419682771,0.00101451584829573));
#13876=CARTESIAN_POINT('',(-0.0328728280160683,0.0533725716810181,0.00102956435761998));
#13877=CARTESIAN_POINT('',(-0.0328881264220959,0.0533808869889998,0.00104412503463132));
#13878=CARTESIAN_POINT('',(-0.0329387280984578,0.0529887905863715,0.000770138888909787));
#13879=CARTESIAN_POINT('',(-0.0329387280984578,0.0529887905863715,0.000792804372350279));
#13880=CARTESIAN_POINT('',(-0.0329353905744137,0.0529997704595009,0.000820798293136566));
#13881=CARTESIAN_POINT('',(-0.0329326418783574,0.0530152853562329,0.000846046246581972));
#13882=CARTESIAN_POINT('',(-0.0329324142848284,0.0530166251770651,0.000848157895516951));
#13883=CARTESIAN_POINT('',(-0.0329318061394959,0.0530203634971152,0.000853890636739975));
#13884=CARTESIAN_POINT('',(-0.0329314339234191,0.0530228339103865,0.000857537346783148));
#13885=CARTESIAN_POINT('',(-0.0329272428650314,0.0530531132048397,0.000900695932030963));
#13886=CARTESIAN_POINT('',(-0.0329258710863073,0.0530891201936087,0.000937045850052566));
#13887=CARTESIAN_POINT('',(-0.0329340390616326,0.0531479177927982,0.000990412423080556));
#13888=CARTESIAN_POINT('',(-0.0329391544038508,0.0531697590368187,0.00100903824668133));
#13889=CARTESIAN_POINT('',(-0.0329552061398044,0.0532118029647312,0.00104502777446082));
#13890=CARTESIAN_POINT('',(-0.0329661425335397,0.0532320056486233,0.00106239147863952));
#13891=CARTESIAN_POINT('',(-0.0329807548094196,0.0532501094735261,0.00107927326635101));
#13892=CARTESIAN_POINT('',(-0.0329615642387044,0.0529132625450893,0.000770138888909787));
#13893=CARTESIAN_POINT('',(-0.0329615642387044,0.0529132625450893,0.000797358272271304));
#13894=CARTESIAN_POINT('',(-0.0329590884392043,0.0529197290086255,0.000831823673690499));
#13895=CARTESIAN_POINT('',(-0.0329570709570521,0.0529298151420695,0.000858527100415805));
#13896=CARTESIAN_POINT('',(-0.0329569019581158,0.0529307641034934,0.000860785853313432));
#13897=CARTESIAN_POINT('',(-0.0329564562949042,0.0529335525577152,0.000866965797432869));
#13898=CARTESIAN_POINT('',(-0.0329561836907132,0.052935529415163,0.000870907944826486));
#13899=CARTESIAN_POINT('',(-0.0329534220701523,0.0529596544220015,0.000916918060024774));
#13900=CARTESIAN_POINT('',(-0.0329541581730794,0.0529958747507855,0.000953311318053185));
#13901=CARTESIAN_POINT('',(-0.0329641744848888,0.0530641907023092,0.00100614309962272));
#13902=CARTESIAN_POINT('',(-0.0329700563641517,0.053091733829319,0.0010246167077253));
#13903=CARTESIAN_POINT('',(-0.0329857441669909,0.0531478495920054,0.00105986400950212));
#13904=CARTESIAN_POINT('',(-0.0329947569834728,0.0531796868913812,0.00107561547548084));
#13905=CARTESIAN_POINT('',(-0.0330093514223211,0.0532056789677682,0.00109386162949665));
#13906=CARTESIAN_POINT('',(-0.0329922085759506,0.0527592101384994,0.000770138888909787));
#13907=CARTESIAN_POINT('',(-0.0329922085759506,0.0527592101384994,0.000806869520145726));
#13908=CARTESIAN_POINT('',(-0.0329913970488262,0.0527584903363898,0.000854358758479466));
#13909=CARTESIAN_POINT('',(-0.0329907469517206,0.0527593231522846,0.000884749640934518));
#13910=CARTESIAN_POINT('',(-0.0329906972069932,0.0527595837062724,0.00088734991706371));
#13911=CARTESIAN_POINT('',(-0.0329905978387625,0.0527606776136472,0.000894535272240567));
#13912=CARTESIAN_POINT('',(-0.0329905559492878,0.0527617363472097,0.00089911570140524));
#13913=CARTESIAN_POINT('',(-0.032990930438132,0.0527752579221233,0.000951892323645772));
#13914=CARTESIAN_POINT('',(-0.0329967750478607,0.0528137463567653,0.000990189206019714));
#13915=CARTESIAN_POINT('',(-0.0330130482224176,0.0529017825857497,0.00104358630106473));
#13916=CARTESIAN_POINT('',(-0.0330212360006224,0.052940186323301,0.00106192888527586));
#13917=CARTESIAN_POINT('',(-0.0330389019780183,0.0530229573230611,0.0010959299077049));
#13918=CARTESIAN_POINT('',(-0.0330467939630205,0.0530738539126684,0.0011095438905318));
#13919=CARTESIAN_POINT('',(-0.033061500433049,0.0531159759258856,0.00112846157589253));
#13920=CARTESIAN_POINT('',(-0.0330000167729501,0.0526806857731916,0.000770138888909787));
#13921=CARTESIAN_POINT('',(-0.0330000167729501,0.0526806857731916,0.000811826868099122));
#13922=CARTESIAN_POINT('',(-0.0330000167729501,0.052677165014029,0.000865838086651937));
#13923=CARTESIAN_POINT('',(-0.0330000167729501,0.0526739746041361,0.000898413841395987));
#13924=CARTESIAN_POINT('',(-0.0330000289095255,0.0526739201811868,0.000901204403948609));
#13925=CARTESIAN_POINT('',(-0.0330001168354827,0.0526742197419836,0.000908936190296985));
#13926=CARTESIAN_POINT('',(-0.0330002083707424,0.0526748207825774,0.000913851609109539));
#13927=CARTESIAN_POINT('',(-0.0330023180078954,0.0526834869564998,0.000970446874468403));
#13928=CARTESIAN_POINT('',(-0.0330111972782994,0.052723544597048,0.00101048890235326));
#13929=CARTESIAN_POINT('',(-0.0330318955227505,0.0528215467352812,0.00106493013685921));
#13930=CARTESIAN_POINT('',(-0.0330416210027151,0.0528651328843521,0.00108329952875873));
#13931=CARTESIAN_POINT('',(-0.0330615986771629,0.052960921132468,0.00111689937397094));
#13932=CARTESIAN_POINT('',(-0.0330702646574572,0.0530196525589113,0.0011300853718926));
#13933=CARTESIAN_POINT('',(-0.0330850528308754,0.0530707033897608,0.00114847315914276));
#13934=CARTESIAN_POINT('',(-0.0330000167729501,0.0526021317963369,0.000770138888909787));
#13935=CARTESIAN_POINT('',(-0.0330000167729501,0.0526021317963369,0.000813425925939858));
#13936=CARTESIAN_POINT('',(-0.0330000167729501,0.0526021317963369,0.000868228042990626));
#13937=CARTESIAN_POINT('',(-0.0330000167729501,0.0526021317963369,0.000902965770910462));
#13938=CARTESIAN_POINT('',(-0.0330000497519512,0.0526022637123416,0.000905902325295388));
#13939=CARTESIAN_POINT('',(-0.0330002280819921,0.052602977032505,0.000913997599833347));
#13940=CARTESIAN_POINT('',(-0.0330004145743868,0.052603723002084,0.000919096736386455));
#13941=CARTESIAN_POINT('',(-0.0330034728572466,0.0526159561335229,0.000978862762448099));
#13942=CARTESIAN_POINT('',(-0.0330146284008396,0.0526605783078949,0.00102333417967564));
#13943=CARTESIAN_POINT('',(-0.0330408270640727,0.0527653729608278,0.00108290242969138));
#13944=CARTESIAN_POINT('',(-0.0330521551022981,0.0528106851137291,0.00110242015060567));
#13945=CARTESIAN_POINT('',(-0.033077354810306,0.0529114839457606,0.0011385558877891));
#13946=CARTESIAN_POINT('',(-0.0330912264800885,0.0529669706248906,0.00115517390405823));
#13947=CARTESIAN_POINT('',(-0.0331058405298331,0.0530254268238691,0.00117103567659184));
#13948=CARTESIAN_POINT('',(-0.0318000167729501,0.0538021317963369,0.000770138888909787));
#13949=CARTESIAN_POINT('',(-0.0319571247266596,0.0538021317963369,0.000770138888909787));
#13950=CARTESIAN_POINT('',(-0.0321141142341812,0.0537708990083388,0.000770138888909787));
#13951=CARTESIAN_POINT('',(-0.0323317982205917,0.0536807313488562,0.000770138888909787));
#13952=CARTESIAN_POINT('',(-0.0324013572068746,0.0536434675418223,0.000770138888909787));
#13953=CARTESIAN_POINT('',(-0.0325319625334023,0.053556199852638,0.000770138888909787));
#13954=CARTESIAN_POINT('',(-0.0325930088736469,0.0535061959704877,0.000770138888909787));
#13955=CARTESIAN_POINT('',(-0.0327596169838279,0.0533395878603068,0.000770138888909787));
#13956=CARTESIAN_POINT('',(-0.0328485604389751,0.053206474572782,0.000770138888909787));
#13957=CARTESIAN_POINT('',(-0.0329387280984578,0.0529887905863715,0.000770138888909787));
#13958=CARTESIAN_POINT('',(-0.0329615642387044,0.0529132625450893,0.000770138888909787));
#13959=CARTESIAN_POINT('',(-0.0329922085759506,0.0527592101384994,0.000770138888909787));
#13960=CARTESIAN_POINT('',(-0.0330000167729501,0.0526806857731916,0.000770138888909787));
#13961=CARTESIAN_POINT('',(-0.0330000167729501,0.0526021317963369,0.000770138888909787));
#13962=CARTESIAN_POINT('',(-0.0318000167729501,0.0538021317963369,0.000770138888909787));
#13963=CARTESIAN_POINT('',(-0.0330000167729501,0.0526021317963369,0.000770138888909787));
#13964=CARTESIAN_POINT('',(-0.0318000167729501,0.0538021317963369,0.000770138888909787));
#13965=CARTESIAN_POINT('',(-0.0318000167729501,0.0538021317963369,0.000813425925939858));
#13966=CARTESIAN_POINT('',(-0.0318000167729501,0.0538021317963369,0.000868228042990626));
#13967=CARTESIAN_POINT('',(-0.0318000167729501,0.0538021317963369,0.000902965770910461));
#13968=CARTESIAN_POINT('',(-0.0318001486889548,0.0538021647753381,0.000905902325295388));
#13969=CARTESIAN_POINT('',(-0.0318008620091182,0.0538023431053789,0.000913997599833347));
#13970=CARTESIAN_POINT('',(-0.0318016079786972,0.0538025295977737,0.000919096736386455));
#13971=CARTESIAN_POINT('',(-0.031813841110136,0.0538055878806334,0.000978862762448099));
#13972=CARTESIAN_POINT('',(-0.0318584632845081,0.0538167434242264,0.00102333417967564));
#13973=CARTESIAN_POINT('',(-0.0319632579374409,0.0538429420874596,0.00108290242969138));
#13974=CARTESIAN_POINT('',(-0.0320085700903423,0.0538542701256849,0.00110242015060567));
#13975=CARTESIAN_POINT('',(-0.0321093689223737,0.0538794698336928,0.0011385558877891));
#13976=CARTESIAN_POINT('',(-0.0321648556015038,0.0538933415034753,0.00115517390405823));
#13977=CARTESIAN_POINT('',(-0.0322233118004822,0.0539079555532199,0.00117103567659184));
#13978=CARTESIAN_POINT('',(-0.0318000167729501,0.0538021317963369,0.0009));
#13979=CARTESIAN_POINT('',(-0.0318000167729501,0.0538021317963369,0.000770138888909787));
#13980=CARTESIAN_POINT('',(-0.0318000167729501,0.0538021317963369,0.000813425925939858));
#13981=CARTESIAN_POINT('',(-0.0318000167729501,0.0538021317963369,0.000868228042990626));
#13982=CARTESIAN_POINT('',(-0.0318000167729501,0.0538021317963369,0.000902965770910461));
#13983=CARTESIAN_POINT('',(-0.0318001486889548,0.0538021647753381,0.000905902325295388));
#13984=CARTESIAN_POINT('',(-0.0318008620091182,0.0538023431053789,0.000913997599833347));
#13985=CARTESIAN_POINT('',(-0.0318016079786972,0.0538025295977737,0.000919096736386455));
#13986=CARTESIAN_POINT('',(-0.031813841110136,0.0538055878806334,0.000978862762448099));
#13987=CARTESIAN_POINT('',(-0.0318584632845081,0.0538167434242264,0.00102333417967564));
#13988=CARTESIAN_POINT('',(-0.0319632579374409,0.0538429420874596,0.00108290242969138));
#13989=CARTESIAN_POINT('',(-0.0320085700903423,0.0538542701256849,0.00110242015060567));
#13990=CARTESIAN_POINT('',(-0.0321093689223737,0.0538794698336928,0.0011385558877891));
#13991=CARTESIAN_POINT('',(-0.0321648556015038,0.0538933415034753,0.00115517390405823));
#13992=CARTESIAN_POINT('',(-0.0322233118004822,0.0539079555532199,0.00117103567659184));
#13993=CARTESIAN_POINT('',(-0.0322233118004822,0.0539079555532199,0.00117103567659184));
#13994=CARTESIAN_POINT('',(-0.0322233118004822,0.0539079555532199,0.00117103567659184));
#13995=CARTESIAN_POINT('',(-0.0323138649322657,0.0538663801553045,0.00112591064169369));
#13996=CARTESIAN_POINT('',(-0.0324044019449814,0.0538137459619144,0.00109098934359091));
#13997=CARTESIAN_POINT('',(-0.0325351794604551,0.0537211175745906,0.00105584111187122));
#13998=CARTESIAN_POINT('',(-0.032577928953459,0.0536879652387335,0.00104699888874302));
#13999=CARTESIAN_POINT('',(-0.0326609672380843,0.053617763080377,0.00103517248110655));
#14000=CARTESIAN_POINT('',(-0.0327012560297055,0.0535807132578776,0.0010321882965983));
#14001=CARTESIAN_POINT('',(-0.0328172693368834,0.0534646999506998,0.0010321882965983));
#14002=CARTESIAN_POINT('',(-0.0328881264220959,0.0533808869889998,0.00104412503463132));
#14003=CARTESIAN_POINT('',(-0.0329807548094196,0.0532501094735261,0.00107927326635101));
#14004=CARTESIAN_POINT('',(-0.0330093514223211,0.0532056789677682,0.00109386162949665));
#14005=CARTESIAN_POINT('',(-0.033061500433049,0.0531159759258856,0.00112846157589253));
#14006=CARTESIAN_POINT('',(-0.0330850528308754,0.0530707033897608,0.00114847315914276));
#14007=CARTESIAN_POINT('',(-0.0331058405298331,0.0530254268238691,0.00117103567659184));
#14008=CARTESIAN_POINT('',(-0.0331058405298331,0.0530254268238691,0.00117103567659184));
#14009=CARTESIAN_POINT('',(-0.0330000167729501,0.0526021317963369,0.000770138888909787));
#14010=CARTESIAN_POINT('',(-0.0330000167729501,0.0526021317963369,0.000813425925939858));
#14011=CARTESIAN_POINT('',(-0.0330000167729501,0.0526021317963369,0.000868228042990626));
#14012=CARTESIAN_POINT('',(-0.0330000167729501,0.0526021317963369,0.000902965770910462));
#14013=CARTESIAN_POINT('',(-0.0330000497519512,0.0526022637123416,0.000905902325295388));
#14014=CARTESIAN_POINT('',(-0.0330002280819921,0.052602977032505,0.000913997599833347));
#14015=CARTESIAN_POINT('',(-0.0330004145743868,0.052603723002084,0.000919096736386455));
#14016=CARTESIAN_POINT('',(-0.0330034728572466,0.0526159561335229,0.000978862762448099));
#14017=CARTESIAN_POINT('',(-0.0330146284008396,0.0526605783078949,0.00102333417967564));
#14018=CARTESIAN_POINT('',(-0.0330408270640727,0.0527653729608278,0.00108290242969138));
#14019=CARTESIAN_POINT('',(-0.0330521551022981,0.0528106851137291,0.00110242015060567));
#14020=CARTESIAN_POINT('',(-0.033077354810306,0.0529114839457606,0.0011385558877891));
#14021=CARTESIAN_POINT('',(-0.0330912264800885,0.0529669706248906,0.00115517390405823));
#14022=CARTESIAN_POINT('',(-0.0331058405298331,0.0530254268238691,0.00117103567659184));
#14023=CARTESIAN_POINT('',(-0.0330000167729501,0.0526021317963369,0.0009));
#14024=CARTESIAN_POINT('',(-0.0330000167729501,0.0526021317963369,0.000770138888909787));
#14025=CARTESIAN_POINT('',(-0.0330000167729501,0.0526021317963369,0.000813425925939858));
#14026=CARTESIAN_POINT('',(-0.0330000167729501,0.0526021317963369,0.000868228042990626));
#14027=CARTESIAN_POINT('',(-0.0330000167729501,0.0526021317963369,0.000902965770910462));
#14028=CARTESIAN_POINT('',(-0.0330000497519512,0.0526022637123416,0.000905902325295388));
#14029=CARTESIAN_POINT('',(-0.0330002280819921,0.052602977032505,0.000913997599833347));
#14030=CARTESIAN_POINT('',(-0.0330004145743868,0.052603723002084,0.000919096736386455));
#14031=CARTESIAN_POINT('',(-0.0330034728572466,0.0526159561335229,0.000978862762448099));
#14032=CARTESIAN_POINT('',(-0.0330146284008396,0.0526605783078949,0.00102333417967564));
#14033=CARTESIAN_POINT('',(-0.0330408270640727,0.0527653729608278,0.00108290242969138));
#14034=CARTESIAN_POINT('',(-0.0330521551022981,0.0528106851137291,0.00110242015060567));
#14035=CARTESIAN_POINT('',(-0.033077354810306,0.0529114839457606,0.0011385558877891));
#14036=CARTESIAN_POINT('',(-0.0330912264800885,0.0529669706248906,0.00115517390405823));
#14037=CARTESIAN_POINT('',(-0.0331058405298331,0.0530254268238691,0.00117103567659184));
#14038=CARTESIAN_POINT('',(-0.01050001677295,0.00930213179633687,-0.0038));
#14039=CARTESIAN_POINT('',(-0.0095675322050488,0.0105021317963369,-0.0038));
#14040=CARTESIAN_POINT('',(-0.0095675322050488,0.0105021317963369,-0.00395710795370954));
#14041=CARTESIAN_POINT('',(-0.0095675322050488,0.0104708990083388,-0.00411409746123113));
#14042=CARTESIAN_POINT('',(-0.0095675322050488,0.0103957592921033,-0.00429550078323985));
#14043=CARTESIAN_POINT('',(-0.0095675322050488,0.0103789293687213,-0.00433103086201146));
#14044=CARTESIAN_POINT('',(-0.0095675322050488,0.0103418750324327,-0.00440027635316976));
#14045=CARTESIAN_POINT('',(-0.0095675322050488,0.0103216506195262,-0.00443399176555646));
#14046=CARTESIAN_POINT('',(-0.0095675322050488,0.010256199852638,-0.00453194576045219));
#14047=CARTESIAN_POINT('',(-0.0095675322050488,0.0102061959704877,-0.00459299210069688));
#14048=CARTESIAN_POINT('',(-0.0095675322050488,0.0100395878603068,-0.00475960021087782));
#14049=CARTESIAN_POINT('',(-0.0095675322050488,0.00990647457278195,-0.00484854366602511));
#14050=CARTESIAN_POINT('',(-0.0095675322050488,0.00972507125077323,-0.00492368338226065));
#14051=CARTESIAN_POINT('',(-0.0095675322050488,0.00968804890825183,-0.00493690638894586));
#14052=CARTESIAN_POINT('',(-0.0095675322050488,0.00953772710092046,-0.00498243155675111));
#14053=CARTESIAN_POINT('',(-0.0095675322050488,0.00941996276161903,-0.005));
#14054=CARTESIAN_POINT('',(-0.0095675322050488,0.00930213179633687,-0.005));
#14055=CARTESIAN_POINT('',(-0.0095675322050488,0.0105021317963369,-0.0038));
#14056=CARTESIAN_POINT('',(-0.0095675322050488,0.00930213179633687,-0.005));
#14057=CARTESIAN_POINT('',(-0.00940001677295003,0.0105021317963369,-0.0038));
#14058=CARTESIAN_POINT('',(-0.01200001677295,0.0105021317963369,-0.0038));
#14059=CARTESIAN_POINT('',(-0.01200001677295,0.00930213179633687,-0.0038));
#14060=CARTESIAN_POINT('',(-0.01200001677295,0.00930213179633687,-0.005));
#14061=CARTESIAN_POINT('',(-0.01200001677295,0.00930213179633687,-0.005));
#14062=CARTESIAN_POINT('',(-0.00956753220504677,0.0105021317963369,-0.0037));
#14063=CARTESIAN_POINT('',(-0.00951169372768117,0.0105021317963369,-0.0037));
#14064=CARTESIAN_POINT('',(-0.00943968702113442,0.0105021317963369,-0.0037));
#14065=CARTESIAN_POINT('',(-0.00939651837254215,0.0105021317963369,-0.0037));
#14066=CARTESIAN_POINT('',(-0.00939305764698963,0.0105021776854184,-0.00369981644367404));
#14067=CARTESIAN_POINT('',(-0.00938388185576468,0.010502415910972,-0.00369886354145939));
#14068=CARTESIAN_POINT('',(-0.00937823430512186,0.0105026517757985,-0.00369792008215355));
#14069=CARTESIAN_POINT('',(-0.00931078746496215,0.0105065378277348,-0.00368237587440844));
#14070=CARTESIAN_POINT('',(-0.00926168221157807,0.0105205249732948,-0.00362642729216825));
#14071=CARTESIAN_POINT('',(-0.00919756777198577,0.0105525834365852,-0.0034981934390065));
#14072=CARTESIAN_POINT('',(-0.00917696531781355,0.0105663353272622,-0.00344318587629863));
#14073=CARTESIAN_POINT('',(-0.00913950803469047,0.0105965323668934,-0.00332239771777376));
#14074=CARTESIAN_POINT('',(-0.00912265320573962,0.0106129775158477,-0.00325661712195676));
#14075=CARTESIAN_POINT('',(-0.00910683411451244,0.0106300216554169,-0.00318844056367972));
#14076=CARTESIAN_POINT('',(-0.00956753220504677,0.0105021317963369,-0.00354289204629047));
#14077=CARTESIAN_POINT('',(-0.00951573707342322,0.0105021317963369,-0.00354289204629047));
#14078=CARTESIAN_POINT('',(-0.00944417437834041,0.0105021317963369,-0.00355134426956172));
#14079=CARTESIAN_POINT('',(-0.00940528866210459,0.0105021317963369,-0.00355943988510373));
#14080=CARTESIAN_POINT('',(-0.00940210583235276,0.0105021296238875,-0.00355968103380609));
#14081=CARTESIAN_POINT('',(-0.00939360810701753,0.0105021689234065,-0.00355960772260742));
#14082=CARTESIAN_POINT('',(-0.00938831507984395,0.010502206198406,-0.00355894265920798));
#14083=CARTESIAN_POINT('',(-0.00932687584830318,0.0105040456092684,-0.00355124896390817));
#14084=CARTESIAN_POINT('',(-0.00928645592041847,0.0105130589643124,-0.00350565808109611));
#14085=CARTESIAN_POINT('',(-0.009231608952972,0.0105333392695439,-0.00339287190239441));
#14086=CARTESIAN_POINT('',(-0.00921288740323345,0.0105438856802457,-0.00334157571908742));
#14087=CARTESIAN_POINT('',(-0.00917937874202432,0.0105631438230669,-0.00323220347039878));
#14088=CARTESIAN_POINT('',(-0.00916900216550187,0.0105678910427518,-0.00315912087329724));
#14089=CARTESIAN_POINT('',(-0.00914719778231451,0.0105865321794625,-0.00310748856046598));
#14090=CARTESIAN_POINT('',(-0.00956753220504677,0.0104708990083388,-0.00338590253876887));
#14091=CARTESIAN_POINT('',(-0.00953458993127704,0.0104708990083388,-0.00338590253876887));
#14092=CARTESIAN_POINT('',(-0.0094959690967617,0.0104671878246617,-0.00337145109522124));
#14093=CARTESIAN_POINT('',(-0.00946092452725286,0.0104645918277404,-0.00334999220921944));
#14094=CARTESIAN_POINT('',(-0.00945813516022113,0.0104643905885279,-0.0033482254649715));
#14095=CARTESIAN_POINT('',(-0.00945081521218162,0.0104638799762479,-0.00334344785788969));
#14096=CARTESIAN_POINT('',(-0.00944626857323069,0.0104635845172356,-0.00334035279172957));
#14097=CARTESIAN_POINT('',(-0.00939147772269756,0.0104603289736417,-0.00330156622333135));
#14098=CARTESIAN_POINT('',(-0.00934645408192396,0.0104608079833716,-0.00325430073431552));
#14099=CARTESIAN_POINT('',(-0.00928194249364871,0.0104738073768039,-0.00317430074102194));
#14100=CARTESIAN_POINT('',(-0.00925978032590729,0.0104810791902819,-0.00314402008820629));
#14101=CARTESIAN_POINT('',(-0.00921756703313009,0.0105023268638829,-0.00308407367166465));
#14102=CARTESIAN_POINT('',(-0.00919751590809431,0.0105163027240059,-0.00305440790793868));
#14103=CARTESIAN_POINT('',(-0.00917827923413278,0.0105344378694531,-0.00302654677946583));
#14104=CARTESIAN_POINT('',(-0.00956753220504677,0.0103957592921033,-0.00320449921676015));
#14105=CARTESIAN_POINT('',(-0.00953792280762443,0.0103957592921033,-0.00320449921676015));
#14106=CARTESIAN_POINT('',(-0.00950191806411944,0.0103918857629382,-0.00319122384982821));
#14107=CARTESIAN_POINT('',(-0.0094692129044051,0.0103890600898636,-0.00317235106428844));
#14108=CARTESIAN_POINT('',(-0.00946660949771481,0.0103888398587513,-0.00317080323421034));
#14109=CARTESIAN_POINT('',(-0.00945977887548513,0.0103882775194784,-0.00316663764411555));
#14110=CARTESIAN_POINT('',(-0.00945552929349477,0.0103879487757675,-0.00316395276091382));
#14111=CARTESIAN_POINT('',(-0.00940424296649049,0.0103842825210574,-0.00313047807172662));
#14112=CARTESIAN_POINT('',(-0.0093613207292537,0.0103843247266507,-0.00309139198817074));
#14113=CARTESIAN_POINT('',(-0.00930014404685056,0.0103973532131204,-0.00302961131438938));
#14114=CARTESIAN_POINT('',(-0.00927920136702405,0.0104047842811134,-0.00300707087502236));
#14115=CARTESIAN_POINT('',(-0.00923986450223411,0.0104268400664285,-0.00296487612889411));
#14116=CARTESIAN_POINT('',(-0.0092214703172707,0.0104414647837506,-0.00294522182213287));
#14117=CARTESIAN_POINT('',(-0.0092043212406685,0.0104605897138523,-0.00292852838778758));
#14118=CARTESIAN_POINT('',(-0.00956753220504678,0.0103789293687213,-0.00316896913798854));
#14119=CARTESIAN_POINT('',(-0.00953831365168621,0.0103789293687213,-0.00316896913798854));
#14120=CARTESIAN_POINT('',(-0.00950303890468689,0.0103752652680942,-0.00315651977802664));
#14121=CARTESIAN_POINT('',(-0.00947076937072255,0.0103726337696099,-0.00313879952084504));
#14122=CARTESIAN_POINT('',(-0.00946819872987941,0.0103724290637232,-0.00313734611878684));
#14123=CARTESIAN_POINT('',(-0.00946144707087094,0.0103719077358115,-0.0031334342317974));
#14124=CARTESIAN_POINT('',(-0.00945724573529966,0.0103716046752461,-0.00313091226003478));
#14125=CARTESIAN_POINT('',(-0.00940653213659833,0.0103682499072314,-0.00309946179900834));
#14126=CARTESIAN_POINT('',(-0.00936399074203437,0.0103685685815487,-0.00306267004039272));
#14127=CARTESIAN_POINT('',(-0.00930341171463292,0.0103819216683811,-0.00300445768504898));
#14128=CARTESIAN_POINT('',(-0.0092826861951591,0.010389447946794,-0.00298320711746174));
#14129=CARTESIAN_POINT('',(-0.00924383715729618,0.0104116259255813,-0.00294340502331354));
#14130=CARTESIAN_POINT('',(-0.00922571363890709,0.0104262776259556,-0.00292485349675258));
#14131=CARTESIAN_POINT('',(-0.00920888890383965,0.0104453841378175,-0.00290908344958923));
#14132=CARTESIAN_POINT('',(-0.00956753220504678,0.0103418750324327,-0.00309972364683024));
#14133=CARTESIAN_POINT('',(-0.00953890755964117,0.0103418750324327,-0.00309972364683024));
#14134=CARTESIAN_POINT('',(-0.00950526120508338,0.0103389173654726,-0.0030891751928249));
#14135=CARTESIAN_POINT('',(-0.00947371863096339,0.0103369947050676,-0.00307387628562514));
#14136=CARTESIAN_POINT('',(-0.00947119951399328,0.0103368471063855,-0.0030726192733495));
#14137=CARTESIAN_POINT('',(-0.00946455995683118,0.0103364777660757,-0.00306922806838761));
#14138=CARTESIAN_POINT('',(-0.00946042576824181,0.0103362706652702,-0.00306703622283543));
#14139=CARTESIAN_POINT('',(-0.00941049493927921,0.0103340879774812,-0.00303964163634417));
#14140=CARTESIAN_POINT('',(-0.00936832365866759,0.0103355319964174,-0.00300698501523508));
#14141=CARTESIAN_POINT('',(-0.00930854209902485,0.0103501597285015,-0.00295518926196392));
#14142=CARTESIAN_POINT('',(-0.00928815142187768,0.0103580469161622,-0.00293625507515073));
#14143=CARTESIAN_POINT('',(-0.0092502430176852,0.0103806057442765,-0.00290087852619375));
#14144=CARTESIAN_POINT('',(-0.00923272529063988,0.01039527738473,-0.00288443616404998));
#14145=CARTESIAN_POINT('',(-0.00921673244188257,0.0104141654656188,-0.00287058499401749));
#14146=CARTESIAN_POINT('',(-0.00956753220504677,0.0103216506195262,-0.00306600823444355));
#14147=CARTESIAN_POINT('',(-0.00953911062353434,0.0103216506195262,-0.00306600823444355));
#14148=CARTESIAN_POINT('',(-0.00950638027300231,0.0103191983061522,-0.00305662887467777));
#14149=CARTESIAN_POINT('',(-0.00947515533684347,0.0103178027805894,-0.00304273950279731));
#14150=CARTESIAN_POINT('',(-0.00947265716062131,0.0103176977987718,-0.00304159612885221));
#14151=CARTESIAN_POINT('',(-0.00946605671084884,0.0103174422646506,-0.00303850383298124));
#14152=CARTESIAN_POINT('',(-0.00946194528826039,0.0103173072731651,-0.00303649988053206));
#14153=CARTESIAN_POINT('',(-0.00941227257604147,0.0103160079726707,-0.00301139412139475));
#14154=CARTESIAN_POINT('',(-0.00937014551788919,0.0103183269212973,-0.00298087227661149));
#14155=CARTESIAN_POINT('',(-0.00931058845371491,0.010333916400991,-0.00293205684822862));
#14156=CARTESIAN_POINT('',(-0.00929031161970586,0.0103420674673869,-0.00291412863438804));
#14157=CARTESIAN_POINT('',(-0.00925280403001796,0.0103648603004721,-0.00288050684386796));
#14158=CARTESIAN_POINT('',(-0.00923557327433911,0.0103795020671614,-0.00286481326718846));
#14159=CARTESIAN_POINT('',(-0.00922000831675433,0.010398152369455,-0.0028515314766441));
#14160=CARTESIAN_POINT('',(-0.00956753220504677,0.010256199852638,-0.00296805423954781));
#14161=CARTESIAN_POINT('',(-0.00953998366833113,0.010256199852638,-0.00296805423954781));
#14162=CARTESIAN_POINT('',(-0.00951009749033439,0.0102555008183738,-0.00296228680664601));
#14163=CARTESIAN_POINT('',(-0.00947980500812077,0.0102560774908088,-0.00295275756007002));
#14164=CARTESIAN_POINT('',(-0.0094773671020069,0.0102561329776561,-0.00295196588560188));
#14165=CARTESIAN_POINT('',(-0.009470874831611,0.010256308645833,-0.00294979940735487));
#14166=CARTESIAN_POINT('',(-0.00946682354963294,0.0102564487349261,-0.00294837755964909));
#14167=CARTESIAN_POINT('',(-0.00941779855994676,0.0102585395552354,-0.00293036115201332));
#14168=CARTESIAN_POINT('',(-0.00937540718325407,0.0102644216713375,-0.00290643533265559));
#14169=CARTESIAN_POINT('',(-0.00931583424980671,0.0102839568148216,-0.0028662119059638));
#14170=CARTESIAN_POINT('',(-0.00929563465573644,0.0102931990629833,-0.0028510396031547));
#14171=CARTESIAN_POINT('',(-0.00925886291815685,0.0103169257741348,-0.00282173824065519));
#14172=CARTESIAN_POINT('',(-0.00924229077464753,0.0103314102371247,-0.00280760918096478));
#14173=CARTESIAN_POINT('',(-0.00922788279087945,0.0103489983553208,-0.00279506896658697));
#14174=CARTESIAN_POINT('',(-0.00956753220504677,0.0102061959704877,-0.00290700789930313));
#14175=CARTESIAN_POINT('',(-0.00954036942891913,0.0102061959704877,-0.00290700789930312));
#14176=CARTESIAN_POINT('',(-0.009512188678218,0.0102069820800986,-0.00290378794317101));
#14177=CARTESIAN_POINT('',(-0.009482314701654,0.0102093946091605,-0.00289734080592679));
#14178=CARTESIAN_POINT('',(-0.0094799005451267,0.0102096005658795,-0.00289679797709038));
#14179=CARTESIAN_POINT('',(-0.00947343642266667,0.0102101834138985,-0.00289528749772759));
#14180=CARTESIAN_POINT('',(-0.00946939774839212,0.0102105852268687,-0.00289427828709665));
#14181=CARTESIAN_POINT('',(-0.00942047121433611,0.0102159227396071,-0.00288128527304814));
#14182=CARTESIAN_POINT('',(-0.00937760766961667,0.0102254314718986,-0.00286201239923812));
#14183=CARTESIAN_POINT('',(-0.00931756366291865,0.010249010952525,-0.0028270516763754));
#14184=CARTESIAN_POINT('',(-0.00929724906144858,0.0102593800492776,-0.00281336730373874));
#14185=CARTESIAN_POINT('',(-0.00926063415022296,0.0102840384966779,-0.00278568776353278));
#14186=CARTESIAN_POINT('',(-0.00924433384046741,0.0102983278473257,-0.00277169259596347));
#14187=CARTESIAN_POINT('',(-0.00923052823964262,0.0103147427117076,-0.00275835801596626));
#14188=CARTESIAN_POINT('',(-0.00956753220504677,0.0100395878603068,-0.00274039978912219));
#14189=CARTESIAN_POINT('',(-0.00954036942891913,0.0100395878603068,-0.00274039978912219));
#14190=CARTESIAN_POINT('',(-0.009512188678218,0.0100440247396995,-0.00274083060277182));
#14191=CARTESIAN_POINT('',(-0.00948231470165401,0.0100524891810348,-0.0027404353778011));
#14192=CARTESIAN_POINT('',(-0.0094799005451267,0.01005320044593,-0.00274039785714089));
#14193=CARTESIAN_POINT('',(-0.00947343642266668,0.0100551747409647,-0.00274027882479379));
#14194=CARTESIAN_POINT('',(-0.00946939774839213,0.010056487650426,-0.00274018071065387));
#14195=CARTESIAN_POINT('',(-0.00942047121433612,0.0100733084151295,-0.00273867094857053));
#14196=CARTESIAN_POINT('',(-0.00937760766961667,0.0100974633596988,-0.00273404428703827));
#14197=CARTESIAN_POINT('',(-0.00931756366291866,0.0101381147036797,-0.00271615542753003));
#14198=CARTESIAN_POINT('',(-0.00929724906144859,0.0101534567142584,-0.00270744396871952));
#14199=CARTESIAN_POINT('',(-0.00926063415022297,0.0101826468008672,-0.00268429606772199));
#14200=CARTESIAN_POINT('',(-0.00924433384046741,0.0101964948768973,-0.00266985962553498));
#14201=CARTESIAN_POINT('',(-0.00923052823964262,0.0102082893147021,-0.0026519046189608));
#14202=CARTESIAN_POINT('',(-0.00956753220504677,0.00990647457278195,-0.00265145633397489));
#14203=CARTESIAN_POINT('',(-0.00953882638656713,0.00990647457278195,-0.00265145633397489));
#14204=CARTESIAN_POINT('',(-0.0095038239266836,0.00991866751273226,-0.00265539387660409));
#14205=CARTESIAN_POINT('',(-0.0094722759275211,0.00993542578321241,-0.00265830746995832));
#14206=CARTESIAN_POINT('',(-0.00946976677264754,0.00993679555851698,-0.0026585349566675));
#14207=CARTESIAN_POINT('',(-0.00946319005844404,0.00994046621774476,-0.00265911701234507));
#14208=CARTESIAN_POINT('',(-0.00945910095335542,0.00994282227784475,-0.00265945839605278));
#14209=CARTESIAN_POINT('',(-0.00940978059677879,0.00997208111558725,-0.00266327990237568));
#14210=CARTESIAN_POINT('',(-0.00936880572416637,0.0100050837008289,-0.00266339556408265));
#14211=CARTESIAN_POINT('',(-0.009310646010471,0.0100554046178897,-0.00265030281090735));
#14212=CARTESIAN_POINT('',(-0.00929079143860015,0.0100733830732741,-0.00264278347057634));
#14213=CARTESIAN_POINT('',(-0.00925354922195862,0.0101060393562514,-0.00262034142176839));
#14214=CARTESIAN_POINT('',(-0.00923616157718793,0.0101207171838444,-0.00260541871329146));
#14215=CARTESIAN_POINT('',(-0.00921994644458993,0.0101324144435562,-0.00258585097584495));
#14216=CARTESIAN_POINT('',(-0.00956753220504677,0.00972507125077323,-0.00257631661773935));
#14217=CARTESIAN_POINT('',(-0.00953686369380192,0.00972507125077323,-0.00257631661773935));
#14218=CARTESIAN_POINT('',(-0.00949995435663898,0.00973891124360449,-0.00258013355716643));
#14219=CARTESIAN_POINT('',(-0.00946637505433804,0.00975895918302469,-0.00258287983113278));
#14220=CARTESIAN_POINT('',(-0.00946370159460821,0.00976060625533864,-0.00258309350037096));
#14221=CARTESIAN_POINT('',(-0.00945668516391953,0.00976504858239693,-0.00258363797879446));
#14222=CARTESIAN_POINT('',(-0.00945232119846358,0.00976791821711369,-0.00258395524133149));
#14223=CARTESIAN_POINT('',(-0.00939966724797017,0.00980377483896482,-0.00258748000535933));
#14224=CARTESIAN_POINT('',(-0.00935573281869311,0.00984642664846425,-0.00258728913190679));
#14225=CARTESIAN_POINT('',(-0.009292968167645,0.0099156270913038,-0.00257428398537289));
#14226=CARTESIAN_POINT('',(-0.00927144858885083,0.00994124308002863,-0.00256691479909313));
#14227=CARTESIAN_POINT('',(-0.00923086895502698,0.00999026035954795,-0.00254515760757973));
#14228=CARTESIAN_POINT('',(-0.0092118088999973,0.0100136616503424,-0.0025307696023461));
#14229=CARTESIAN_POINT('',(-0.00919390443805421,0.010034396051878,-0.00251200282024423));
#14230=CARTESIAN_POINT('',(-0.00956753220504677,0.00968804890825182,-0.00256309361105414));
#14231=CARTESIAN_POINT('',(-0.00953527102311459,0.00968804890825182,-0.00256309361105414));
#14232=CARTESIAN_POINT('',(-0.00949605919350007,0.00970053963814618,-0.00256664590122104));
#14233=CARTESIAN_POINT('',(-0.00946195917452539,0.00971898762259358,-0.00256918300260373));
#14234=CARTESIAN_POINT('',(-0.00945923866895595,0.0097205303621557,-0.00256938034649845));
#14235=CARTESIAN_POINT('',(-0.00945208914239397,0.00972473854310065,-0.00256987986643783));
#14236=CARTESIAN_POINT('',(-0.00944764198694652,0.00972749715175695,-0.00257016950768874));
#14237=CARTESIAN_POINT('',(-0.00939413604003386,0.00976195006994153,-0.00257329143663138));
#14238=CARTESIAN_POINT('',(-0.00935017074373877,0.0098054301636126,-0.00257247559218077));
#14239=CARTESIAN_POINT('',(-0.00928741991653076,0.00987928059971367,-0.00255900804989423));
#14240=CARTESIAN_POINT('',(-0.00926588214301992,0.00990739162713315,-0.00255145990955798));
#14241=CARTESIAN_POINT('',(-0.00922529099719324,0.00996243890649799,-0.00252997293135936));
#14242=CARTESIAN_POINT('',(-0.00920651328331163,0.00999031306667585,-0.00251628187552417));
#14243=CARTESIAN_POINT('',(-0.00918805554633521,0.0100146344318137,-0.00249766970252853));
#14244=CARTESIAN_POINT('',(-0.00956753220504677,0.00953772710092046,-0.00251756844324889));
#14245=CARTESIAN_POINT('',(-0.00952639695560366,0.00953772710092046,-0.00251756844324889));
#14246=CARTESIAN_POINT('',(-0.00947400379462008,0.00954268645418925,-0.00251965598406728));
#14247=CARTESIAN_POINT('',(-0.00943720887184152,0.00955172122173699,-0.00252111623233549));
#14248=CARTESIAN_POINT('',(-0.00943424465247517,0.00955263605688345,-0.00252122737599342));
#14249=CARTESIAN_POINT('',(-0.00942640280166681,0.00955541050895487,-0.0025214849689842));
#14250=CARTESIAN_POINT('',(-0.00942152614585437,0.00955745984865134,-0.00252162244500215));
#14251=CARTESIAN_POINT('',(-0.00936363624085991,0.00958313394209679,-0.00252252103095425));
#14252=CARTESIAN_POINT('',(-0.00931982136287856,0.00963031414711266,-0.00251799738324212));
#14253=CARTESIAN_POINT('',(-0.00925844285114126,0.00972562357617602,-0.00250107645601902));
#14254=CARTESIAN_POINT('',(-0.00923745927631455,0.00976533048479419,-0.00249217166375716));
#14255=CARTESIAN_POINT('',(-0.00919848304330362,0.00984761419726496,-0.00247111072882169));
#14256=CARTESIAN_POINT('',(-0.00918214433572487,0.00989581845051258,-0.00246044127831112));
#14257=CARTESIAN_POINT('',(-0.00916215836972466,0.00993511348748261,-0.00244218457400753));
#14258=CARTESIAN_POINT('',(-0.00956753220504677,0.00941996276161902,-0.0025));
#14259=CARTESIAN_POINT('',(-0.00951410878925681,0.00941996276161902,-0.0025));
#14260=CARTESIAN_POINT('',(-0.0094430525390389,0.00941362359416559,-0.0025));
#14261=CARTESIAN_POINT('',(-0.00940309608971398,0.00940755188250908,-0.0025));
#14262=CARTESIAN_POINT('',(-0.00939984378601198,0.00940741691006379,-0.00249999015706662));
#14263=CARTESIAN_POINT('',(-0.00939117654420432,0.00940771011901646,-0.00249990112603896));
#14264=CARTESIAN_POINT('',(-0.00938579488616343,0.00940844478139249,-0.00249981420358271));
#14265=CARTESIAN_POINT('',(-0.00932285375246792,0.00941810110480362,-0.00249746313245184));
#14266=CARTESIAN_POINT('',(-0.00928026249320837,0.00946628141247272,-0.00248720632977884));
#14267=CARTESIAN_POINT('',(-0.00922309865772544,0.00958292950978943,-0.00246398148503262));
#14268=CARTESIAN_POINT('',(-0.00920390688187847,0.00963515353794664,-0.00245263370433706));
#14269=CARTESIAN_POINT('',(-0.00916941106519086,0.00974737976409434,-0.00243064083731331));
#14270=CARTESIAN_POINT('',(-0.00915741492556115,0.00981863686087487,-0.00242296913531122));
#14271=CARTESIAN_POINT('',(-0.00913710686536399,0.00987440523506745,-0.00240472724788577));
#14272=CARTESIAN_POINT('',(-0.00956753220504677,0.00930213179633687,-0.0025));
#14273=CARTESIAN_POINT('',(-0.00951169372768118,0.00930213179633687,-0.0025));
#14274=CARTESIAN_POINT('',(-0.00943968702113441,0.00930213179633687,-0.0025));
#14275=CARTESIAN_POINT('',(-0.00939651837254215,0.00930213179633688,-0.0025));
#14276=CARTESIAN_POINT('',(-0.00939305764698964,0.00930231535266283,-0.00249995411091851));
#14277=CARTESIAN_POINT('',(-0.00938388185576468,0.00930326825487749,-0.00249971588536484));
#14278=CARTESIAN_POINT('',(-0.00937823430512187,0.00930421171418332,-0.00249948002053838));
#14279=CARTESIAN_POINT('',(-0.00931078746496215,0.00931975592192842,-0.00249559396860211));
#14280=CARTESIAN_POINT('',(-0.00926168221157807,0.00937570450416862,-0.00248160682304206));
#14281=CARTESIAN_POINT('',(-0.00919756777198577,0.00950393835733037,-0.00244954835975162));
#14282=CARTESIAN_POINT('',(-0.00917696531781355,0.00955894592003824,-0.00243579646907466));
#14283=CARTESIAN_POINT('',(-0.00913950803469047,0.00967973407856311,-0.00240559942944344));
#14284=CARTESIAN_POINT('',(-0.00912265320573962,0.0097455146743801,-0.00238915428048919));
#14285=CARTESIAN_POINT('',(-0.00910683411451244,0.00981369123265715,-0.00237211014091993));
#14286=CARTESIAN_POINT('',(-0.00956753220504677,0.0105021317963369,-0.0037));
#14287=CARTESIAN_POINT('',(-0.00956753220504677,0.0105021317963369,-0.00354289204629047));
#14288=CARTESIAN_POINT('',(-0.00956753220504677,0.0104708990083388,-0.00338590253876887));
#14289=CARTESIAN_POINT('',(-0.00956753220504677,0.0103957592921033,-0.00320449921676015));
#14290=CARTESIAN_POINT('',(-0.00956753220504678,0.0103789293687213,-0.00316896913798854));
#14291=CARTESIAN_POINT('',(-0.00956753220504678,0.0103418750324327,-0.00309972364683024));
#14292=CARTESIAN_POINT('',(-0.00956753220504677,0.0103216506195262,-0.00306600823444355));
#14293=CARTESIAN_POINT('',(-0.00956753220504677,0.010256199852638,-0.00296805423954781));
#14294=CARTESIAN_POINT('',(-0.00956753220504677,0.0102061959704877,-0.00290700789930313));
#14295=CARTESIAN_POINT('',(-0.00956753220504677,0.0100395878603068,-0.00274039978912219));
#14296=CARTESIAN_POINT('',(-0.00956753220504677,0.00990647457278195,-0.00265145633397489));
#14297=CARTESIAN_POINT('',(-0.00956753220504677,0.00972507125077323,-0.00257631661773935));
#14298=CARTESIAN_POINT('',(-0.00956753220504677,0.00968804890825182,-0.00256309361105414));
#14299=CARTESIAN_POINT('',(-0.00956753220504677,0.00953772710092046,-0.00251756844324889));
#14300=CARTESIAN_POINT('',(-0.00956753220504677,0.00941996276161902,-0.0025));
#14301=CARTESIAN_POINT('',(-0.00956753220504677,0.00930213179633687,-0.0025));
#14302=CARTESIAN_POINT('',(-0.00956753220504677,0.0105021317963369,-0.0037));
#14303=CARTESIAN_POINT('',(-0.00956753220504677,0.00930213179633687,-0.0025));
#14304=CARTESIAN_POINT('',(-0.00956753220504677,0.0105021317963369,-0.0037));
#14305=CARTESIAN_POINT('',(-0.00951169372768117,0.0105021317963369,-0.0037));
#14306=CARTESIAN_POINT('',(-0.00943968702113442,0.0105021317963369,-0.0037));
#14307=CARTESIAN_POINT('',(-0.00939651837254215,0.0105021317963369,-0.0037));
#14308=CARTESIAN_POINT('',(-0.00939305764698963,0.0105021776854184,-0.00369981644367404));
#14309=CARTESIAN_POINT('',(-0.00938388185576468,0.010502415910972,-0.00369886354145939));
#14310=CARTESIAN_POINT('',(-0.00937823430512186,0.0105026517757985,-0.00369792008215355));
#14311=CARTESIAN_POINT('',(-0.00931078746496215,0.0105065378277348,-0.00368237587440844));
#14312=CARTESIAN_POINT('',(-0.00926168221157807,0.0105205249732948,-0.00362642729216825));
#14313=CARTESIAN_POINT('',(-0.00919756777198577,0.0105525834365852,-0.0034981934390065));
#14314=CARTESIAN_POINT('',(-0.00917696531781355,0.0105663353272622,-0.00344318587629863));
#14315=CARTESIAN_POINT('',(-0.00913950803469047,0.0105965323668934,-0.00332239771777376));
#14316=CARTESIAN_POINT('',(-0.00912265320573962,0.0106129775158477,-0.00325661712195676));
#14317=CARTESIAN_POINT('',(-0.00910683411451244,0.0106300216554169,-0.00318844056367972));
#14318=CARTESIAN_POINT('',(-0.00940001677295003,0.0105021317963369,-0.0037));
#14319=CARTESIAN_POINT('',(-0.00956753220504677,0.0105021317963369,-0.0037));
#14320=CARTESIAN_POINT('',(-0.00951169372768117,0.0105021317963369,-0.0037));
#14321=CARTESIAN_POINT('',(-0.00943968702113442,0.0105021317963369,-0.0037));
#14322=CARTESIAN_POINT('',(-0.00939651837254215,0.0105021317963369,-0.0037));
#14323=CARTESIAN_POINT('',(-0.00939305764698963,0.0105021776854184,-0.00369981644367404));
#14324=CARTESIAN_POINT('',(-0.00938388185576468,0.010502415910972,-0.00369886354145939));
#14325=CARTESIAN_POINT('',(-0.00937823430512186,0.0105026517757985,-0.00369792008215355));
#14326=CARTESIAN_POINT('',(-0.00931078746496215,0.0105065378277348,-0.00368237587440844));
#14327=CARTESIAN_POINT('',(-0.00926168221157807,0.0105205249732948,-0.00362642729216825));
#14328=CARTESIAN_POINT('',(-0.00919756777198577,0.0105525834365852,-0.0034981934390065));
#14329=CARTESIAN_POINT('',(-0.00917696531781355,0.0105663353272622,-0.00344318587629863));
#14330=CARTESIAN_POINT('',(-0.00913950803469047,0.0105965323668934,-0.00332239771777376));
#14331=CARTESIAN_POINT('',(-0.00912265320573962,0.0106129775158477,-0.00325661712195676));
#14332=CARTESIAN_POINT('',(-0.00910683411451244,0.0106300216554169,-0.00318844056367972));
#14333=CARTESIAN_POINT('',(-0.00910683411451244,0.0106300216554169,-0.00318844056367972));
#14334=CARTESIAN_POINT('',(-0.00910683411451244,0.0106300216554169,-0.00318844056367972));
#14335=CARTESIAN_POINT('',(-0.00914719778231451,0.0105865321794625,-0.00310748856046598));
#14336=CARTESIAN_POINT('',(-0.00917827923413278,0.0105344378694531,-0.00302654677946583));
#14337=CARTESIAN_POINT('',(-0.0092043212406685,0.0104605897138523,-0.00292852838778758));
#14338=CARTESIAN_POINT('',(-0.00920888890383965,0.0104453841378175,-0.00290908344958923));
#14339=CARTESIAN_POINT('',(-0.00921673244188257,0.0104141654656188,-0.00287058499401749));
#14340=CARTESIAN_POINT('',(-0.00922000831675433,0.010398152369455,-0.0028515314766441));
#14341=CARTESIAN_POINT('',(-0.00922788279087945,0.0103489983553208,-0.00279506896658697));
#14342=CARTESIAN_POINT('',(-0.00923052823964262,0.0103147427117076,-0.00275835801596626));
#14343=CARTESIAN_POINT('',(-0.00923052823964262,0.0102082893147021,-0.0026519046189608));
#14344=CARTESIAN_POINT('',(-0.00921994644458993,0.0101324144435562,-0.00258585097584495));
#14345=CARTESIAN_POINT('',(-0.00919390443805421,0.010034396051878,-0.00251200282024423));
#14346=CARTESIAN_POINT('',(-0.00918805554633521,0.0100146344318137,-0.00249766970252853));
#14347=CARTESIAN_POINT('',(-0.00916215836972466,0.00993511348748261,-0.00244218457400753));
#14348=CARTESIAN_POINT('',(-0.00913710686536399,0.00987440523506745,-0.00240472724788577));
#14349=CARTESIAN_POINT('',(-0.00910683411451244,0.00981369123265715,-0.00237211014091993));
#14350=CARTESIAN_POINT('',(-0.00910683411451244,0.00981369123265715,-0.00237211014091993));
#14351=CARTESIAN_POINT('',(-0.00956753220504677,0.00930213179633687,-0.0025));
#14352=CARTESIAN_POINT('',(-0.00951169372768118,0.00930213179633687,-0.0025));
#14353=CARTESIAN_POINT('',(-0.00943968702113441,0.00930213179633687,-0.0025));
#14354=CARTESIAN_POINT('',(-0.00939651837254215,0.00930213179633688,-0.0025));
#14355=CARTESIAN_POINT('',(-0.00939305764698964,0.00930231535266283,-0.00249995411091851));
#14356=CARTESIAN_POINT('',(-0.00938388185576468,0.00930326825487749,-0.00249971588536484));
#14357=CARTESIAN_POINT('',(-0.00937823430512187,0.00930421171418332,-0.00249948002053838));
#14358=CARTESIAN_POINT('',(-0.00931078746496215,0.00931975592192842,-0.00249559396860211));
#14359=CARTESIAN_POINT('',(-0.00926168221157807,0.00937570450416862,-0.00248160682304206));
#14360=CARTESIAN_POINT('',(-0.00919756777198577,0.00950393835733037,-0.00244954835975162));
#14361=CARTESIAN_POINT('',(-0.00917696531781355,0.00955894592003824,-0.00243579646907466));
#14362=CARTESIAN_POINT('',(-0.00913950803469047,0.00967973407856311,-0.00240559942944344));
#14363=CARTESIAN_POINT('',(-0.00912265320573962,0.0097455146743801,-0.00238915428048919));
#14364=CARTESIAN_POINT('',(-0.00910683411451244,0.00981369123265715,-0.00237211014091993));
#14365=CARTESIAN_POINT('',(-0.00940001677295003,0.00930213179633687,-0.0025));
#14366=CARTESIAN_POINT('',(-0.00956753220504677,0.00930213179633687,-0.0025));
#14367=CARTESIAN_POINT('',(-0.00951169372768118,0.00930213179633687,-0.0025));
#14368=CARTESIAN_POINT('',(-0.00943968702113441,0.00930213179633687,-0.0025));
#14369=CARTESIAN_POINT('',(-0.00939651837254215,0.00930213179633688,-0.0025));
#14370=CARTESIAN_POINT('',(-0.00939305764698964,0.00930231535266283,-0.00249995411091851));
#14371=CARTESIAN_POINT('',(-0.00938388185576468,0.00930326825487749,-0.00249971588536484));
#14372=CARTESIAN_POINT('',(-0.00937823430512187,0.00930421171418332,-0.00249948002053838));
#14373=CARTESIAN_POINT('',(-0.00931078746496215,0.00931975592192842,-0.00249559396860211));
#14374=CARTESIAN_POINT('',(-0.00926168221157807,0.00937570450416862,-0.00248160682304206));
#14375=CARTESIAN_POINT('',(-0.00919756777198577,0.00950393835733037,-0.00244954835975162));
#14376=CARTESIAN_POINT('',(-0.00917696531781355,0.00955894592003824,-0.00243579646907466));
#14377=CARTESIAN_POINT('',(-0.00913950803469047,0.00967973407856311,-0.00240559942944344));
#14378=CARTESIAN_POINT('',(-0.00912265320573962,0.0097455146743801,-0.00238915428048919));
#14379=CARTESIAN_POINT('',(-0.00910683411451244,0.00981369123265715,-0.00237211014091993));
#14380=CARTESIAN_POINT('',(-0.01050001677295,0.00290213179633687,-0.0037));
#14381=CARTESIAN_POINT('',(-0.0095675322050488,0.00290213179633687,-0.0025));
#14382=CARTESIAN_POINT('',(-0.0095675322050488,0.00274502384262734,-0.0025));
#14383=CARTESIAN_POINT('',(-0.0095675322050488,0.00258803433510573,-0.00253123278799802));
#14384=CARTESIAN_POINT('',(-0.0095675322050488,0.00240663101309702,-0.00260637250423357));
#14385=CARTESIAN_POINT('',(-0.0095675322050488,0.00237110093432541,-0.00262320242761561));
#14386=CARTESIAN_POINT('',(-0.0095675322050488,0.00230185544316712,-0.00266025676390416));
#14387=CARTESIAN_POINT('',(-0.0095675322050488,0.00226814003078042,-0.00268048117681066));
#14388=CARTESIAN_POINT('',(-0.0095675322050488,0.00217018603588469,-0.00274593194369885));
#14389=CARTESIAN_POINT('',(-0.0095675322050488,0.00210913969564,-0.00279593582584916));
#14390=CARTESIAN_POINT('',(-0.0095675322050488,0.00194253158545906,-0.0029625439360301));
#14391=CARTESIAN_POINT('',(-0.0095675322050488,0.00185358813031176,-0.00309565722355492));
#14392=CARTESIAN_POINT('',(-0.0095675322050488,0.00177844841407622,-0.00327706054556364));
#14393=CARTESIAN_POINT('',(-0.0095675322050488,0.00176522540739101,-0.00331408288808504));
#14394=CARTESIAN_POINT('',(-0.0095675322050488,0.00171970023958576,-0.00346440469541641));
#14395=CARTESIAN_POINT('',(-0.0095675322050488,0.00170213179633688,-0.00358216903471784));
#14396=CARTESIAN_POINT('',(-0.0095675322050488,0.00170213179633688,-0.0037));
#14397=CARTESIAN_POINT('',(-0.0095675322050488,0.00170213179633688,-0.0037));
#14398=CARTESIAN_POINT('',(-0.0095675322050488,0.00290213179633687,-0.0025));
#14399=CARTESIAN_POINT('',(-0.00940001677295003,0.00170213179633688,-0.0037));
#14400=CARTESIAN_POINT('',(-0.01200001677295,0.00170213179633687,-0.0037));
#14401=CARTESIAN_POINT('',(-0.01200001677295,0.00290213179633687,-0.0037));
#14402=CARTESIAN_POINT('',(-0.01200001677295,0.00290213179633687,-0.0025));
#14403=CARTESIAN_POINT('',(-0.01200001677295,0.00290213179633687,-0.0025));
#14404=CARTESIAN_POINT('',(-0.00956753220504677,0.00170213179633688,-0.0038));
#14405=CARTESIAN_POINT('',(-0.00951169372768121,0.00170213179633688,-0.0038));
#14406=CARTESIAN_POINT('',(-0.0094396870211344,0.00170213179633688,-0.0038));
#14407=CARTESIAN_POINT('',(-0.00939651838748651,0.00170213179633688,-0.0038));
#14408=CARTESIAN_POINT('',(-0.00939305767655629,0.00170208590764738,-0.00380018355475797));
#14409=CARTESIAN_POINT('',(-0.00938388188445247,0.001701847683078,-0.00380113645303549));
#14410=CARTESIAN_POINT('',(-0.00937823431918101,0.00170161181802204,-0.00380207991325934));
#14411=CARTESIAN_POINT('',(-0.00931078746467231,0.00169772576696099,-0.00381762411750352));
#14412=CARTESIAN_POINT('',(-0.00926168221056008,0.00168373862062148,-0.00387357270286159));
#14413=CARTESIAN_POINT('',(-0.00919756777038433,0.00165168015590408,-0.00400180656173117));
#14414=CARTESIAN_POINT('',(-0.00917696531611647,0.00163792826466623,-0.00405681412668258));
#14415=CARTESIAN_POINT('',(-0.00913950803335115,0.00160773122464996,-0.00417760228674766));
#14416=CARTESIAN_POINT('',(-0.0091226532048537,0.00159128607587154,-0.00424338288186133));
#14417=CARTESIAN_POINT('',(-0.00910683411451245,0.00157424193725681,-0.00431155943632025));
#14418=CARTESIAN_POINT('',(-0.00956753220504677,0.00170213179633688,-0.00395710795370954));
#14419=CARTESIAN_POINT('',(-0.00951573707290984,0.00170213179633688,-0.00395710795370954));
#14420=CARTESIAN_POINT('',(-0.0094441743783404,0.00170213179633688,-0.00394865573043832));
#14421=CARTESIAN_POINT('',(-0.00940528867556627,0.00170213179633688,-0.00394056011769886));
#14422=CARTESIAN_POINT('',(-0.00940210585954521,0.00170213396876758,-0.00394031896825441));
#14423=CARTESIAN_POINT('',(-0.00939360813390365,0.00170209466963427,-0.00394039227330225));
#14424=CARTESIAN_POINT('',(-0.00938831509264813,0.00170205739498694,-0.00394105733784484));
#14425=CARTESIAN_POINT('',(-0.00932687584801334,0.00170021798542729,-0.00394875102800377));
#14426=CARTESIAN_POINT('',(-0.00928645591940048,0.00169120462960384,-0.00399434191393374));
#14427=CARTESIAN_POINT('',(-0.00923160895137055,0.00167092432294542,-0.00410712809834327));
#14428=CARTESIAN_POINT('',(-0.00921288740153637,0.00166037791168277,-0.00415842428389378));
#14429=CARTESIAN_POINT('',(-0.009179378740685,0.00164111976847646,-0.00426779653412264));
#14430=CARTESIAN_POINT('',(-0.00916900216376158,0.00163637254836648,-0.00434087912992793));
#14431=CARTESIAN_POINT('',(-0.00914719778231451,0.00161773141321127,-0.00439251143953398));
#14432=CARTESIAN_POINT('',(-0.00956753220504677,0.0017333645843349,-0.00411409746123113));
#14433=CARTESIAN_POINT('',(-0.00953458992141948,0.0017333645843349,-0.00411409746123113));
#14434=CARTESIAN_POINT('',(-0.0094959690660282,0.00173707577107279,-0.00412854891866928));
#14435=CARTESIAN_POINT('',(-0.00946092450682151,0.00173967176675231,-0.00415000780331857));
#14436=CARTESIAN_POINT('',(-0.00945813515149094,0.00173987300509688,-0.00415177454029475));
#14437=CARTESIAN_POINT('',(-0.00945081520255845,0.00174038361744552,-0.0041565521477451));
#14438=CARTESIAN_POINT('',(-0.00944626855166849,0.0017406790771804,-0.00415964722219548));
#14439=CARTESIAN_POINT('',(-0.00939147768700542,0.0017439346200799,-0.00419843380593312));
#14440=CARTESIAN_POINT('',(-0.00934645405101069,0.00174345560732698,-0.00424569929303198));
#14441=CARTESIAN_POINT('',(-0.00928194247352867,0.00173045621117789,-0.00432569927826108));
#14442=CARTESIAN_POINT('',(-0.00925978031039437,0.00172318439713446,-0.0043559799270944));
#14443=CARTESIAN_POINT('',(-0.00921756702627311,0.00170193672438801,-0.00441592633556608));
#14444=CARTESIAN_POINT('',(-0.00919751590528614,0.00168796086568499,-0.00444559209520443));
#14445=CARTESIAN_POINT('',(-0.00917827923413279,0.00166982572322068,-0.00447345322053414));
#14446=CARTESIAN_POINT('',(-0.00956753220504677,0.00180850430057044,-0.00429550078323985));
#14447=CARTESIAN_POINT('',(-0.00953792279726344,0.00180850430057044,-0.00429550078323985));
#14448=CARTESIAN_POINT('',(-0.00950191803261526,0.00181237783281206,-0.00430877616400219));
#14449=CARTESIAN_POINT('',(-0.00946921288227001,0.00181520350458899,-0.00432764894899492));
#14450=CARTESIAN_POINT('',(-0.0094666094864932,0.00181542373475262,-0.00432919677276885));
#14451=CARTESIAN_POINT('',(-0.00945977886342918,0.00181598607409261,-0.00433336236342604));
#14452=CARTESIAN_POINT('',(-0.00945552927026771,0.0018163148186129,-0.00433604725392993));
#14453=CARTESIAN_POINT('',(-0.00940424292978453,0.00181998107275759,-0.00436952195718278));
#14454=CARTESIAN_POINT('',(-0.00936132069762104,0.00181993886419066,-0.00440860803863409));
#14455=CARTESIAN_POINT('',(-0.0093001440264684,0.00180691037502632,-0.00447038870426669));
#14456=CARTESIAN_POINT('',(-0.00927920135141415,0.00179947930646446,-0.00449292913966449));
#14457=CARTESIAN_POINT('',(-0.00923986449546927,0.00177742352195723,-0.00453512387790029));
#14458=CARTESIAN_POINT('',(-0.00922147031457863,0.00176279880601184,-0.0045547781807383));
#14459=CARTESIAN_POINT('',(-0.00920432124066852,0.0017436738788214,-0.00457147161221239));
#14460=CARTESIAN_POINT('',(-0.00956753220504677,0.00182533422395248,-0.00433103086201146));
#14461=CARTESIAN_POINT('',(-0.00953831364196908,0.00182533422395248,-0.00433103086201146));
#14462=CARTESIAN_POINT('',(-0.00950303887514756,0.0018289983274606,-0.00434348023493051));
#14463=CARTESIAN_POINT('',(-0.00947076935052497,0.00183162982472978,-0.00436120049157674));
#14464=CARTESIAN_POINT('',(-0.0094681987204668,0.00183183452973556,-0.00436265388771328));
#14465=CARTESIAN_POINT('',(-0.00946144706067239,0.00183235585771887,-0.00436656577522314));
#14466=CARTESIAN_POINT('',(-0.00945724571407534,0.00183265891903235,-0.00436908775384146));
#14467=CARTESIAN_POINT('',(-0.00940653210220784,0.00183601368647824,-0.00440053822805747));
#14468=CARTESIAN_POINT('',(-0.00936399071240866,0.00183569500936502,-0.00443732998467082));
#14469=CARTESIAN_POINT('',(-0.00930341169555479,0.00182234192000871,-0.00449554233235586));
#14470=CARTESIAN_POINT('',(-0.00928268618055232,0.00181481564106657,-0.0045167928962205));
#14471=CARTESIAN_POINT('',(-0.00924383715097142,0.00179263766305052,-0.00455659498299113));
#14472=CARTESIAN_POINT('',(-0.00922571363639299,0.00177798596397662,-0.00457514650589712));
#14473=CARTESIAN_POINT('',(-0.00920888890383967,0.00175887945485625,-0.00459091655041075));
#14474=CARTESIAN_POINT('',(-0.00956753220504677,0.00186238856024102,-0.00440027635316976));
#14475=CARTESIAN_POINT('',(-0.00953890755190272,0.00186238856024102,-0.00440027635316976));
#14476=CARTESIAN_POINT('',(-0.00950526118151067,0.00186534622949712,-0.00441082481752304));
#14477=CARTESIAN_POINT('',(-0.00947371861686233,0.00186726888897998,-0.00442612372387925));
#14478=CARTESIAN_POINT('',(-0.00947119951049135,0.00186741648703132,-0.00442738073099845));
#14479=CARTESIAN_POINT('',(-0.00946455995268509,0.00186778582743274,-0.00443077193629472));
#14480=CARTESIAN_POINT('',(-0.00946042575330784,0.00186799292875604,-0.00443296378775021));
#14481=CARTESIAN_POINT('',(-0.00941049491192901,0.00187017561591977,-0.00446035838525269));
#14482=CARTESIAN_POINT('',(-0.00936832363512858,0.0018687315947246,-0.00449301500469911));
#14483=CARTESIAN_POINT('',(-0.00930854208388166,0.00185410386063102,-0.00454481075179638));
#14484=CARTESIAN_POINT('',(-0.00928815141028764,0.00184621667255965,-0.00456374493562457));
#14485=CARTESIAN_POINT('',(-0.00925024301267085,0.00182365784510275,-0.00459912147871771));
#14486=CARTESIAN_POINT('',(-0.00923272528864807,0.00180898620571723,-0.00461556383798266));
#14487=CARTESIAN_POINT('',(-0.00921673244188258,0.00179009812705492,-0.00462941500598249));
#14488=CARTESIAN_POINT('',(-0.00956753220504677,0.00188261297314754,-0.00443399176555645));
#14489=CARTESIAN_POINT('',(-0.00953911061713072,0.00188261297314754,-0.00443399176555645));
#14490=CARTESIAN_POINT('',(-0.00950638025343049,0.00188506528842725,-0.0044433711339354));
#14491=CARTESIAN_POINT('',(-0.00947515532689038,0.00188646081328173,-0.00445726050470302));
#14492=CARTESIAN_POINT('',(-0.00947265716120036,0.00188656579465512,-0.00445840387392555));
#14493=CARTESIAN_POINT('',(-0.00946605671087584,0.00188682132888382,-0.00446149616999259));
#14494=CARTESIAN_POINT('',(-0.00946194527760153,0.00188695632071347,-0.00446350012778808));
#14495=CARTESIAN_POINT('',(-0.00941227255341149,0.00188825562052292,-0.00448860589658392));
#14496=CARTESIAN_POINT('',(-0.0093701454984229,0.00188593666999447,-0.00451912773994556));
#14497=CARTESIAN_POINT('',(-0.00931058844119451,0.00187034718863381,-0.00456794316315103));
#14498=CARTESIAN_POINT('',(-0.0092903116101215,0.00186219612190639,-0.0045858713744973));
#14499=CARTESIAN_POINT('',(-0.0092528040258683,0.00183940328940344,-0.00461949316014882));
#14500=CARTESIAN_POINT('',(-0.00923557327268811,0.00182476152362791,-0.00463518673445407));
#14501=CARTESIAN_POINT('',(-0.00922000831675435,0.00180611122321873,-0.00464846852335587));
#14502=CARTESIAN_POINT('',(-0.00956753220504677,0.00194806374003572,-0.00453194576045219));
#14503=CARTESIAN_POINT('',(-0.00953998366577123,0.00194806374003572,-0.00453194576045219));
#14504=CARTESIAN_POINT('',(-0.00951009748250944,0.00194876277503967,-0.0045377131967727));
#14505=CARTESIAN_POINT('',(-0.00947980501030875,0.00194818610268043,-0.00454724244148831));
#14506=CARTESIAN_POINT('',(-0.00947736711453674,0.00194813061609265,-0.00454803411258335));
#14507=CARTESIAN_POINT('',(-0.00947087484387493,0.00194795494809222,-0.00455020059061634));
#14508=CARTESIAN_POINT('',(-0.0094668235514968,0.0019478148586795,-0.00455162244195247));
#14509=CARTESIAN_POINT('',(-0.00941779855109571,0.00194572403736497,-0.00456963885516915));
#14510=CARTESIAN_POINT('',(-0.00937540717568751,0.0019398419204477,-0.00459356467385932));
#14511=CARTESIAN_POINT('',(-0.00931583424496846,0.0019203067763311,-0.00463378809837698));
#14512=CARTESIAN_POINT('',(-0.0092956346520378,0.00191106452807418,-0.00464896040016171));
#14513=CARTESIAN_POINT('',(-0.00925886291655935,0.00188733781726516,-0.0046782617607493));
#14514=CARTESIAN_POINT('',(-0.00924229077401156,0.00187285335471305,-0.00469239081955216));
#14515=CARTESIAN_POINT('',(-0.00922788279087946,0.00185526523735297,-0.00470493103341301));
#14516=CARTESIAN_POINT('',(-0.00956753220504677,0.00199806762218604,-0.00459299210069688));
#14517=CARTESIAN_POINT('',(-0.00954036942891912,0.00199806762218604,-0.00459299210069688));
#14518=CARTESIAN_POINT('',(-0.00951218867821804,0.001997281512544,-0.00459621205679791));
#14519=CARTESIAN_POINT('',(-0.00948231471199597,0.00199486898427085,-0.00460265919176377));
#14520=CARTESIAN_POINT('',(-0.00947990056575342,0.0019946630284725,-0.00460320201819052));
#14521=CARTESIAN_POINT('',(-0.00947343644321665,0.00199408018070469,-0.00460471249707235));
#14522=CARTESIAN_POINT('',(-0.00946939775866197,0.00199367836678184,-0.0046057217101298));
#14523=CARTESIAN_POINT('',(-0.00942047121465213,0.00198834085263647,-0.00461871472701471));
#14524=CARTESIAN_POINT('',(-0.00937760766995871,0.00197883212027466,-0.00463798760070097));
#14525=CARTESIAN_POINT('',(-0.00931756366317639,0.00195525263971453,-0.00467294832341024));
#14526=CARTESIAN_POINT('',(-0.00929724906164965,0.00194488354302281,-0.00468663269599961));
#14527=CARTESIAN_POINT('',(-0.0092606341503106,0.00192022509578583,-0.00471431223622583));
#14528=CARTESIAN_POINT('',(-0.00924433384049828,0.00190593574524057,-0.00472830740386268));
#14529=CARTESIAN_POINT('',(-0.00923052823964264,0.00188952088096617,-0.00474164198403373));
#14530=CARTESIAN_POINT('',(-0.00956753220504677,0.00216467573236698,-0.00475960021087782));
#14531=CARTESIAN_POINT('',(-0.00954036942891912,0.00216467573236698,-0.00475960021087782));
#14532=CARTESIAN_POINT('',(-0.00951218867821797,0.00216023885303647,-0.00475916939729036));
#14533=CARTESIAN_POINT('',(-0.0094823147119959,0.00215177441472425,-0.00475956462221713));
#14534=CARTESIAN_POINT('',(-0.00947990056575334,0.00215106315298331,-0.00475960214270128));
#14535=CARTESIAN_POINT('',(-0.00947343644321657,0.00214908885854447,-0.00475972117491207));
#14536=CARTESIAN_POINT('',(-0.00946939775866188,0.00214777594591973,-0.00475981928926763));
#14537=CARTESIAN_POINT('',(-0.00942047121465197,0.00213095517766507,-0.0047613290520432));
#14538=CARTESIAN_POINT('',(-0.00937760766995847,0.00210680023331661,-0.00476595571374278));
#14539=CARTESIAN_POINT('',(-0.00931756366317611,0.00206614888953278,-0.00478384457322831));
#14540=CARTESIAN_POINT('',(-0.00929724906164938,0.00205080687899458,-0.00479255603197121));
#14541=CARTESIAN_POINT('',(-0.0092606341503104,0.00202161679227371,-0.00481570393271359));
#14542=CARTESIAN_POINT('',(-0.00924433384049815,0.00200776871609104,-0.00483014037471308));
#14543=CARTESIAN_POINT('',(-0.00923052823964264,0.00199597427797164,-0.00484809538103919));
#14544=CARTESIAN_POINT('',(-0.00956753220504677,0.00229778901989179,-0.00484854366602511));
#14545=CARTESIAN_POINT('',(-0.00953882637632754,0.00229778901989179,-0.00484854366602511));
#14546=CARTESIAN_POINT('',(-0.00950382389538372,0.00228559606614231,-0.00484460612031266));
#14547=CARTESIAN_POINT('',(-0.00947227590524705,0.00226883779552382,-0.00484169252827654));
#14548=CARTESIAN_POINT('',(-0.00946976676088672,0.0022674680257381,-0.0048414650425468));
#14549=CARTESIAN_POINT('',(-0.00946319004584978,0.00226379736580866,-0.00484088298680211));
#14550=CARTESIAN_POINT('',(-0.00945910093000129,0.00226144129920374,-0.00484054160225172));
#14551=CARTESIAN_POINT('',(-0.00940978056042641,0.00223218244836152,-0.00483672009644351));
#14552=CARTESIAN_POINT('',(-0.00936880569287389,0.00219917986532188,-0.00483660443768926));
#14553=CARTESIAN_POINT('',(-0.00931064599034463,0.00214885895645361,-0.00484969719354985));
#14554=CARTESIAN_POINT('',(-0.00929079142320221,0.00213088050503162,-0.00485721653445117));
#14555=CARTESIAN_POINT('',(-0.00925354921530559,0.00209822422985455,-0.004879658582471));
#14556=CARTESIAN_POINT('',(-0.0092361615745514,0.00208354640609946,-0.00489458128958951));
#14557=CARTESIAN_POINT('',(-0.00921994644458995,0.00207184914911753,-0.00491414902415504));
#14558=CARTESIAN_POINT('',(-0.00956753220504677,0.00247919234190051,-0.00492368338226065));
#14559=CARTESIAN_POINT('',(-0.00953686368353642,0.00247919234190051,-0.00492368338226065));
#14560=CARTESIAN_POINT('',(-0.00949995432527638,0.00246535233521602,-0.00491986643976265));
#14561=CARTESIAN_POINT('',(-0.00946637503266363,0.00244530439671558,-0.00491712016707489));
#14562=CARTESIAN_POINT('',(-0.00946370158414426,0.00244365733114403,-0.00491690649875755));
#14563=CARTESIAN_POINT('',(-0.00945668515260635,0.00243921500360661,-0.00491636202026658));
#14564=CARTESIAN_POINT('',(-0.00945232117568451,0.00243634536114135,-0.00491604475695016));
#14565=CARTESIAN_POINT('',(-0.00939966721142928,0.00240048872466465,-0.00491251999353265));
#14566=CARTESIAN_POINT('',(-0.00935573278715523,0.00235783691719854,-0.00491271086997637));
#14567=CARTESIAN_POINT('',(-0.0092929681472644,0.00228863648247573,-0.00492571601921284));
#14568=CARTESIAN_POINT('',(-0.0092714485732122,0.0022630204977251,-0.00493308520606023));
#14569=CARTESIAN_POINT('',(-0.00923086894821115,0.00221400322616565,-0.00495484239674911));
#14570=CARTESIAN_POINT('',(-0.00921180889726232,0.00219060193935683,-0.00496923040059062));
#14571=CARTESIAN_POINT('',(-0.00919390443805423,0.00216986754079578,-0.00498799717975576));
#14572=CARTESIAN_POINT('',(-0.00956753220504677,0.00251621468442192,-0.00493690638894586));
#14573=CARTESIAN_POINT('',(-0.00953527101347556,0.00251621468442192,-0.00493690638894586));
#14574=CARTESIAN_POINT('',(-0.00949605916408939,0.00250372394153222,-0.00493335409590239));
#14575=CARTESIAN_POINT('',(-0.00946195915509788,0.00248527595781516,-0.004930816995709));
#14576=CARTESIAN_POINT('',(-0.0094592386609604,0.00248373322468128,-0.00493061965266548));
#14577=CARTESIAN_POINT('',(-0.00945208913357946,0.00247952504368801,-0.00493012013263835));
#14578=CARTESIAN_POINT('',(-0.00944764196643734,0.00247676642763278,-0.00492983049064892));
#14579=CARTESIAN_POINT('',(-0.00939413600573059,0.00244231349596193,-0.00492670856221777));
#14580=CARTESIAN_POINT('',(-0.0093501707140703,0.0023988334039775,-0.00492752440952889));
#14581=CARTESIAN_POINT('',(-0.00928741989728316,0.00232498297511804,-0.00494099195444167));
#14582=CARTESIAN_POINT('',(-0.0092658821282137,0.00229687195128588,-0.00494854009534459));
#14583=CARTESIAN_POINT('',(-0.00922529099069295,0.00224182467931055,-0.00497002707278715));
#14584=CARTESIAN_POINT('',(-0.00920651328062251,0.00221395052297196,-0.00498371812733718));
#14585=CARTESIAN_POINT('',(-0.00918805554633522,0.00218962916086003,-0.00500233029747146));
#14586=CARTESIAN_POINT('',(-0.00956753220504677,0.00266653649175328,-0.00498243155675111));
#14587=CARTESIAN_POINT('',(-0.00952639694974731,0.00266653649175328,-0.00498243155675111));
#14588=CARTESIAN_POINT('',(-0.00947400377695568,0.00266157713067103,-0.00498034401421104));
#14589=CARTESIAN_POINT('',(-0.00943720886580936,0.00265254236283307,-0.00497888376664129));
#14590=CARTESIAN_POINT('',(-0.00943424465902545,0.00265162753215326,-0.00497877262345406));
#14591=CARTESIAN_POINT('',(-0.00942640280756144,0.00264885308242716,-0.00497851503021852));
#14592=CARTESIAN_POINT('',(-0.00942152613888736,0.00264680373758135,-0.00497837755367639));
#14593=CARTESIAN_POINT('',(-0.00936363622010494,0.00262112963765402,-0.00497747896757158));
#14594=CARTESIAN_POINT('',(-0.00931982134459459,0.00257394943235225,-0.0049820026173251));
#14595=CARTESIAN_POINT('',(-0.00925844283887259,0.00247864000532795,-0.00499892354670069));
#14596=CARTESIAN_POINT('',(-0.00923745926667633,0.0024389330979683,-0.00500782833952598));
#14597=CARTESIAN_POINT('',(-0.00919848303881618,0.00235664938936314,-0.00502888927414927));
#14598=CARTESIAN_POINT('',(-0.0091821443334375,0.00230844513894507,-0.00503955872400964));
#14599=CARTESIAN_POINT('',(-0.00916215836972467,0.00226915010519116,-0.00505781542599246));
#14600=CARTESIAN_POINT('',(-0.00956753220504677,0.00278430083105472,-0.005));
#14601=CARTESIAN_POINT('',(-0.0095141087891103,0.00278430083105472,-0.005));
#14602=CARTESIAN_POINT('',(-0.00944305253903888,0.00279063999850815,-0.005));
#14603=CARTESIAN_POINT('',(-0.00940309610354633,0.00279671170806272,-0.005));
#14604=CARTESIAN_POINT('',(-0.00939984381379798,0.00279684668145657,-0.00500000984284935));
#14605=CARTESIAN_POINT('',(-0.00939117657154085,0.00279655347810132,-0.00500009887334168));
#14606=CARTESIAN_POINT('',(-0.00938579489928135,0.00279581881463841,-0.00500018579559116));
#14607=CARTESIAN_POINT('',(-0.00932285375217808,0.00278616249595816,-0.00500253686552615));
#14608=CARTESIAN_POINT('',(-0.00928026249219038,0.00273798218517117,-0.00501279366897863));
#14609=CARTESIAN_POINT('',(-0.009223098656124,0.00262133408214663,-0.00503601851515179));
#14610=CARTESIAN_POINT('',(-0.00920390688018139,0.00256911005174589,-0.00504736629640823));
#14611=CARTESIAN_POINT('',(-0.00916941106385154,0.00245688382405798,-0.00506935916381705));
#14612=CARTESIAN_POINT('',(-0.00915741492403472,0.00238562672842569,-0.00507703086609415));
#14613=CARTESIAN_POINT('',(-0.009137106865364,0.00232985835760632,-0.00509527275211422));
#14614=CARTESIAN_POINT('',(-0.00956753220504677,0.00290213179633687,-0.005));
#14615=CARTESIAN_POINT('',(-0.00951169372768119,0.00290213179633687,-0.005));
#14616=CARTESIAN_POINT('',(-0.0094396870211344,0.00290213179633687,-0.005));
#14617=CARTESIAN_POINT('',(-0.00939651838748651,0.00290213179633687,-0.005));
#14618=CARTESIAN_POINT('',(-0.00939305767655629,0.0029019482415789,-0.0050000458886895));
#14619=CARTESIAN_POINT('',(-0.00938388188445247,0.00290099534330139,-0.00500028411325887));
#14620=CARTESIAN_POINT('',(-0.00937823431918101,0.00290005188307753,-0.00500051997831483));
#14621=CARTESIAN_POINT('',(-0.00931078746467231,0.00288450767883336,-0.00500440602937588));
#14622=CARTESIAN_POINT('',(-0.00926168221056008,0.00282855909347528,-0.0050183931757154));
#14623=CARTESIAN_POINT('',(-0.00919756777038433,0.0027003252346057,-0.0050504516404328));
#14624=CARTESIAN_POINT('',(-0.00917696531611647,0.0026453176696543,-0.00506420353167065));
#14625=CARTESIAN_POINT('',(-0.00913950803335115,0.00252452950958921,-0.00509440057168691));
#14626=CARTESIAN_POINT('',(-0.0091226532048537,0.00245874891447555,-0.00511084572046533));
#14627=CARTESIAN_POINT('',(-0.00910683411451245,0.00239057236001663,-0.00512788985908006));
#14628=CARTESIAN_POINT('',(-0.00956753220504677,0.00170213179633688,-0.0038));
#14629=CARTESIAN_POINT('',(-0.00956753220504677,0.00170213179633688,-0.00395710795370954));
#14630=CARTESIAN_POINT('',(-0.00956753220504677,0.0017333645843349,-0.00411409746123113));
#14631=CARTESIAN_POINT('',(-0.00956753220504677,0.00180850430057044,-0.00429550078323985));
#14632=CARTESIAN_POINT('',(-0.00956753220504677,0.00182533422395248,-0.00433103086201146));
#14633=CARTESIAN_POINT('',(-0.00956753220504677,0.00186238856024102,-0.00440027635316976));
#14634=CARTESIAN_POINT('',(-0.00956753220504677,0.00188261297314754,-0.00443399176555645));
#14635=CARTESIAN_POINT('',(-0.00956753220504677,0.00194806374003572,-0.00453194576045219));
#14636=CARTESIAN_POINT('',(-0.00956753220504677,0.00199806762218604,-0.00459299210069688));
#14637=CARTESIAN_POINT('',(-0.00956753220504677,0.00216467573236698,-0.00475960021087782));
#14638=CARTESIAN_POINT('',(-0.00956753220504677,0.00229778901989179,-0.00484854366602511));
#14639=CARTESIAN_POINT('',(-0.00956753220504677,0.00247919234190051,-0.00492368338226065));
#14640=CARTESIAN_POINT('',(-0.00956753220504677,0.00251621468442192,-0.00493690638894586));
#14641=CARTESIAN_POINT('',(-0.00956753220504677,0.00266653649175328,-0.00498243155675111));
#14642=CARTESIAN_POINT('',(-0.00956753220504677,0.00278430083105472,-0.005));
#14643=CARTESIAN_POINT('',(-0.00956753220504677,0.00290213179633687,-0.005));
#14644=CARTESIAN_POINT('',(-0.00956753220504677,0.00170213179633688,-0.0038));
#14645=CARTESIAN_POINT('',(-0.00956753220504677,0.00290213179633687,-0.005));
#14646=CARTESIAN_POINT('',(-0.00956753220504677,0.00170213179633688,-0.0038));
#14647=CARTESIAN_POINT('',(-0.00951169372768121,0.00170213179633688,-0.0038));
#14648=CARTESIAN_POINT('',(-0.0094396870211344,0.00170213179633688,-0.0038));
#14649=CARTESIAN_POINT('',(-0.00939651838748651,0.00170213179633688,-0.0038));
#14650=CARTESIAN_POINT('',(-0.00939305767655629,0.00170208590764738,-0.00380018355475797));
#14651=CARTESIAN_POINT('',(-0.00938388188445247,0.001701847683078,-0.00380113645303549));
#14652=CARTESIAN_POINT('',(-0.00937823431918101,0.00170161181802204,-0.00380207991325934));
#14653=CARTESIAN_POINT('',(-0.00931078746467231,0.00169772576696099,-0.00381762411750352));
#14654=CARTESIAN_POINT('',(-0.00926168221056008,0.00168373862062148,-0.00387357270286159));
#14655=CARTESIAN_POINT('',(-0.00919756777038433,0.00165168015590408,-0.00400180656173117));
#14656=CARTESIAN_POINT('',(-0.00917696531611647,0.00163792826466623,-0.00405681412668258));
#14657=CARTESIAN_POINT('',(-0.00913950803335115,0.00160773122464996,-0.00417760228674766));
#14658=CARTESIAN_POINT('',(-0.0091226532048537,0.00159128607587154,-0.00424338288186133));
#14659=CARTESIAN_POINT('',(-0.00910683411451245,0.00157424193725681,-0.00431155943632025));
#14660=CARTESIAN_POINT('',(-0.00940001677295003,0.00170213179633688,-0.0038));
#14661=CARTESIAN_POINT('',(-0.00956753220504677,0.00170213179633688,-0.0038));
#14662=CARTESIAN_POINT('',(-0.00951169372768121,0.00170213179633688,-0.0038));
#14663=CARTESIAN_POINT('',(-0.0094396870211344,0.00170213179633688,-0.0038));
#14664=CARTESIAN_POINT('',(-0.00939651838748651,0.00170213179633688,-0.0038));
#14665=CARTESIAN_POINT('',(-0.00939305767655629,0.00170208590764738,-0.00380018355475797));
#14666=CARTESIAN_POINT('',(-0.00938388188445247,0.001701847683078,-0.00380113645303549));
#14667=CARTESIAN_POINT('',(-0.00937823431918101,0.00170161181802204,-0.00380207991325934));
#14668=CARTESIAN_POINT('',(-0.00931078746467231,0.00169772576696099,-0.00381762411750352));
#14669=CARTESIAN_POINT('',(-0.00926168221056008,0.00168373862062148,-0.00387357270286159));
#14670=CARTESIAN_POINT('',(-0.00919756777038433,0.00165168015590408,-0.00400180656173117));
#14671=CARTESIAN_POINT('',(-0.00917696531611647,0.00163792826466623,-0.00405681412668258));
#14672=CARTESIAN_POINT('',(-0.00913950803335115,0.00160773122464996,-0.00417760228674766));
#14673=CARTESIAN_POINT('',(-0.0091226532048537,0.00159128607587154,-0.00424338288186133));
#14674=CARTESIAN_POINT('',(-0.00910683411451245,0.00157424193725681,-0.00431155943632025));
#14675=CARTESIAN_POINT('',(-0.00910683411451245,0.00157424193725681,-0.00431155943632025));
#14676=CARTESIAN_POINT('',(-0.00910683411451245,0.00157424193725681,-0.00431155943632025));
#14677=CARTESIAN_POINT('',(-0.00914719778231451,0.00161773141321127,-0.00439251143953398));
#14678=CARTESIAN_POINT('',(-0.00917827923413279,0.00166982572322068,-0.00447345322053414));
#14679=CARTESIAN_POINT('',(-0.00920432124066852,0.0017436738788214,-0.00457147161221239));
#14680=CARTESIAN_POINT('',(-0.00920888890383967,0.00175887945485625,-0.00459091655041075));
#14681=CARTESIAN_POINT('',(-0.00921673244188258,0.00179009812705492,-0.00462941500598249));
#14682=CARTESIAN_POINT('',(-0.00922000831675435,0.00180611122321873,-0.00464846852335587));
#14683=CARTESIAN_POINT('',(-0.00922788279087946,0.00185526523735297,-0.00470493103341301));
#14684=CARTESIAN_POINT('',(-0.00923052823964264,0.00188952088096617,-0.00474164198403373));
#14685=CARTESIAN_POINT('',(-0.00923052823964264,0.00199597427797164,-0.00484809538103919));
#14686=CARTESIAN_POINT('',(-0.00921994644458995,0.00207184914911753,-0.00491414902415504));
#14687=CARTESIAN_POINT('',(-0.00919390443805423,0.00216986754079578,-0.00498799717975576));
#14688=CARTESIAN_POINT('',(-0.00918805554633522,0.00218962916086003,-0.00500233029747146));
#14689=CARTESIAN_POINT('',(-0.00916215836972467,0.00226915010519116,-0.00505781542599246));
#14690=CARTESIAN_POINT('',(-0.009137106865364,0.00232985835760632,-0.00509527275211422));
#14691=CARTESIAN_POINT('',(-0.00910683411451245,0.00239057236001663,-0.00512788985908006));
#14692=CARTESIAN_POINT('',(-0.00910683411451245,0.00239057236001663,-0.00512788985908006));
#14693=CARTESIAN_POINT('',(-0.00956753220504677,0.00290213179633687,-0.005));
#14694=CARTESIAN_POINT('',(-0.00951169372768119,0.00290213179633687,-0.005));
#14695=CARTESIAN_POINT('',(-0.0094396870211344,0.00290213179633687,-0.005));
#14696=CARTESIAN_POINT('',(-0.00939651838748651,0.00290213179633687,-0.005));
#14697=CARTESIAN_POINT('',(-0.00939305767655629,0.0029019482415789,-0.0050000458886895));
#14698=CARTESIAN_POINT('',(-0.00938388188445247,0.00290099534330139,-0.00500028411325887));
#14699=CARTESIAN_POINT('',(-0.00937823431918101,0.00290005188307753,-0.00500051997831483));
#14700=CARTESIAN_POINT('',(-0.00931078746467231,0.00288450767883336,-0.00500440602937588));
#14701=CARTESIAN_POINT('',(-0.00926168221056008,0.00282855909347528,-0.0050183931757154));
#14702=CARTESIAN_POINT('',(-0.00919756777038433,0.0027003252346057,-0.0050504516404328));
#14703=CARTESIAN_POINT('',(-0.00917696531611647,0.0026453176696543,-0.00506420353167065));
#14704=CARTESIAN_POINT('',(-0.00913950803335115,0.00252452950958921,-0.00509440057168691));
#14705=CARTESIAN_POINT('',(-0.0091226532048537,0.00245874891447555,-0.00511084572046533));
#14706=CARTESIAN_POINT('',(-0.00910683411451245,0.00239057236001663,-0.00512788985908006));
#14707=CARTESIAN_POINT('',(-0.00940001677295003,0.00290213179633687,-0.005));
#14708=CARTESIAN_POINT('',(-0.00956753220504677,0.00290213179633687,-0.005));
#14709=CARTESIAN_POINT('',(-0.00951169372768119,0.00290213179633687,-0.005));
#14710=CARTESIAN_POINT('',(-0.0094396870211344,0.00290213179633687,-0.005));
#14711=CARTESIAN_POINT('',(-0.00939651838748651,0.00290213179633687,-0.005));
#14712=CARTESIAN_POINT('',(-0.00939305767655629,0.0029019482415789,-0.0050000458886895));
#14713=CARTESIAN_POINT('',(-0.00938388188445247,0.00290099534330139,-0.00500028411325887));
#14714=CARTESIAN_POINT('',(-0.00937823431918101,0.00290005188307753,-0.00500051997831483));
#14715=CARTESIAN_POINT('',(-0.00931078746467231,0.00288450767883336,-0.00500440602937588));
#14716=CARTESIAN_POINT('',(-0.00926168221056008,0.00282855909347528,-0.0050183931757154));
#14717=CARTESIAN_POINT('',(-0.00919756777038433,0.0027003252346057,-0.0050504516404328));
#14718=CARTESIAN_POINT('',(-0.00917696531611647,0.0026453176696543,-0.00506420353167065));
#14719=CARTESIAN_POINT('',(-0.00913950803335115,0.00252452950958921,-0.00509440057168691));
#14720=CARTESIAN_POINT('',(-0.0091226532048537,0.00245874891447555,-0.00511084572046533));
#14721=CARTESIAN_POINT('',(-0.00910683411451245,0.00239057236001663,-0.00512788985908006));
#14722=CARTESIAN_POINT('',(-0.0178941930160669,0.0148788367688043,0.00117103567659194));
#14723=CARTESIAN_POINT('',(-0.0181718884023561,0.014274003425743,0.000869631129055397));
#14724=CARTESIAN_POINT('',(-0.0187767217454175,0.0139963080394537,0.00117103567659194));
#14725=CARTESIAN_POINT('',(-0.0178557836195136,0.0147251991857494,0.00121272440229962));
#14726=CARTESIAN_POINT('',(-0.0181565117488854,0.0142586267722724,0.000968076842341865));
#14727=CARTESIAN_POINT('',(-0.0186230841623602,0.0139578986429012,0.00121272440229882));
#14728=CARTESIAN_POINT('',(-0.0177592541272023,0.01433908121177,0.00128012032737223));
#14729=CARTESIAN_POINT('',(-0.0180116101022596,0.0141137251256479,0.00120999962493982));
#14730=CARTESIAN_POINT('',(-0.0182369661883811,0.0138613691505895,0.00128012032737263));
#14731=CARTESIAN_POINT('',(-0.0176505743381816,0.0139043620572565,0.0013));
#14732=CARTESIAN_POINT('',(-0.0177264106978248,0.0138285257212087,0.00130000000351216));
#14733=CARTESIAN_POINT('',(-0.0178022470338761,0.0137526893615669,0.0013));
#14734=CARTESIAN_POINT('',(-0.0176000167729501,0.0137021317963369,0.0013));
#14735=CARTESIAN_POINT('',(-0.01760001677295,0.0137021317963369,0.0013));
#14736=CARTESIAN_POINT('',(-0.01760001677295,0.0137021317963369,0.0013));
#14737=CARTESIAN_POINT('',(-0.0176000167729501,0.0137021317963369,0.0009));
#14738=CARTESIAN_POINT('',(-0.0176000167729501,0.0137021317963369,0.0013));
#14739=CARTESIAN_POINT('',(-0.0176000167729501,0.0137021317963369,0.0009));
#14740=CARTESIAN_POINT('',(-0.0292233118004825,0.0139963080394538,0.0011710356765919));
#14741=CARTESIAN_POINT('',(-0.0298281451435439,0.014274003425743,0.000869631129055315));
#14742=CARTESIAN_POINT('',(-0.0301058405298332,0.0148788367688044,0.0011710356765919));
#14743=CARTESIAN_POINT('',(-0.0293769493835388,0.0139578986429014,0.00121272440229858));
#14744=CARTESIAN_POINT('',(-0.0298435217970169,0.0142586267722747,0.000968076842341152));
#14745=CARTESIAN_POINT('',(-0.0301442499263862,0.0147251991857507,0.00121272440229935));
#14746=CARTESIAN_POINT('',(-0.0297630673575179,0.0138613691505894,0.00128012032737273));
#14747=CARTESIAN_POINT('',(-0.0299884234436391,0.0141137251256469,0.00120999962494005));
#14748=CARTESIAN_POINT('',(-0.0302407794186966,0.0143390812117695,0.00128012032737234));
#14749=CARTESIAN_POINT('',(-0.030197786512027,0.0137526893615669,0.0013));
#14750=CARTESIAN_POINT('',(-0.0302736228480758,0.0138285257212087,0.00130000000351216));
#14751=CARTESIAN_POINT('',(-0.030349459207721,0.0139043620572565,0.0013));
#14752=CARTESIAN_POINT('',(-0.0304000167729501,0.0137021317963369,0.0013));
#14753=CARTESIAN_POINT('',(-0.0304000167729501,0.0137021317963369,0.0013));
#14754=CARTESIAN_POINT('',(-0.03040001677295,0.0137021317963369,0.0013));
#14755=CARTESIAN_POINT('',(-0.03040001677295,0.0137021317963369,0.0009));
#14756=CARTESIAN_POINT('',(-0.03040001677295,0.0137021317963369,0.0013));
#14757=CARTESIAN_POINT('',(-0.03040001677295,0.0137021317963369,0.0009));
#14758=CARTESIAN_POINT('',(-0.0322233118004825,0.0205963080394537,0.00117103567659192));
#14759=CARTESIAN_POINT('',(-0.032828145143544,0.0208740034257429,0.000869631129055364));
#14760=CARTESIAN_POINT('',(-0.0331058405298332,0.0214788367688044,0.00117103567659192));
#14761=CARTESIAN_POINT('',(-0.0323769493835351,0.0205578986429021,0.00121272440229778));
#14762=CARTESIAN_POINT('',(-0.0328435217970111,0.0208586267722739,0.000968076842339348));
#14763=CARTESIAN_POINT('',(-0.0331442499263833,0.0213251991857513,0.00121272440229619));
#14764=CARTESIAN_POINT('',(-0.0327630673575188,0.0204613691505885,0.00128012032737314));
#14765=CARTESIAN_POINT('',(-0.0329884234436429,0.0207137251256466,0.00120999962494106));
#14766=CARTESIAN_POINT('',(-0.0332407794186991,0.0209390812117683,0.00128012032737394));
#14767=CARTESIAN_POINT('',(-0.033197786512029,0.0203526893615679,0.0013));
#14768=CARTESIAN_POINT('',(-0.0332736228480736,0.0204285257212099,0.00130000000351185));
#14769=CARTESIAN_POINT('',(-0.033349459207719,0.0205043620572579,0.0013));
#14770=CARTESIAN_POINT('',(-0.03340001677295,0.0203021317963369,0.0013));
#14771=CARTESIAN_POINT('',(-0.03340001677295,0.0203021317963369,0.0013));
#14772=CARTESIAN_POINT('',(-0.03340001677295,0.0203021317963369,0.0013));
#14773=CARTESIAN_POINT('',(-0.03340001677295,0.0203021317963369,0.0009));
#14774=CARTESIAN_POINT('',(-0.03340001677295,0.0203021317963369,0.0013));
#14775=CARTESIAN_POINT('',(-0.03340001677295,0.0203021317963369,0.0009));
#14776=CARTESIAN_POINT('',(-0.0150941930160669,0.0214788367688044,0.0011710356765919));
#14777=CARTESIAN_POINT('',(-0.0153718884023561,0.020874003425743,0.000869631129055312));
#14778=CARTESIAN_POINT('',(-0.0159767217454176,0.0205963080394537,0.0011710356765919));
#14779=CARTESIAN_POINT('',(-0.0150557836195145,0.0213251991857533,0.00121272440229863));
#14780=CARTESIAN_POINT('',(-0.0153565117488874,0.0208586267722713,0.000968076842338636));
#14781=CARTESIAN_POINT('',(-0.0158230841623679,0.020557898642902,0.00121272440229795));
#14782=CARTESIAN_POINT('',(-0.0149592541272025,0.0209390812117682,0.0012801203273727));
#14783=CARTESIAN_POINT('',(-0.0152116101022596,0.0207137251256488,0.00120999962494106));
#14784=CARTESIAN_POINT('',(-0.0154369661883785,0.0204613691505894,0.00128012032737304));
#14785=CARTESIAN_POINT('',(-0.0148505743381803,0.0205043620572565,0.0013));
#14786=CARTESIAN_POINT('',(-0.0149264106978236,0.0204285257212084,0.00130000000351216));
#14787=CARTESIAN_POINT('',(-0.0150022470338741,0.0203526893615664,0.0013));
#14788=CARTESIAN_POINT('',(-0.01480001677295,0.0203021317963369,0.0013));
#14789=CARTESIAN_POINT('',(-0.01480001677295,0.0203021317963369,0.0013));
#14790=CARTESIAN_POINT('',(-0.01480001677295,0.0203021317963369,0.0013));
#14791=CARTESIAN_POINT('',(-0.01480001677295,0.0203021317963369,0.0009));
#14792=CARTESIAN_POINT('',(-0.01480001677295,0.0203021317963369,0.0013));
#14793=CARTESIAN_POINT('',(-0.01480001677295,0.0203021317963369,0.0009));
#14794=CARTESIAN_POINT('',(-0.0159693198384234,0.0539098060299686,0.00117303048605817));
#14795=CARTESIAN_POINT('',(-0.0153710722475597,0.0536310763217272,0.000874602728969083));
#14796=CARTESIAN_POINT('',(-0.0150923425393184,0.0530328287308635,0.00117303048605816));
#14797=CARTESIAN_POINT('',(-0.0157787173864308,0.05395745664388,0.00122404860652771));
#14798=CARTESIAN_POINT('',(-0.0153502810717459,0.0536518674975408,0.000995419266844507));
#14799=CARTESIAN_POINT('',(-0.0150446919254064,0.0532234311828585,0.00122404860652834));
#14800=CARTESIAN_POINT('',(-0.0155289782703759,0.05401989142277,0.00126242399159274));
#14801=CARTESIAN_POINT('',(-0.0152378571300042,0.0537642914392914,0.00115179216911902));
#14802=CARTESIAN_POINT('',(-0.0149822571465131,0.0534731702989175,0.00126242399159391));
#14803=CARTESIAN_POINT('',(-0.0152707451707232,0.0540844496968936,0.00128229690486665));
#14804=CARTESIAN_POINT('',(-0.0150862368011504,0.0539159117681366,0.00123041603154682));
#14805=CARTESIAN_POINT('',(-0.0149176988723933,0.0537314033985638,0.00128229690486665));
#14806=CARTESIAN_POINT('',(-0.01480001677295,0.0542021317963369,0.0009));
#14807=CARTESIAN_POINT('',(-0.0149188537915446,0.0537267837219586,0.00128193947558687));
#14808=CARTESIAN_POINT('',(-0.0154921668899214,0.054029094267094,0.0012606355687859));
#14809=CARTESIAN_POINT('',(-0.0152963837460365,0.0539390160923203,0.00121741491572049));
#14810=CARTESIAN_POINT('',(-0.0151009880413107,0.0538357845082401,0.00122527004859738));
#14811=CARTESIAN_POINT('',(-0.0149188537915446,0.0537267837219586,0.00128193947558683));
#14812=CARTESIAN_POINT('',(-0.0154921668899215,0.054029094267094,0.00126063556878589));
#14813=CARTESIAN_POINT('',(-0.01480001677295,0.0542021317963369,0.0009));
#14814=CARTESIAN_POINT('',(-0.0331058405298331,0.0530254268238691,0.00117103567659183));
#14815=CARTESIAN_POINT('',(-0.0328281451435439,0.0536302601669308,0.000869631129055138));
#14816=CARTESIAN_POINT('',(-0.0322233118004822,0.0539079555532199,0.00117103567659183));
#14817=CARTESIAN_POINT('',(-0.0331442499263828,0.0531790644069254,0.00121272440229568));
#14818=CARTESIAN_POINT('',(-0.0328435217970109,0.0536456368203972,0.000968076842339274));
#14819=CARTESIAN_POINT('',(-0.0323769493835386,0.0539463649497696,0.00121272440229556));
#14820=CARTESIAN_POINT('',(-0.0332407794186992,0.0535651823809029,0.00128012032737414));
#14821=CARTESIAN_POINT('',(-0.0329884234436428,0.0537905384670256,0.00120999962494106));
#14822=CARTESIAN_POINT('',(-0.0327630673575166,0.0540428944420861,0.0012801203273742));
#14823=CARTESIAN_POINT('',(-0.033349459207719,0.0539999015354167,0.0013));
#14824=CARTESIAN_POINT('',(-0.0332736228480735,0.0540757378714688,0.00130000000351185));
#14825=CARTESIAN_POINT('',(-0.0331977865120289,0.0541515742311059,0.0013));
#14826=CARTESIAN_POINT('',(-0.03340001677295,0.0542021317963369,0.0013));
#14827=CARTESIAN_POINT('',(-0.03340001677295,0.0542021317963369,0.0013));
#14828=CARTESIAN_POINT('',(-0.03340001677295,0.0542021317963369,0.0013));
#14829=CARTESIAN_POINT('',(-0.03340001677295,0.0542021317963369,0.0009));
#14830=CARTESIAN_POINT('',(-0.03340001677295,0.0542021317963369,0.0013));
#14831=CARTESIAN_POINT('',(-0.03340001677295,0.0542021317963369,0.0009));
#14832=CARTESIAN_POINT('',(-0.00910683411451243,0.0106300216554169,-0.00431155943632031));
#14833=CARTESIAN_POINT('',(-0.00937161793274766,0.0103447326783909,-0.00484260088205401));
#14834=CARTESIAN_POINT('',(-0.00910683411451243,0.00981369123265717,-0.00512788985908008));
#14835=CARTESIAN_POINT('',(-0.00903650326337196,0.0107057990073298,-0.00461466884171922));
#14836=CARTESIAN_POINT('',(-0.00918830289869076,0.0104057980041939,-0.00490366620785738));
#14837=CARTESIAN_POINT('',(-0.00903650326337152,0.0101168006380572,-0.0052036672109934));
#14838=CARTESIAN_POINT('',(-0.00900001677295003,0.0108102925740102,-0.00503264311068709));
#14839=CARTESIAN_POINT('',(-0.00900001676657048,0.0106725337199124,-0.00517040192357411));
#14840=CARTESIAN_POINT('',(-0.00900001677295003,0.0105347749070276,-0.00530816077767177));
#14841=CARTESIAN_POINT('',(-0.00900001677295003,0.0109021317963369,-0.0054));
#14842=CARTESIAN_POINT('',(-0.00900001677295003,0.0109021317963369,-0.0054));
#14843=CARTESIAN_POINT('',(-0.00900001677295003,0.0109021317963369,-0.0054));
#14844=CARTESIAN_POINT('',(-0.00910683411451243,0.0106300216554169,-0.00431155943632032));
#14845=CARTESIAN_POINT('',(-0.00914719778231449,0.0105865321794625,-0.00439251143953405));
#14846=CARTESIAN_POINT('',(-0.00917827923413277,0.0105344378694531,-0.00447345322053419));
#14847=CARTESIAN_POINT('',(-0.00920432124066849,0.0104605897138524,-0.00457147161221243));
#14848=CARTESIAN_POINT('',(-0.00920888890383964,0.0104453841378175,-0.00459091655041079));
#14849=CARTESIAN_POINT('',(-0.00921673244188256,0.0104141654656188,-0.00462941500598253));
#14850=CARTESIAN_POINT('',(-0.00922000831675432,0.010398152369455,-0.00464846852335591));
#14851=CARTESIAN_POINT('',(-0.00922788279087944,0.0103489983553208,-0.00470493103341304));
#14852=CARTESIAN_POINT('',(-0.00923052823964261,0.0103147427117076,-0.00474164198403376));
#14853=CARTESIAN_POINT('',(-0.00923052823964261,0.0102082893147021,-0.00484809538103922));
#14854=CARTESIAN_POINT('',(-0.00921994644458992,0.0101324144435562,-0.00491414902415506));
#14855=CARTESIAN_POINT('',(-0.0091939044380542,0.010034396051878,-0.00498799717975578));
#14856=CARTESIAN_POINT('',(-0.0091880555463352,0.0100146344318138,-0.00500233029747148));
#14857=CARTESIAN_POINT('',(-0.00916215836972465,0.00993511348748264,-0.00505781542599248));
#14858=CARTESIAN_POINT('',(-0.00913710686536398,0.00987440523506748,-0.00509527275211423));
#14859=CARTESIAN_POINT('',(-0.00910683411451243,0.00981369123265718,-0.00512788985908008));
#14860=CARTESIAN_POINT('',(-0.00910683411451243,0.00981369123265718,-0.00512788985908008));
#14861=CARTESIAN_POINT('',(-0.00910683411451243,0.0106300216554169,-0.00431155943632032));
#14862=CARTESIAN_POINT('',(-0.00940001677295003,0.0109021317963369,-0.0054));
#14863=CARTESIAN_POINT('',(-0.00900001677295003,0.0109021317963369,-0.0054));
#14864=CARTESIAN_POINT('',(-0.00940001677295003,0.0109021317963369,-0.0054));
#14865=CARTESIAN_POINT('',(-0.00900001677295003,0.0109021317963369,-0.0021));
#14866=CARTESIAN_POINT('',(-0.00900001677295003,0.0109021317963369,-0.0021));
#14867=CARTESIAN_POINT('',(-0.00900001677295003,0.0109021317963369,-0.0021));
#14868=CARTESIAN_POINT('',(-0.00900001677295003,0.0108102925740089,-0.00246735688931298));
#14869=CARTESIAN_POINT('',(-0.00900001676657048,0.0106725337199097,-0.00232959807642612));
#14870=CARTESIAN_POINT('',(-0.00900001677295003,0.0105347749070244,-0.00219183922232822));
#14871=CARTESIAN_POINT('',(-0.00903650326337154,0.0107057990073302,-0.00288533115828002));
#14872=CARTESIAN_POINT('',(-0.00918830289869333,0.0104057980041945,-0.00259633379214119));
#14873=CARTESIAN_POINT('',(-0.00903650326337104,0.0101168006380563,-0.00229633278900609));
#14874=CARTESIAN_POINT('',(-0.00910683411451244,0.0106300216554169,-0.00318844056367971));
#14875=CARTESIAN_POINT('',(-0.00937161793274768,0.0103447326783909,-0.002657399117946));
#14876=CARTESIAN_POINT('',(-0.00910683411451244,0.00981369123265715,-0.00237211014091993));
#14877=CARTESIAN_POINT('',(-0.00940001677295003,0.0109021317963369,-0.0021));
#14878=CARTESIAN_POINT('',(-0.00900001677295003,0.0109021317963369,-0.0021));
#14879=CARTESIAN_POINT('',(-0.00940001677295003,0.0109021317963369,-0.0021));
#14880=CARTESIAN_POINT('',(-0.0095675322050488,0.00290213179633687,-0.0025));
#14881=CARTESIAN_POINT('',(-0.00951169372768254,0.00290213179633687,-0.0025));
#14882=CARTESIAN_POINT('',(-0.0094396870211349,0.00290213179633687,-0.0025));
#14883=CARTESIAN_POINT('',(-0.00939651837254214,0.00290213179633687,-0.0025));
#14884=CARTESIAN_POINT('',(-0.00939305764698962,0.00290194824001091,-0.00249995411091851));
#14885=CARTESIAN_POINT('',(-0.00938388185576467,0.00290099533779625,-0.00249971588536484));
#14886=CARTESIAN_POINT('',(-0.00937823430512186,0.00290005187849042,-0.00249948002053838));
#14887=CARTESIAN_POINT('',(-0.00931078746496216,0.00288450767074531,-0.00249559396860211));
#14888=CARTESIAN_POINT('',(-0.00926168221157808,0.00282855908850514,-0.00248160682304206));
#14889=CARTESIAN_POINT('',(-0.00919756777198579,0.0027003252353434,-0.00244954835975163));
#14890=CARTESIAN_POINT('',(-0.00917696531781356,0.00264531767263554,-0.00243579646907467));
#14891=CARTESIAN_POINT('',(-0.00913950803469048,0.00252452951411069,-0.00240559942944346));
#14892=CARTESIAN_POINT('',(-0.00912265320573963,0.00245874891829371,-0.00238915428048921));
#14893=CARTESIAN_POINT('',(-0.00910683411451245,0.00239057236001666,-0.00237211014091995));
#14894=CARTESIAN_POINT('',(-0.0095675322050488,0.00274502384262734,-0.0025));
#14895=CARTESIAN_POINT('',(-0.00951573707342463,0.00274502384262734,-0.0025));
#14896=CARTESIAN_POINT('',(-0.00944417437834092,0.00275347606589865,-0.0025));
#14897=CARTESIAN_POINT('',(-0.00940528866210467,0.00276157168144074,-0.0025));
#14898=CARTESIAN_POINT('',(-0.00940210583235284,0.00276181283014312,-0.00250000217244932));
#14899=CARTESIAN_POINT('',(-0.00939360810701761,0.00276173951894443,-0.00249996287293034));
#14900=CARTESIAN_POINT('',(-0.00938831507984403,0.00276107445554501,-0.00249992559793083));
#14901=CARTESIAN_POINT('',(-0.00932687584830328,0.00275338076024518,-0.00249808618706843));
#14902=CARTESIAN_POINT('',(-0.00928645592041854,0.00270778987743308,-0.00248907283202448));
#14903=CARTESIAN_POINT('',(-0.00923160895297206,0.00259500369873138,-0.00246879252679299));
#14904=CARTESIAN_POINT('',(-0.00921288740323349,0.00254370751542438,-0.00245824611609124));
#14905=CARTESIAN_POINT('',(-0.00917937874202437,0.00243433526673573,-0.00243898797326995));
#14906=CARTESIAN_POINT('',(-0.00916900216550187,0.00236125266963415,-0.00243424075358519));
#14907=CARTESIAN_POINT('',(-0.00914719778231453,0.00230962035680291,-0.00241559961687441));
#14908=CARTESIAN_POINT('',(-0.0095675322050488,0.00258803433510573,-0.00253123278799802));
#14909=CARTESIAN_POINT('',(-0.0095345899312786,0.00258803433510573,-0.00253123278799802));
#14910=CARTESIAN_POINT('',(-0.00949596909676284,0.00257358289155801,-0.0025349439716752));
#14911=CARTESIAN_POINT('',(-0.00946092452725353,0.00255212400555601,-0.00253753996859649));
#14912=CARTESIAN_POINT('',(-0.00945813516022179,0.00255035726130807,-0.00253774120780898));
#14913=CARTESIAN_POINT('',(-0.00945081521218226,0.00254557965422627,-0.00253825182008898));
#14914=CARTESIAN_POINT('',(-0.00944626857323132,0.00254248458806616,-0.00253854727910128));
#14915=CARTESIAN_POINT('',(-0.00939147772269804,0.00250369801966798,-0.00254180282269508));
#14916=CARTESIAN_POINT('',(-0.00934645408192433,0.00245643253065222,-0.00254132381296508));
#14917=CARTESIAN_POINT('',(-0.0092819424936489,0.00237643253735875,-0.00252832441953282));
#14918=CARTESIAN_POINT('',(-0.00925978032590742,0.00234615188454313,-0.00252105260605481));
#14919=CARTESIAN_POINT('',(-0.00921756703313014,0.00228620546800155,-0.00249980493245383));
#14920=CARTESIAN_POINT('',(-0.00919751590809434,0.0022565397042756,-0.00248582907233086));
#14921=CARTESIAN_POINT('',(-0.00917827923413281,0.00222867857580276,-0.00246769392688382));
#14922=CARTESIAN_POINT('',(-0.0095675322050488,0.00240663101309702,-0.00260637250423357));
#14923=CARTESIAN_POINT('',(-0.00953792280762602,0.00240663101309702,-0.00260637250423357));
#14924=CARTESIAN_POINT('',(-0.00950191806412063,0.002393355646165,-0.00261024603339868));
#14925=CARTESIAN_POINT('',(-0.00946921290440581,0.00237448286062506,-0.00261307170647329));
#14926=CARTESIAN_POINT('',(-0.00946660949771552,0.00237293503054695,-0.00261329193758563));
#14927=CARTESIAN_POINT('',(-0.00945977887548582,0.00236876944045217,-0.00261385427685852));
#14928=CARTESIAN_POINT('',(-0.00945552929349543,0.00236608455725046,-0.00261418302056941));
#14929=CARTESIAN_POINT('',(-0.00940424296649098,0.00233260986806331,-0.00261784927527948));
#14930=CARTESIAN_POINT('',(-0.00936132072925404,0.00229352378450748,-0.00261780706968616));
#14931=CARTESIAN_POINT('',(-0.00930014404685071,0.00223174311072619,-0.0026047785832165));
#14932=CARTESIAN_POINT('',(-0.00927920136702414,0.0022092026713592,-0.00259734751522349));
#14933=CARTESIAN_POINT('',(-0.00923986450223414,0.00216700792523099,-0.00257529172990837));
#14934=CARTESIAN_POINT('',(-0.00922147031727072,0.00214735361846978,-0.00256066701258625));
#14935=CARTESIAN_POINT('',(-0.00920432124066853,0.00213066018412451,-0.00254154208248454));
#14936=CARTESIAN_POINT('',(-0.0095675322050488,0.00237110093432541,-0.00262320242761561));
#14937=CARTESIAN_POINT('',(-0.00953831365168781,0.00237110093432541,-0.00262320242761561));
#14938=CARTESIAN_POINT('',(-0.0095030389046881,0.00235865157436345,-0.00262686652824265));
#14939=CARTESIAN_POINT('',(-0.00947076937072329,0.00234093131718167,-0.00262949802672704));
#14940=CARTESIAN_POINT('',(-0.00946819872988015,0.00233947791512347,-0.00262970273261368));
#14941=CARTESIAN_POINT('',(-0.00946144707087165,0.00233556602813404,-0.00263022406052537));
#14942=CARTESIAN_POINT('',(-0.00945724573530037,0.00233304405637143,-0.0026305271210908));
#14943=CARTESIAN_POINT('',(-0.00940653213659888,0.00230159359534503,-0.0026338818891055));
#14944=CARTESIAN_POINT('',(-0.00936399074203478,0.00226480183672945,-0.00263356321478821));
#14945=CARTESIAN_POINT('',(-0.00930341171463316,0.00220658948138578,-0.00262021012795573));
#14946=CARTESIAN_POINT('',(-0.00928268619515927,0.00218533891379856,-0.00261268384954281));
#14947=CARTESIAN_POINT('',(-0.00924383715729627,0.00214553681965041,-0.00259050587075558));
#14948=CARTESIAN_POINT('',(-0.00922571363890714,0.00212698529308947,-0.00257585417038127));
#14949=CARTESIAN_POINT('',(-0.00920888890383968,0.00211121524592615,-0.00255674765851938));
#14950=CARTESIAN_POINT('',(-0.0095675322050488,0.00230185544316712,-0.00266025676390416));
#14951=CARTESIAN_POINT('',(-0.00953890755964277,0.00230185544316712,-0.00266025676390416));
#14952=CARTESIAN_POINT('',(-0.0095052612050846,0.00229130698916171,-0.00266321443086423));
#14953=CARTESIAN_POINT('',(-0.00947371863096416,0.0022760080819618,-0.00266513709126926));
#14954=CARTESIAN_POINT('',(-0.00947119951399405,0.00227475106968615,-0.00266528468995144));
#14955=CARTESIAN_POINT('',(-0.00946455995683193,0.00227135986472427,-0.00266565403026118));
#14956=CARTESIAN_POINT('',(-0.00946042576824255,0.0022691680191721,-0.00266586113106669));
#14957=CARTESIAN_POINT('',(-0.00941049493927978,0.00224177343268087,-0.00266804381885567));
#14958=CARTESIAN_POINT('',(-0.00936832365866802,0.00220911681157181,-0.00266659979991946));
#14959=CARTESIAN_POINT('',(-0.00930854209902509,0.00215732105830072,-0.00265197206783536));
#14960=CARTESIAN_POINT('',(-0.00928815142187786,0.00213838687148755,-0.00264408488017462));
#14961=CARTESIAN_POINT('',(-0.00925024301768528,0.00210301032253062,-0.00262152605206039));
#14962=CARTESIAN_POINT('',(-0.00923272529063993,0.00208656796038687,-0.0026068544116069));
#14963=CARTESIAN_POINT('',(-0.0092167324418826,0.0020727167903544,-0.00258796633071805));
#14964=CARTESIAN_POINT('',(-0.0095675322050488,0.00226814003078042,-0.00268048117681066));
#14965=CARTESIAN_POINT('',(-0.00953911062353594,0.00226814003078042,-0.00268048117681066));
#14966=CARTESIAN_POINT('',(-0.00950638027300352,0.00225876067101458,-0.00268293349018467));
#14967=CARTESIAN_POINT('',(-0.00947515533684425,0.00224487129913398,-0.00268432901574747));
#14968=CARTESIAN_POINT('',(-0.00947265716062209,0.00224372792518888,-0.00268443399756514));
#14969=CARTESIAN_POINT('',(-0.00946605671084959,0.00224063562931792,-0.00268468953168636));
#14970=CARTESIAN_POINT('',(-0.00946194528826113,0.00223863167686874,-0.00268482452317181));
#14971=CARTESIAN_POINT('',(-0.00941227257604204,0.00221352591773145,-0.00268612382366621));
#14972=CARTESIAN_POINT('',(-0.00937014551788961,0.00218300407294823,-0.00268380487503962));
#14973=CARTESIAN_POINT('',(-0.00931058845371513,0.00213418864456542,-0.00266821539534589));
#14974=CARTESIAN_POINT('',(-0.00929031161970602,0.00211626043072487,-0.00266006432895));
#14975=CARTESIAN_POINT('',(-0.00925280403001803,0.00208263864020483,-0.00263727149586481));
#14976=CARTESIAN_POINT('',(-0.00923557327433915,0.00206694506352535,-0.0026226297291755));
#14977=CARTESIAN_POINT('',(-0.00922000831675436,0.00205366327298102,-0.00260397942688187));
#14978=CARTESIAN_POINT('',(-0.0095675322050488,0.00217018603588469,-0.00274593194369885));
#14979=CARTESIAN_POINT('',(-0.00953998366833273,0.00217018603588469,-0.00274593194369885));
#14980=CARTESIAN_POINT('',(-0.00951009749033567,0.00216441860298284,-0.0027466309779631));
#14981=CARTESIAN_POINT('',(-0.00947980500812158,0.00215488935640674,-0.00274605430552805));
#14982=CARTESIAN_POINT('',(-0.0094773671020077,0.00215409768193861,-0.00274599881868081));
#14983=CARTESIAN_POINT('',(-0.00947087483161178,0.00215193120369159,-0.00274582315050392));
#14984=CARTESIAN_POINT('',(-0.0094668235496337,0.00215050935598581,-0.00274568306141075));
#14985=CARTESIAN_POINT('',(-0.00941779855994733,0.00213249294835005,-0.00274359224110144));
#14986=CARTESIAN_POINT('',(-0.00937540718325445,0.00210856712899235,-0.00273771012499935));
#14987=CARTESIAN_POINT('',(-0.00931583424980687,0.00206834370230063,-0.00271817498151525));
#14988=CARTESIAN_POINT('',(-0.00929563465573654,0.00205317139949155,-0.00270893273335359));
#14989=CARTESIAN_POINT('',(-0.00925886291815687,0.00202387003699207,-0.00268520602220206));
#14990=CARTESIAN_POINT('',(-0.00924229077464753,0.00200974097730168,-0.00267072155921219));
#14991=CARTESIAN_POINT('',(-0.00922788279087948,0.00199720076292388,-0.00265313344101611));
#14992=CARTESIAN_POINT('',(-0.0095675322050488,0.00210913969564,-0.00279593582584916));
#14993=CARTESIAN_POINT('',(-0.00954036942892074,0.00210913969564,-0.00279593582584916));
#14994=CARTESIAN_POINT('',(-0.00951218867821928,0.00210591973950786,-0.00279514971623823));
#14995=CARTESIAN_POINT('',(-0.00948231470165483,0.00209947260226355,-0.00279273718717633));
#14996=CARTESIAN_POINT('',(-0.0094799005451275,0.00209892977342714,-0.00279253123045738));
#14997=CARTESIAN_POINT('',(-0.00947343642266745,0.00209741929406434,-0.00279194838243839));
#14998=CARTESIAN_POINT('',(-0.00946939774839289,0.00209641008343341,-0.00279154656946813));
#14999=CARTESIAN_POINT('',(-0.00942047121433667,0.00208341706938489,-0.00278620905672974));
#15000=CARTESIAN_POINT('',(-0.00937760766961702,0.00206414419557491,-0.00277670032443823));
#15001=CARTESIAN_POINT('',(-0.00931756366291876,0.00202918347271223,-0.00275312084381182));
#15002=CARTESIAN_POINT('',(-0.00929724906144863,0.0020154991000756,-0.00274275174705926));
#15003=CARTESIAN_POINT('',(-0.00926063415022294,0.00198781955986967,-0.00271809329965894));
#15004=CARTESIAN_POINT('',(-0.00924433384046739,0.00197382439230038,-0.00270380394901116));
#15005=CARTESIAN_POINT('',(-0.00923052823964265,0.00196048981230316,-0.00268738908462931));
#15006=CARTESIAN_POINT('',(-0.0095675322050488,0.00194253158545906,-0.0029625439360301));
#15007=CARTESIAN_POINT('',(-0.00954036942892074,0.00194253158545906,-0.0029625439360301));
#15008=CARTESIAN_POINT('',(-0.00951218867821933,0.00194296239910872,-0.00295810705663736));
#15009=CARTESIAN_POINT('',(-0.00948231470165488,0.00194256717413801,-0.00294964261530183));
#15010=CARTESIAN_POINT('',(-0.00947990054512756,0.00194252965347779,-0.00294893135040668));
#15011=CARTESIAN_POINT('',(-0.00947343642266752,0.00194241062113069,-0.00294695705537198));
#15012=CARTESIAN_POINT('',(-0.00946939774839296,0.00194231250699077,-0.00294564414591071));
#15013=CARTESIAN_POINT('',(-0.00942047121433679,0.00194080274490742,-0.00292882338120712));
#15014=CARTESIAN_POINT('',(-0.00937760766961721,0.00193617608337513,-0.00290466843663787));
#15015=CARTESIAN_POINT('',(-0.00931756366291899,0.00191828722386684,-0.00286401709265705));
#15016=CARTESIAN_POINT('',(-0.00929724906144884,0.00190957576505631,-0.00284867508207839));
#15017=CARTESIAN_POINT('',(-0.0092606341502231,0.00188642786405881,-0.00281948499546968));
#15018=CARTESIAN_POINT('',(-0.00924433384046749,0.00187199142187182,-0.00280563691943963));
#15019=CARTESIAN_POINT('',(-0.00923052823964265,0.00185403641529769,-0.00279384248163478));
#15020=CARTESIAN_POINT('',(-0.0095675322050488,0.00185358813031176,-0.00309565722355492));
#15021=CARTESIAN_POINT('',(-0.00953882638656872,0.00185358813031176,-0.00309565722355492));
#15022=CARTESIAN_POINT('',(-0.00950382392668482,0.00185752567294102,-0.00308346428360453));
#15023=CARTESIAN_POINT('',(-0.00947227592752188,0.00186043926629529,-0.00306670601312424));
#15024=CARTESIAN_POINT('',(-0.0094697667726483,0.00186066675300447,-0.00306533623781968));
#15025=CARTESIAN_POINT('',(-0.00946319005844479,0.00186124880868204,-0.00306166557859189));
#15026=CARTESIAN_POINT('',(-0.00945910095335616,0.00186159019238975,-0.00305930951849192));
#15027=CARTESIAN_POINT('',(-0.00940978059677938,0.00186541169871267,-0.00303005068074946));
#15028=CARTESIAN_POINT('',(-0.00936880572416681,0.00186552736041969,-0.00299704809550782));
#15029=CARTESIAN_POINT('',(-0.00931064601047126,0.00185243460724442,-0.00294672717844705));
#15030=CARTESIAN_POINT('',(-0.00929079143860035,0.00184491526691341,-0.00292874872306266));
#15031=CARTESIAN_POINT('',(-0.00925354922195872,0.00182247321810542,-0.00289609244008539));
#15032=CARTESIAN_POINT('',(-0.00923616157718799,0.00180755050962843,-0.0028814146124925));
#15033=CARTESIAN_POINT('',(-0.00921994644458996,0.00178798277218184,-0.00286971735278068));
#15034=CARTESIAN_POINT('',(-0.0095675322050488,0.00177844841407622,-0.00327706054556364));
#15035=CARTESIAN_POINT('',(-0.00953686369380348,0.00177844841407622,-0.00327706054556364));
#15036=CARTESIAN_POINT('',(-0.00949995435664014,0.00178226535350332,-0.00326322055273228));
#15037=CARTESIAN_POINT('',(-0.00946637505433873,0.00178501162746968,-0.00324317261331192));
#15038=CARTESIAN_POINT('',(-0.00946370159460888,0.00178522529670785,-0.00324152554099796));
#15039=CARTESIAN_POINT('',(-0.00945668516392018,0.00178576977513134,-0.00323708321393967));
#15040=CARTESIAN_POINT('',(-0.00945232119846422,0.00178608703766838,-0.00323421357922292));
#15041=CARTESIAN_POINT('',(-0.00939966724797064,0.00178961180169616,-0.00319835695737185));
#15042=CARTESIAN_POINT('',(-0.00935573281869342,0.0017894209282436,-0.00315570514787249));
#15043=CARTESIAN_POINT('',(-0.00929296816764512,0.00177641578170969,-0.00308650470503302));
#15044=CARTESIAN_POINT('',(-0.0092714485888509,0.00176904659542993,-0.00306088871630822));
#15045=CARTESIAN_POINT('',(-0.00923086895502699,0.00174728940391656,-0.00301187143678894));
#15046=CARTESIAN_POINT('',(-0.0092118088999973,0.00173290139868295,-0.00298847014599446));
#15047=CARTESIAN_POINT('',(-0.00919390443805424,0.00171413461658112,-0.00296773574445894));
#15048=CARTESIAN_POINT('',(-0.0095675322050488,0.00176522540739101,-0.00331408288808504));
#15049=CARTESIAN_POINT('',(-0.00953527102311614,0.00176522540739101,-0.00331408288808504));
#15050=CARTESIAN_POINT('',(-0.0094960591935012,0.00176877769755795,-0.00330159215819058));
#15051=CARTESIAN_POINT('',(-0.00946195917452605,0.00177131479894064,-0.00328314417374303));
#15052=CARTESIAN_POINT('',(-0.00945923866895659,0.00177151214283537,-0.00328160143418091));
#15053=CARTESIAN_POINT('',(-0.00945208914239459,0.00177201166277473,-0.00327739325323596));
#15054=CARTESIAN_POINT('',(-0.00944764198694714,0.00177230130402565,-0.00327463464457968));
#15055=CARTESIAN_POINT('',(-0.00939413604003434,0.00177542323296826,-0.00324018172639513));
#15056=CARTESIAN_POINT('',(-0.00935017074373911,0.00177460738851764,-0.00319670163272408));
#15057=CARTESIAN_POINT('',(-0.00928741991653093,0.0017611398462311,-0.00312285119662309));
#15058=CARTESIAN_POINT('',(-0.00926588214302005,0.00175359170589485,-0.00309474016920364));
#15059=CARTESIAN_POINT('',(-0.00922529099719329,0.00173210472769624,-0.00303969288983887));
#15060=CARTESIAN_POINT('',(-0.00920651328331166,0.00171841367186105,-0.00301181872966105));
#15061=CARTESIAN_POINT('',(-0.00918805554633524,0.00169980149886543,-0.00298749736452318));
#15062=CARTESIAN_POINT('',(-0.0095675322050488,0.00171970023958576,-0.00346440469541641));
#15063=CARTESIAN_POINT('',(-0.00952639695560513,0.00171970023958576,-0.00346440469541641));
#15064=CARTESIAN_POINT('',(-0.00947400379462091,0.00172178778040417,-0.00345944534214758));
#15065=CARTESIAN_POINT('',(-0.00943720887184193,0.0017232480286724,-0.00345041057459975));
#15066=CARTESIAN_POINT('',(-0.00943424465247556,0.00172335917233032,-0.00344949573945329));
#15067=CARTESIAN_POINT('',(-0.00942640280166721,0.0017236167653211,-0.00344672128738187));
#15068=CARTESIAN_POINT('',(-0.00942152614585476,0.00172375424133904,-0.0034446719476854));
#15069=CARTESIAN_POINT('',(-0.00936363624086023,0.00172465282729114,-0.00341899785423996));
#15070=CARTESIAN_POINT('',(-0.00931982136287881,0.00172012917957901,-0.00337181764922408));
#15071=CARTESIAN_POINT('',(-0.00925844285114141,0.00170320825235592,-0.00327650822016077));
#15072=CARTESIAN_POINT('',(-0.00923745927631467,0.00169430346009406,-0.00323680131154261));
#15073=CARTESIAN_POINT('',(-0.00919848304330368,0.00167324252515858,-0.0031545175990719));
#15074=CARTESIAN_POINT('',(-0.00918214433572493,0.001662573074648,-0.00310631334582433));
#15075=CARTESIAN_POINT('',(-0.00916215836972468,0.00164431637034442,-0.00306701830885431));
#15076=CARTESIAN_POINT('',(-0.0095675322050488,0.00170213179633688,-0.00358216903471784));
#15077=CARTESIAN_POINT('',(-0.0095141087892582,0.00170213179633688,-0.00358216903471784));
#15078=CARTESIAN_POINT('',(-0.00944305253903936,0.00170213179633688,-0.00358850820217134));
#15079=CARTESIAN_POINT('',(-0.00940309608971403,0.00170213179633688,-0.0035945799138279));
#15080=CARTESIAN_POINT('',(-0.00939984378601203,0.00170212195340349,-0.00359471488627319));
#15081=CARTESIAN_POINT('',(-0.00939117654420437,0.00170203292237584,-0.00359442167732051));
#15082=CARTESIAN_POINT('',(-0.00938579488616348,0.00170194599991959,-0.00359368701494448));
#15083=CARTESIAN_POINT('',(-0.009322853752468,0.00169959492878872,-0.00358403069153334));
#15084=CARTESIAN_POINT('',(-0.00928026249320843,0.00168933812611573,-0.00353585038386422));
#15085=CARTESIAN_POINT('',(-0.00922309865772548,0.00166611328136953,-0.00341920228654751));
#15086=CARTESIAN_POINT('',(-0.00920390688187851,0.00165476550067397,-0.00336697825839029));
#15087=CARTESIAN_POINT('',(-0.00916941106519089,0.0016327726336502,-0.00325475203224259));
#15088=CARTESIAN_POINT('',(-0.0091574149255612,0.00162510093164806,-0.0031834949354621));
#15089=CARTESIAN_POINT('',(-0.00913710686536401,0.00160685904422267,-0.00312772656126947));
#15090=CARTESIAN_POINT('',(-0.0095675322050488,0.00170213179633688,-0.0037));
#15091=CARTESIAN_POINT('',(-0.00951169372768254,0.00170213179633688,-0.0037));
#15092=CARTESIAN_POINT('',(-0.00943968702113486,0.00170213179633688,-0.0037));
#15093=CARTESIAN_POINT('',(-0.00939651837254214,0.00170213179633688,-0.0037));
#15094=CARTESIAN_POINT('',(-0.00939305764698961,0.00170208590725538,-0.00369981644367403));
#15095=CARTESIAN_POINT('',(-0.00938388185576467,0.00170184768170172,-0.00369886354145938));
#15096=CARTESIAN_POINT('',(-0.00937823430512186,0.00170161181687526,-0.00369792008215355));
#15097=CARTESIAN_POINT('',(-0.00931078746496215,0.00169772576493898,-0.00368237587440844));
#15098=CARTESIAN_POINT('',(-0.00926168221157807,0.00168373861937894,-0.00362642729216826));
#15099=CARTESIAN_POINT('',(-0.00919756777198578,0.0016516801560885,-0.00349819343900653));
#15100=CARTESIAN_POINT('',(-0.00917696531781356,0.00163792826541154,-0.00344318587629867));
#15101=CARTESIAN_POINT('',(-0.00913950803469049,0.00160773122578033,-0.00332239771777382));
#15102=CARTESIAN_POINT('',(-0.00912265320573963,0.00159128607682608,-0.00325661712195683));
#15103=CARTESIAN_POINT('',(-0.00910683411451245,0.00157424193725682,-0.00318844056367979));
#15104=CARTESIAN_POINT('',(-0.00910683411451245,0.00239057236001666,-0.00237211014091995));
#15105=CARTESIAN_POINT('',(-0.00914719778231453,0.00230962035680291,-0.00241559961687441));
#15106=CARTESIAN_POINT('',(-0.00917827923413281,0.00222867857580276,-0.00246769392688382));
#15107=CARTESIAN_POINT('',(-0.00920432124066853,0.00213066018412451,-0.00254154208248454));
#15108=CARTESIAN_POINT('',(-0.00920888890383968,0.00211121524592615,-0.00255674765851938));
#15109=CARTESIAN_POINT('',(-0.0092167324418826,0.0020727167903544,-0.00258796633071805));
#15110=CARTESIAN_POINT('',(-0.00922000831675436,0.00205366327298102,-0.00260397942688187));
#15111=CARTESIAN_POINT('',(-0.00922788279087948,0.00199720076292388,-0.00265313344101611));
#15112=CARTESIAN_POINT('',(-0.00923052823964265,0.00196048981230316,-0.00268738908462931));
#15113=CARTESIAN_POINT('',(-0.00923052823964265,0.00185403641529769,-0.00279384248163478));
#15114=CARTESIAN_POINT('',(-0.00921994644458996,0.00178798277218184,-0.00286971735278068));
#15115=CARTESIAN_POINT('',(-0.00919390443805424,0.00171413461658112,-0.00296773574445894));
#15116=CARTESIAN_POINT('',(-0.00918805554633524,0.00169980149886543,-0.00298749736452318));
#15117=CARTESIAN_POINT('',(-0.00916215836972468,0.00164431637034442,-0.00306701830885431));
#15118=CARTESIAN_POINT('',(-0.00913710686536401,0.00160685904422267,-0.00312772656126947));
#15119=CARTESIAN_POINT('',(-0.00910683411451245,0.00157424193725682,-0.00318844056367979));
#15120=CARTESIAN_POINT('',(-0.00910683411451245,0.00157424193725682,-0.00318844056367979));
#15121=CARTESIAN_POINT('',(-0.00910683411451245,0.00239057236001666,-0.00237211014091995));
#15122=CARTESIAN_POINT('',(-0.0095675322050488,0.00170213179633688,-0.0037));
#15123=CARTESIAN_POINT('',(-0.00951169372768254,0.00170213179633688,-0.0037));
#15124=CARTESIAN_POINT('',(-0.00943968702113486,0.00170213179633688,-0.0037));
#15125=CARTESIAN_POINT('',(-0.00939651837254214,0.00170213179633688,-0.0037));
#15126=CARTESIAN_POINT('',(-0.00939305764698961,0.00170208590725538,-0.00369981644367403));
#15127=CARTESIAN_POINT('',(-0.00938388185576467,0.00170184768170172,-0.00369886354145938));
#15128=CARTESIAN_POINT('',(-0.00937823430512186,0.00170161181687526,-0.00369792008215355));
#15129=CARTESIAN_POINT('',(-0.00931078746496215,0.00169772576493898,-0.00368237587440844));
#15130=CARTESIAN_POINT('',(-0.00926168221157807,0.00168373861937894,-0.00362642729216826));
#15131=CARTESIAN_POINT('',(-0.00919756777198578,0.0016516801560885,-0.00349819343900653));
#15132=CARTESIAN_POINT('',(-0.00917696531781356,0.00163792826541154,-0.00344318587629867));
#15133=CARTESIAN_POINT('',(-0.00913950803469049,0.00160773122578033,-0.00332239771777382));
#15134=CARTESIAN_POINT('',(-0.00912265320573963,0.00159128607682608,-0.00325661712195683));
#15135=CARTESIAN_POINT('',(-0.00910683411451245,0.00157424193725682,-0.00318844056367979));
#15136=CARTESIAN_POINT('',(-0.00940001677295003,0.00170213179633688,-0.0037));
#15137=CARTESIAN_POINT('',(-0.0095675322050488,0.00170213179633688,-0.0037));
#15138=CARTESIAN_POINT('',(-0.00951169372768254,0.00170213179633688,-0.0037));
#15139=CARTESIAN_POINT('',(-0.00943968702113486,0.00170213179633688,-0.0037));
#15140=CARTESIAN_POINT('',(-0.00939651837254214,0.00170213179633688,-0.0037));
#15141=CARTESIAN_POINT('',(-0.00939305764698961,0.00170208590725538,-0.00369981644367403));
#15142=CARTESIAN_POINT('',(-0.00938388185576467,0.00170184768170172,-0.00369886354145938));
#15143=CARTESIAN_POINT('',(-0.00937823430512186,0.00170161181687526,-0.00369792008215355));
#15144=CARTESIAN_POINT('',(-0.00931078746496215,0.00169772576493898,-0.00368237587440844));
#15145=CARTESIAN_POINT('',(-0.00926168221157807,0.00168373861937894,-0.00362642729216826));
#15146=CARTESIAN_POINT('',(-0.00919756777198578,0.0016516801560885,-0.00349819343900653));
#15147=CARTESIAN_POINT('',(-0.00917696531781356,0.00163792826541154,-0.00344318587629867));
#15148=CARTESIAN_POINT('',(-0.00913950803469049,0.00160773122578033,-0.00332239771777382));
#15149=CARTESIAN_POINT('',(-0.00912265320573963,0.00159128607682608,-0.00325661712195683));
#15150=CARTESIAN_POINT('',(-0.00910683411451245,0.00157424193725682,-0.00318844056367979));
#15151=CARTESIAN_POINT('',(-0.0095675322050488,0.00290213179633687,-0.0025));
#15152=CARTESIAN_POINT('',(-0.00951169372768254,0.00290213179633687,-0.0025));
#15153=CARTESIAN_POINT('',(-0.0094396870211349,0.00290213179633687,-0.0025));
#15154=CARTESIAN_POINT('',(-0.00939651837254214,0.00290213179633687,-0.0025));
#15155=CARTESIAN_POINT('',(-0.00939305764698962,0.00290194824001091,-0.00249995411091851));
#15156=CARTESIAN_POINT('',(-0.00938388185576467,0.00290099533779625,-0.00249971588536484));
#15157=CARTESIAN_POINT('',(-0.00937823430512186,0.00290005187849042,-0.00249948002053838));
#15158=CARTESIAN_POINT('',(-0.00931078746496216,0.00288450767074531,-0.00249559396860211));
#15159=CARTESIAN_POINT('',(-0.00926168221157808,0.00282855908850514,-0.00248160682304206));
#15160=CARTESIAN_POINT('',(-0.00919756777198579,0.0027003252353434,-0.00244954835975163));
#15161=CARTESIAN_POINT('',(-0.00917696531781356,0.00264531767263554,-0.00243579646907467));
#15162=CARTESIAN_POINT('',(-0.00913950803469048,0.00252452951411069,-0.00240559942944346));
#15163=CARTESIAN_POINT('',(-0.00912265320573963,0.00245874891829371,-0.00238915428048921));
#15164=CARTESIAN_POINT('',(-0.00910683411451245,0.00239057236001666,-0.00237211014091995));
#15165=CARTESIAN_POINT('',(-0.00940001677295003,0.00290213179633687,-0.0025));
#15166=CARTESIAN_POINT('',(-0.0095675322050488,0.00290213179633687,-0.0025));
#15167=CARTESIAN_POINT('',(-0.00951169372768254,0.00290213179633687,-0.0025));
#15168=CARTESIAN_POINT('',(-0.0094396870211349,0.00290213179633687,-0.0025));
#15169=CARTESIAN_POINT('',(-0.00939651837254214,0.00290213179633687,-0.0025));
#15170=CARTESIAN_POINT('',(-0.00939305764698962,0.00290194824001091,-0.00249995411091851));
#15171=CARTESIAN_POINT('',(-0.00938388185576467,0.00290099533779625,-0.00249971588536484));
#15172=CARTESIAN_POINT('',(-0.00937823430512186,0.00290005187849042,-0.00249948002053838));
#15173=CARTESIAN_POINT('',(-0.00931078746496216,0.00288450767074531,-0.00249559396860211));
#15174=CARTESIAN_POINT('',(-0.00926168221157808,0.00282855908850514,-0.00248160682304206));
#15175=CARTESIAN_POINT('',(-0.00919756777198579,0.0027003252353434,-0.00244954835975163));
#15176=CARTESIAN_POINT('',(-0.00917696531781356,0.00264531767263554,-0.00243579646907467));
#15177=CARTESIAN_POINT('',(-0.00913950803469048,0.00252452951411069,-0.00240559942944346));
#15178=CARTESIAN_POINT('',(-0.00912265320573963,0.00245874891829371,-0.00238915428048921));
#15179=CARTESIAN_POINT('',(-0.00910683411451245,0.00239057236001666,-0.00237211014091995));
#15180=CARTESIAN_POINT('',(-0.0828021001577284,2.12705091524878E-06,0.0013));
#15181=CARTESIAN_POINT('',(-0.03050001677295,-0.0228978682036632,0.0013));
#15182=CARTESIAN_POINT('',(-0.01830001677295,-0.0228978682036632,0.0013));
#15183=CARTESIAN_POINT('',(-0.0309000167729501,-0.0228978682036632,0.0013));
#15184=CARTESIAN_POINT('',(-0.0309000167729501,-0.0102978682036631,0.0013));
#15185=CARTESIAN_POINT('',(-0.0309000167729501,-0.00989786820366313,0.0013));
#15186=CARTESIAN_POINT('',(-0.0187000167729501,-0.00989786820366313,0.0013));
#15187=CARTESIAN_POINT('',(-0.01830001677295,-0.00989786820366313,0.0013));
#15188=CARTESIAN_POINT('',(-0.01830001677295,-0.0224978682036631,0.0013));
#15189=CARTESIAN_POINT('',(-0.066675,0.00188590635,0.0013));
#15190=CARTESIAN_POINT('',(-0.073175,0.00188590635,0.0013));
#15191=CARTESIAN_POINT('',(-0.060175,0.00188590635,0.0013));
#15192=CARTESIAN_POINT('',(-0.0731750000321166,0.00238590631788343,0.0013));
#15193=CARTESIAN_POINT('',(-0.073675,0.00238590635,0.0013));
#15194=CARTESIAN_POINT('',(-0.073675,0.00888590635,0.0013));
#15195=CARTESIAN_POINT('',(-0.073675,0.01538590635,0.0013));
#15196=CARTESIAN_POINT('',(-0.0731750000321166,0.0153859063821165,0.0013));
#15197=CARTESIAN_POINT('',(-0.073175,0.01588590635,0.0013));
#15198=CARTESIAN_POINT('',(-0.066675,0.01588590635,0.0013));
#15199=CARTESIAN_POINT('',(-0.060175,0.01588590635,0.0013));
#15200=CARTESIAN_POINT('',(-0.0601749999678834,0.0153859063821165,0.0013));
#15201=CARTESIAN_POINT('',(-0.059675,0.01538590635,0.0013));
#15202=CARTESIAN_POINT('',(-0.059675,0.00888590635,0.0013));
#15203=CARTESIAN_POINT('',(-0.059675,0.00238590635,0.0013));
#15204=CARTESIAN_POINT('',(-0.0601749999678834,0.00238590631788343,0.0013));
#15205=CARTESIAN_POINT('',(-0.085725,0.04284340635,0.0013));
#15206=CARTESIAN_POINT('',(-0.092225,0.04284340635,0.0013));
#15207=CARTESIAN_POINT('',(-0.079225,0.04284340635,0.0013));
#15208=CARTESIAN_POINT('',(-0.0922250000321166,0.0433434063178834,0.0013));
#15209=CARTESIAN_POINT('',(-0.092725,0.04334340635,0.0013));
#15210=CARTESIAN_POINT('',(-0.092725,0.04984340635,0.0013));
#15211=CARTESIAN_POINT('',(-0.092725,0.05634340635,0.0013));
#15212=CARTESIAN_POINT('',(-0.0922250000321166,0.0563434063821166,0.0013));
#15213=CARTESIAN_POINT('',(-0.092225,0.05684340635,0.0013));
#15214=CARTESIAN_POINT('',(-0.085725,0.05684340635,0.0013));
#15215=CARTESIAN_POINT('',(-0.079225,0.05684340635,0.0013));
#15216=CARTESIAN_POINT('',(-0.0792249999678834,0.0563434063821166,0.0013));
#15217=CARTESIAN_POINT('',(-0.078725,0.05634340635,0.0013));
#15218=CARTESIAN_POINT('',(-0.078725,0.04984340635,0.0013));
#15219=CARTESIAN_POINT('',(-0.078725,0.04334340635,0.0013));
#15220=CARTESIAN_POINT('',(-0.0792249999678834,0.0433434063178834,0.0013));
#15221=CARTESIAN_POINT('',(-0.022226663,-0.04140206355,0.0013));
#15222=CARTESIAN_POINT('',(-0.0165974979,-0.04465206355,0.0013));
#15223=CARTESIAN_POINT('',(-0.0278558281,-0.03815206355,0.0013));
#15224=CARTESIAN_POINT('',(-0.0168474978561279,-0.0450850762382445,0.0013));
#15225=CARTESIAN_POINT('',(-0.0164144852,-0.04533507625,0.0013));
#15226=CARTESIAN_POINT('',(-0.0196644852,-0.0509642413,0.0013));
#15227=CARTESIAN_POINT('',(-0.0229144852,-0.05659340635,0.0013));
#15228=CARTESIAN_POINT('',(-0.0233474979382445,-0.0563434064438721,0.0013));
#15229=CARTESIAN_POINT('',(-0.0235974979,-0.05677641915,0.0013));
#15230=CARTESIAN_POINT('',(-0.029226663,-0.05352641915,0.0013));
#15231=CARTESIAN_POINT('',(-0.0348558281,-0.05027641915,0.0013));
#15232=CARTESIAN_POINT('',(-0.034605828093872,-0.0498434064117555,0.0013));
#15233=CARTESIAN_POINT('',(-0.0350388408,-0.04959340635,0.0013));
#15234=CARTESIAN_POINT('',(-0.0317888408,-0.0439642413,0.0013));
#15235=CARTESIAN_POINT('',(-0.0285388408,-0.03833507625,0.0013));
#15236=CARTESIAN_POINT('',(-0.0281058281117555,-0.038585076206128,0.0013));
#15237=CARTESIAN_POINT('',(-0.047625,0.01807840635,0.0013));
#15238=CARTESIAN_POINT('',(-0.054125,0.01807840635,0.0013));
#15239=CARTESIAN_POINT('',(-0.041125,0.01807840635,0.0013));
#15240=CARTESIAN_POINT('',(-0.0541250000321166,0.0185784063178835,0.0013));
#15241=CARTESIAN_POINT('',(-0.054625,0.01857840635,0.0013));
#15242=CARTESIAN_POINT('',(-0.054625,0.02507840635,0.0013));
#15243=CARTESIAN_POINT('',(-0.054625,0.03157840635,0.0013));
#15244=CARTESIAN_POINT('',(-0.0541250000321166,0.0315784063821166,0.0013));
#15245=CARTESIAN_POINT('',(-0.054125,0.03207840635,0.0013));
#15246=CARTESIAN_POINT('',(-0.047625,0.03207840635,0.0013));
#15247=CARTESIAN_POINT('',(-0.041125,0.03207840635,0.0013));
#15248=CARTESIAN_POINT('',(-0.0411249999678834,0.0315784063821166,0.0013));
#15249=CARTESIAN_POINT('',(-0.040625,0.03157840635,0.0013));
#15250=CARTESIAN_POINT('',(-0.040625,0.02507840635,0.0013));
#15251=CARTESIAN_POINT('',(-0.040625,0.01857840635,0.0013));
#15252=CARTESIAN_POINT('',(-0.0411249999678834,0.0185784063178835,0.0013));
#15253=CARTESIAN_POINT('',(-0.111775,0.02793590635,0.0013));
#15254=CARTESIAN_POINT('',(-0.111775,0.03443590635,0.0013));
#15255=CARTESIAN_POINT('',(-0.111775,0.02143590635,0.0013));
#15256=CARTESIAN_POINT('',(-0.111275000032117,0.0344359063821166,0.0013));
#15257=CARTESIAN_POINT('',(-0.111275,0.03493590635,0.0013));
#15258=CARTESIAN_POINT('',(-0.104775,0.03493590635,0.0013));
#15259=CARTESIAN_POINT('',(-0.098275,0.03493590635,0.0013));
#15260=CARTESIAN_POINT('',(-0.0982749999678834,0.0344359063821165,0.0013));
#15261=CARTESIAN_POINT('',(-0.097775,0.03443590635,0.0013));
#15262=CARTESIAN_POINT('',(-0.097775,0.02793590635,0.0013));
#15263=CARTESIAN_POINT('',(-0.097775,0.02143590635,0.0013));
#15264=CARTESIAN_POINT('',(-0.0982749999678834,0.0214359063178834,0.0013));
#15265=CARTESIAN_POINT('',(-0.098275,0.02093590635,0.0013));
#15266=CARTESIAN_POINT('',(-0.104775,0.02093590635,0.0013));
#15267=CARTESIAN_POINT('',(-0.111275,0.02093590635,0.0013));
#15268=CARTESIAN_POINT('',(-0.111275000032117,0.0214359063178834,0.0013));
#15269=CARTESIAN_POINT('',(-0.149375000032117,-0.0112840936178834,0.0013));
#15270=CARTESIAN_POINT('',(-0.149375,-0.01078409365,0.0013));
#15271=CARTESIAN_POINT('',(-0.149875,-0.01128409365,0.0013));
#15272=CARTESIAN_POINT('',(-0.142875,-0.01078409365,0.0013));
#15273=CARTESIAN_POINT('',(-0.136375,-0.01078409365,0.0013));
#15274=CARTESIAN_POINT('',(-0.136374999967883,-0.0112840936178834,0.0013));
#15275=CARTESIAN_POINT('',(-0.135875,-0.01128409365,0.0013));
#15276=CARTESIAN_POINT('',(-0.135875,-0.01778409365,0.0013));
#15277=CARTESIAN_POINT('',(-0.135875,-0.02428409365,0.0013));
#15278=CARTESIAN_POINT('',(-0.136374999967883,-0.0242840936821166,0.0013));
#15279=CARTESIAN_POINT('',(-0.136375,-0.02478409365,0.0013));
#15280=CARTESIAN_POINT('',(-0.142875,-0.02478409365,0.0013));
#15281=CARTESIAN_POINT('',(-0.149375,-0.02478409365,0.0013));
#15282=CARTESIAN_POINT('',(-0.149375000032117,-0.0242840936821166,0.0013));
#15283=CARTESIAN_POINT('',(-0.149875,-0.02428409365,0.0013));
#15284=CARTESIAN_POINT('',(-0.149875,-0.01778409365,0.0013));
#15285=CARTESIAN_POINT('',(-0.117324999967883,0.0376284063178834,0.0013));
#15286=CARTESIAN_POINT('',(-0.117325,0.03712840635,0.0013));
#15287=CARTESIAN_POINT('',(-0.116825,0.03762840635,0.0013));
#15288=CARTESIAN_POINT('',(-0.123825,0.03712840635,0.0013));
#15289=CARTESIAN_POINT('',(-0.130325,0.03712840635,0.0013));
#15290=CARTESIAN_POINT('',(-0.130325000032117,0.0376284063178835,0.0013));
#15291=CARTESIAN_POINT('',(-0.130825,0.03762840635,0.0013));
#15292=CARTESIAN_POINT('',(-0.130825,0.04412840635,0.0013));
#15293=CARTESIAN_POINT('',(-0.130825,0.05062840635,0.0013));
#15294=CARTESIAN_POINT('',(-0.130325000032117,0.0506284063821166,0.0013));
#15295=CARTESIAN_POINT('',(-0.130325,0.05112840635,0.0013));
#15296=CARTESIAN_POINT('',(-0.123825,0.05112840635,0.0013));
#15297=CARTESIAN_POINT('',(-0.117325,0.05112840635,0.0013));
#15298=CARTESIAN_POINT('',(-0.117324999967883,0.0506284063821166,0.0013));
#15299=CARTESIAN_POINT('',(-0.116825,0.05062840635,0.0013));
#15300=CARTESIAN_POINT('',(-0.116825,0.04412840635,0.0013));
#15301=CARTESIAN_POINT('',(-0.142875,-0.00573409365,0.0013));
#15302=CARTESIAN_POINT('',(-0.149375,-0.00573409365,0.0013));
#15303=CARTESIAN_POINT('',(-0.136375,-0.00573409365,0.0013));
#15304=CARTESIAN_POINT('',(-0.149375000032117,-0.00523409368211657,0.0013));
#15305=CARTESIAN_POINT('',(-0.149875,-0.00523409365,0.0013));
#15306=CARTESIAN_POINT('',(-0.149875,0.00126590635,0.0013));
#15307=CARTESIAN_POINT('',(-0.149875,0.00776590635,0.0013));
#15308=CARTESIAN_POINT('',(-0.149375000032117,0.00776590638211657,0.0013));
#15309=CARTESIAN_POINT('',(-0.149375,0.00826590635,0.0013));
#15310=CARTESIAN_POINT('',(-0.142875,0.00826590635,0.0013));
#15311=CARTESIAN_POINT('',(-0.136375,0.00826590635,0.0013));
#15312=CARTESIAN_POINT('',(-0.136374999967883,0.00776590638211652,0.0013));
#15313=CARTESIAN_POINT('',(-0.135875,0.00776590635,0.0013));
#15314=CARTESIAN_POINT('',(-0.135875,0.00126590635,0.0013));
#15315=CARTESIAN_POINT('',(-0.135875,-0.00523409365,0.0013));
#15316=CARTESIAN_POINT('',(-0.136374999967883,-0.00523409368211652,0.0013));
#15317=CARTESIAN_POINT('',(-0.047625,0.05112840635,0.0013));
#15318=CARTESIAN_POINT('',(-0.041125,0.05112840635,0.0013));
#15319=CARTESIAN_POINT('',(-0.054125,0.05112840635,0.0013));
#15320=CARTESIAN_POINT('',(-0.0411249999678834,0.0506284063821166,0.0013));
#15321=CARTESIAN_POINT('',(-0.040625,0.05062840635,0.0013));
#15322=CARTESIAN_POINT('',(-0.040625,0.04412840635,0.0013));
#15323=CARTESIAN_POINT('',(-0.040625,0.03762840635,0.0013));
#15324=CARTESIAN_POINT('',(-0.0411249999678834,0.0376284063178835,0.0013));
#15325=CARTESIAN_POINT('',(-0.041125,0.03712840635,0.0013));
#15326=CARTESIAN_POINT('',(-0.047625,0.03712840635,0.0013));
#15327=CARTESIAN_POINT('',(-0.054125,0.03712840635,0.0013));
#15328=CARTESIAN_POINT('',(-0.0541250000321166,0.0376284063178835,0.0013));
#15329=CARTESIAN_POINT('',(-0.054625,0.03762840635,0.0013));
#15330=CARTESIAN_POINT('',(-0.054625,0.04412840635,0.0013));
#15331=CARTESIAN_POINT('',(-0.054625,0.05062840635,0.0013));
#15332=CARTESIAN_POINT('',(-0.0541250000321166,0.0506284063821166,0.0013));
#15333=CARTESIAN_POINT('',(-0.0904875,-0.02221409365,0.0013));
#15334=CARTESIAN_POINT('',(-0.0839875,-0.02221409365,0.0013));
#15335=CARTESIAN_POINT('',(-0.0969875,-0.02221409365,0.0013));
#15336=CARTESIAN_POINT('',(-0.0839874999678834,-0.0227140936178835,0.0013));
#15337=CARTESIAN_POINT('',(-0.0834875,-0.02271409365,0.0013));
#15338=CARTESIAN_POINT('',(-0.0834875,-0.02921409365,0.0013));
#15339=CARTESIAN_POINT('',(-0.0834875,-0.03571409365,0.0013));
#15340=CARTESIAN_POINT('',(-0.0839874999678834,-0.0357140936821166,0.0013));
#15341=CARTESIAN_POINT('',(-0.0839875,-0.03621409365,0.0013));
#15342=CARTESIAN_POINT('',(-0.0904875,-0.03621409365,0.0013));
#15343=CARTESIAN_POINT('',(-0.0969875,-0.03621409365,0.0013));
#15344=CARTESIAN_POINT('',(-0.0969875000321166,-0.0357140936821166,0.0013));
#15345=CARTESIAN_POINT('',(-0.0974875,-0.03571409365,0.0013));
#15346=CARTESIAN_POINT('',(-0.0974875,-0.02921409365,0.0013));
#15347=CARTESIAN_POINT('',(-0.0974875,-0.02271409365,0.0013));
#15348=CARTESIAN_POINT('',(-0.0969875000321166,-0.0227140936178835,0.0013));
#15349=CARTESIAN_POINT('',(-0.111775,-0.01016409365,0.0013));
#15350=CARTESIAN_POINT('',(-0.111775,-0.00366409365,0.0013));
#15351=CARTESIAN_POINT('',(-0.111775,-0.01666409365,0.0013));
#15352=CARTESIAN_POINT('',(-0.111275000032117,-0.00366409361788343,0.0013));
#15353=CARTESIAN_POINT('',(-0.111275,-0.00316409365,0.0013));
#15354=CARTESIAN_POINT('',(-0.104775,-0.00316409365,0.0013));
#15355=CARTESIAN_POINT('',(-0.098275,-0.00316409365,0.0013));
#15356=CARTESIAN_POINT('',(-0.0982749999678834,-0.00366409361788343,0.0013));
#15357=CARTESIAN_POINT('',(-0.097775,-0.00366409365,0.0013));
#15358=CARTESIAN_POINT('',(-0.097775,-0.01016409365,0.0013));
#15359=CARTESIAN_POINT('',(-0.097775,-0.01666409365,0.0013));
#15360=CARTESIAN_POINT('',(-0.0982749999678834,-0.0166640936821165,0.0013));
#15361=CARTESIAN_POINT('',(-0.098275,-0.01716409365,0.0013));
#15362=CARTESIAN_POINT('',(-0.104775,-0.01716409365,0.0013));
#15363=CARTESIAN_POINT('',(-0.111275,-0.01716409365,0.0013));
#15364=CARTESIAN_POINT('',(-0.111275000032117,-0.0166640936821165,0.0013));
#15365=CARTESIAN_POINT('',(-0.059675,-0.01016409365,0.0013));
#15366=CARTESIAN_POINT('',(-0.059675,-0.01666409365,0.0013));
#15367=CARTESIAN_POINT('',(-0.059675,-0.00366409365,0.0013));
#15368=CARTESIAN_POINT('',(-0.0601749999678834,-0.0166640936821165,0.0013));
#15369=CARTESIAN_POINT('',(-0.060175,-0.01716409365,0.0013));
#15370=CARTESIAN_POINT('',(-0.066675,-0.01716409365,0.0013));
#15371=CARTESIAN_POINT('',(-0.073175,-0.01716409365,0.0013));
#15372=CARTESIAN_POINT('',(-0.0731750000321166,-0.0166640936821165,0.0013));
#15373=CARTESIAN_POINT('',(-0.073675,-0.01666409365,0.0013));
#15374=CARTESIAN_POINT('',(-0.073675,-0.01016409365,0.0013));
#15375=CARTESIAN_POINT('',(-0.073675,-0.00366409365,0.0013));
#15376=CARTESIAN_POINT('',(-0.0731750000321166,-0.00366409361788343,0.0013));
#15377=CARTESIAN_POINT('',(-0.073175,-0.00316409365,0.0013));
#15378=CARTESIAN_POINT('',(-0.066675,-0.00316409365,0.0013));
#15379=CARTESIAN_POINT('',(-0.060175,-0.00316409365,0.0013));
#15380=CARTESIAN_POINT('',(-0.0601749999678834,-0.00366409361788343,0.0013));
#15381=CARTESIAN_POINT('',(-0.047625,-0.00602159365,0.0013));
#15382=CARTESIAN_POINT('',(-0.041125,-0.00602159365,0.0013));
#15383=CARTESIAN_POINT('',(-0.054125,-0.00602159365,0.0013));
#15384=CARTESIAN_POINT('',(-0.0411249999678834,-0.00652159361788345,0.0013));
#15385=CARTESIAN_POINT('',(-0.040625,-0.00652159365,0.0013));
#15386=CARTESIAN_POINT('',(-0.040625,-0.01302159365,0.0013));
#15387=CARTESIAN_POINT('',(-0.040625,-0.01952159365,0.0013));
#15388=CARTESIAN_POINT('',(-0.0411249999678834,-0.0195215936821166,0.0013));
#15389=CARTESIAN_POINT('',(-0.041125,-0.02002159365,0.0013));
#15390=CARTESIAN_POINT('',(-0.047625,-0.02002159365,0.0013));
#15391=CARTESIAN_POINT('',(-0.054125,-0.02002159365,0.0013));
#15392=CARTESIAN_POINT('',(-0.0541250000321166,-0.0195215936821166,0.0013));
#15393=CARTESIAN_POINT('',(-0.054625,-0.01952159365,0.0013));
#15394=CARTESIAN_POINT('',(-0.054625,-0.01302159365,0.0013));
#15395=CARTESIAN_POINT('',(-0.054625,-0.00652159365,0.0013));
#15396=CARTESIAN_POINT('',(-0.0541250000321166,-0.00652159361788343,0.0013));
#15397=CARTESIAN_POINT('',(-0.0411249999678834,0.0125284063821166,0.0013));
#15398=CARTESIAN_POINT('',(-0.040625,0.01252840635,0.0013));
#15399=CARTESIAN_POINT('',(-0.041125,0.01302840635,0.0013));
#15400=CARTESIAN_POINT('',(-0.040625,0.00602840635000001,0.0013));
#15401=CARTESIAN_POINT('',(-0.040625,-0.000471593649999995,0.0013));
#15402=CARTESIAN_POINT('',(-0.0411249999678834,-0.00047159368211655,0.0013));
#15403=CARTESIAN_POINT('',(-0.041125,-0.000971593649999996,0.0013));
#15404=CARTESIAN_POINT('',(-0.047625,-0.000971593649999996,0.0013));
#15405=CARTESIAN_POINT('',(-0.054125,-0.000971593649999993,0.0013));
#15406=CARTESIAN_POINT('',(-0.0541250000321166,-0.000471593682116562,0.0013));
#15407=CARTESIAN_POINT('',(-0.054625,-0.000471593649999996,0.0013));
#15408=CARTESIAN_POINT('',(-0.054625,0.00602840635000001,0.0013));
#15409=CARTESIAN_POINT('',(-0.054625,0.01252840635,0.0013));
#15410=CARTESIAN_POINT('',(-0.0541250000321166,0.0125284063821166,0.0013));
#15411=CARTESIAN_POINT('',(-0.054125,0.01302840635,0.0013));
#15412=CARTESIAN_POINT('',(-0.047625,0.01302840635,0.0013));
#15413=CARTESIAN_POINT('',(-0.0784375,-0.02921409365,0.0013));
#15414=CARTESIAN_POINT('',(-0.0784375,-0.02271409365,0.0013));
#15415=CARTESIAN_POINT('',(-0.0784375,-0.03571409365,0.0013));
#15416=CARTESIAN_POINT('',(-0.0779375000321166,-0.0227140936178835,0.0013));
#15417=CARTESIAN_POINT('',(-0.0779375,-0.02221409365,0.0013));
#15418=CARTESIAN_POINT('',(-0.0714375,-0.02221409365,0.0013));
#15419=CARTESIAN_POINT('',(-0.0649375,-0.02221409365,0.0013));
#15420=CARTESIAN_POINT('',(-0.0649374999678834,-0.0227140936178835,0.0013));
#15421=CARTESIAN_POINT('',(-0.0644375,-0.02271409365,0.0013));
#15422=CARTESIAN_POINT('',(-0.0644375,-0.02921409365,0.0013));
#15423=CARTESIAN_POINT('',(-0.0644375,-0.03571409365,0.0013));
#15424=CARTESIAN_POINT('',(-0.0649374999678834,-0.0357140936821166,0.0013));
#15425=CARTESIAN_POINT('',(-0.0649375,-0.03621409365,0.0013));
#15426=CARTESIAN_POINT('',(-0.0714375,-0.03621409365,0.0013));
#15427=CARTESIAN_POINT('',(-0.0779375,-0.03621409365,0.0013));
#15428=CARTESIAN_POINT('',(-0.0779375000321166,-0.0357140936821166,0.0013));
#15429=CARTESIAN_POINT('',(-0.117324999967883,-0.00652159361788343,0.0013));
#15430=CARTESIAN_POINT('',(-0.116825,-0.00652159365,0.0013));
#15431=CARTESIAN_POINT('',(-0.117325,-0.00602159365,0.0013));
#15432=CARTESIAN_POINT('',(-0.116825,-0.01302159365,0.0013));
#15433=CARTESIAN_POINT('',(-0.116825,-0.01952159365,0.0013));
#15434=CARTESIAN_POINT('',(-0.117324999967883,-0.0195215936821166,0.0013));
#15435=CARTESIAN_POINT('',(-0.117325,-0.02002159365,0.0013));
#15436=CARTESIAN_POINT('',(-0.123825,-0.02002159365,0.0013));
#15437=CARTESIAN_POINT('',(-0.130325,-0.02002159365,0.0013));
#15438=CARTESIAN_POINT('',(-0.130325000032117,-0.0195215936821166,0.0013));
#15439=CARTESIAN_POINT('',(-0.130825,-0.01952159365,0.0013));
#15440=CARTESIAN_POINT('',(-0.130825,-0.01302159365,0.0013));
#15441=CARTESIAN_POINT('',(-0.130825,-0.00652159365,0.0013));
#15442=CARTESIAN_POINT('',(-0.130325000032117,-0.00652159361788339,0.0013));
#15443=CARTESIAN_POINT('',(-0.130325,-0.00602159365,0.0013));
#15444=CARTESIAN_POINT('',(-0.123825,-0.00602159365,0.0013));
#15445=CARTESIAN_POINT('',(-0.085725,0.01874340635,0.0013));
#15446=CARTESIAN_POINT('',(-0.079225,0.01874340635,0.0013));
#15447=CARTESIAN_POINT('',(-0.092225,0.01874340635,0.0013));
#15448=CARTESIAN_POINT('',(-0.0792249999678834,0.0182434063821166,0.0013));
#15449=CARTESIAN_POINT('',(-0.078725,0.01824340635,0.0013));
#15450=CARTESIAN_POINT('',(-0.078725,0.01174340635,0.0013));
#15451=CARTESIAN_POINT('',(-0.078725,0.00524340635,0.0013));
#15452=CARTESIAN_POINT('',(-0.0792249999678834,0.00524340631788344,0.0013));
#15453=CARTESIAN_POINT('',(-0.079225,0.00474340635,0.0013));
#15454=CARTESIAN_POINT('',(-0.085725,0.00474340635,0.0013));
#15455=CARTESIAN_POINT('',(-0.092225,0.00474340635,0.0013));
#15456=CARTESIAN_POINT('',(-0.0922250000321166,0.00524340631788344,0.0013));
#15457=CARTESIAN_POINT('',(-0.092725,0.00524340635,0.0013));
#15458=CARTESIAN_POINT('',(-0.092725,0.01174340635,0.0013));
#15459=CARTESIAN_POINT('',(-0.092725,0.01824340635,0.0013));
#15460=CARTESIAN_POINT('',(-0.0922250000321166,0.0182434063821166,0.0013));
#15461=CARTESIAN_POINT('',(-0.0922250000321166,0.0372934063821165,0.0013));
#15462=CARTESIAN_POINT('',(-0.092225,0.03779340635,0.0013));
#15463=CARTESIAN_POINT('',(-0.092725,0.03729340635,0.0013));
#15464=CARTESIAN_POINT('',(-0.085725,0.03779340635,0.0013));
#15465=CARTESIAN_POINT('',(-0.079225,0.03779340635,0.0013));
#15466=CARTESIAN_POINT('',(-0.0792249999678834,0.0372934063821166,0.0013));
#15467=CARTESIAN_POINT('',(-0.078725,0.03729340635,0.0013));
#15468=CARTESIAN_POINT('',(-0.078725,0.03079340635,0.0013));
#15469=CARTESIAN_POINT('',(-0.078725,0.02429340635,0.0013));
#15470=CARTESIAN_POINT('',(-0.0792249999678834,0.0242934063178834,0.0013));
#15471=CARTESIAN_POINT('',(-0.079225,0.02379340635,0.0013));
#15472=CARTESIAN_POINT('',(-0.085725,0.02379340635,0.0013));
#15473=CARTESIAN_POINT('',(-0.092225,0.02379340635,0.0013));
#15474=CARTESIAN_POINT('',(-0.0922250000321166,0.0242934063178835,0.0013));
#15475=CARTESIAN_POINT('',(-0.092725,0.02429340635,0.0013));
#15476=CARTESIAN_POINT('',(-0.092725,0.03079340635,0.0013));
#15477=CARTESIAN_POINT('',(-0.066675,0.02093590635,0.0013));
#15478=CARTESIAN_POINT('',(-0.073175,0.02093590635,0.0013));
#15479=CARTESIAN_POINT('',(-0.060175,0.02093590635,0.0013));
#15480=CARTESIAN_POINT('',(-0.0731750000321166,0.0214359063178834,0.0013));
#15481=CARTESIAN_POINT('',(-0.073675,0.02143590635,0.0013));
#15482=CARTESIAN_POINT('',(-0.073675,0.02793590635,0.0013));
#15483=CARTESIAN_POINT('',(-0.073675,0.03443590635,0.0013));
#15484=CARTESIAN_POINT('',(-0.0731750000321166,0.0344359063821165,0.0013));
#15485=CARTESIAN_POINT('',(-0.073175,0.03493590635,0.0013));
#15486=CARTESIAN_POINT('',(-0.066675,0.03493590635,0.0013));
#15487=CARTESIAN_POINT('',(-0.060175,0.03493590635,0.0013));
#15488=CARTESIAN_POINT('',(-0.0601749999678834,0.0344359063821165,0.0013));
#15489=CARTESIAN_POINT('',(-0.059675,0.03443590635,0.0013));
#15490=CARTESIAN_POINT('',(-0.059675,0.02793590635,0.0013));
#15491=CARTESIAN_POINT('',(-0.059675,0.02143590635,0.0013));
#15492=CARTESIAN_POINT('',(-0.0601749999678834,0.0214359063178834,0.0013));
#15493=CARTESIAN_POINT('',(-0.078725,-0.00730659365,0.0013));
#15494=CARTESIAN_POINT('',(-0.078725,-0.01380659365,0.0013));
#15495=CARTESIAN_POINT('',(-0.078725,-0.000806593649999996,0.0013));
#15496=CARTESIAN_POINT('',(-0.0792249999678834,-0.0138065936821166,0.0013));
#15497=CARTESIAN_POINT('',(-0.079225,-0.01430659365,0.0013));
#15498=CARTESIAN_POINT('',(-0.085725,-0.01430659365,0.0013));
#15499=CARTESIAN_POINT('',(-0.092225,-0.01430659365,0.0013));
#15500=CARTESIAN_POINT('',(-0.0922250000321166,-0.0138065936821166,0.0013));
#15501=CARTESIAN_POINT('',(-0.092725,-0.01380659365,0.0013));
#15502=CARTESIAN_POINT('',(-0.092725,-0.00730659365,0.0013));
#15503=CARTESIAN_POINT('',(-0.092725,-0.000806593649999996,0.0013));
#15504=CARTESIAN_POINT('',(-0.0922250000321166,-0.00080659361788343,0.0013));
#15505=CARTESIAN_POINT('',(-0.092225,-0.000306593649999999,0.0013));
#15506=CARTESIAN_POINT('',(-0.085725,-0.000306593649999997,0.0013));
#15507=CARTESIAN_POINT('',(-0.079225,-0.000306593649999997,0.0013));
#15508=CARTESIAN_POINT('',(-0.0792249999678834,-0.00080659361788343,0.0013));
#15509=CARTESIAN_POINT('',(-0.1095375,-0.03907159365,0.0013));
#15510=CARTESIAN_POINT('',(-0.1160375,-0.03907159365,0.0013));
#15511=CARTESIAN_POINT('',(-0.1030375,-0.03907159365,0.0013));
#15512=CARTESIAN_POINT('',(-0.116037500032117,-0.0385715936821166,0.0013));
#15513=CARTESIAN_POINT('',(-0.1165375,-0.03857159365,0.0013));
#15514=CARTESIAN_POINT('',(-0.1165375,-0.03207159365,0.0013));
#15515=CARTESIAN_POINT('',(-0.1165375,-0.02557159365,0.0013));
#15516=CARTESIAN_POINT('',(-0.116037500032117,-0.0255715936178835,0.0013));
#15517=CARTESIAN_POINT('',(-0.1160375,-0.02507159365,0.0013));
#15518=CARTESIAN_POINT('',(-0.1095375,-0.02507159365,0.0013));
#15519=CARTESIAN_POINT('',(-0.1030375,-0.02507159365,0.0013));
#15520=CARTESIAN_POINT('',(-0.103037499967883,-0.0255715936178834,0.0013));
#15521=CARTESIAN_POINT('',(-0.1025375,-0.02557159365,0.0013));
#15522=CARTESIAN_POINT('',(-0.1025375,-0.03207159365,0.0013));
#15523=CARTESIAN_POINT('',(-0.1025375,-0.03857159365,0.0013));
#15524=CARTESIAN_POINT('',(-0.103037499967883,-0.0385715936821166,0.0013));
#15525=CARTESIAN_POINT('',(-0.123825,0.01302840635,0.0013));
#15526=CARTESIAN_POINT('',(-0.117325,0.01302840635,0.0013));
#15527=CARTESIAN_POINT('',(-0.130325,0.01302840635,0.0013));
#15528=CARTESIAN_POINT('',(-0.117324999967883,0.0125284063821166,0.0013));
#15529=CARTESIAN_POINT('',(-0.116825,0.01252840635,0.0013));
#15530=CARTESIAN_POINT('',(-0.116825,0.00602840635000001,0.0013));
#15531=CARTESIAN_POINT('',(-0.116825,-0.000471593649999996,0.0013));
#15532=CARTESIAN_POINT('',(-0.117324999967883,-0.000471593682116562,0.0013));
#15533=CARTESIAN_POINT('',(-0.117325,-0.000971593649999996,0.0013));
#15534=CARTESIAN_POINT('',(-0.123825,-0.000971593649999996,0.0013));
#15535=CARTESIAN_POINT('',(-0.130325,-0.000971593649999996,0.0013));
#15536=CARTESIAN_POINT('',(-0.130325000032117,-0.000471593682116609,0.0013));
#15537=CARTESIAN_POINT('',(-0.130825,-0.000471593649999996,0.0013));
#15538=CARTESIAN_POINT('',(-0.130825,0.00602840635000001,0.0013));
#15539=CARTESIAN_POINT('',(-0.130825,0.01252840635,0.0013));
#15540=CARTESIAN_POINT('',(-0.130325000032117,0.0125284063821166,0.0013));
#15541=CARTESIAN_POINT('',(-0.0444237039772902,-0.0458652786893346,0.0013));
#15542=CARTESIAN_POINT('',(-0.0445531135,-0.04634824155,0.0013));
#15543=CARTESIAN_POINT('',(-0.0439407411,-0.04599468815,0.0013));
#15544=CARTESIAN_POINT('',(-0.0508316314,-0.04466591775,0.0013));
#15545=CARTESIAN_POINT('',(-0.0571101493,-0.04298359395,0.0013));
#15546=CARTESIAN_POINT('',(-0.0569807398393346,-0.0425006310727098,0.0013));
#15547=CARTESIAN_POINT('',(-0.0574637027,-0.04237122155,0.0013));
#15548=CARTESIAN_POINT('',(-0.05578137895,-0.03609270365,0.0013));
#15549=CARTESIAN_POINT('',(-0.0540990552,-0.02981418575,0.0013));
#15550=CARTESIAN_POINT('',(-0.0536160922727098,-0.0299435952606654,0.0013));
#15551=CARTESIAN_POINT('',(-0.0534866827,-0.02946063235,0.0013));
#15552=CARTESIAN_POINT('',(-0.0472081648,-0.03114295615,0.0013));
#15553=CARTESIAN_POINT('',(-0.0409296469,-0.03282527995,0.0013));
#15554=CARTESIAN_POINT('',(-0.0410590563606654,-0.0333082428272901,0.0013));
#15555=CARTESIAN_POINT('',(-0.0405760935,-0.03343765235,0.0013));
#15556=CARTESIAN_POINT('',(-0.0422584173,-0.03971617025,0.0013));
#15557=CARTESIAN_POINT('',(-0.135875,0.03936590635,0.0013));
#15558=CARTESIAN_POINT('',(-0.135875,0.03286590635,0.0013));
#15559=CARTESIAN_POINT('',(-0.135875,0.04586590635,0.0013));
#15560=CARTESIAN_POINT('',(-0.136374999967883,0.0328659063178834,0.0013));
#15561=CARTESIAN_POINT('',(-0.136375,0.03236590635,0.0013));
#15562=CARTESIAN_POINT('',(-0.142875,0.03236590635,0.0013));
#15563=CARTESIAN_POINT('',(-0.149375,0.03236590635,0.0013));
#15564=CARTESIAN_POINT('',(-0.149375000032117,0.0328659063178834,0.0013));
#15565=CARTESIAN_POINT('',(-0.149875,0.03286590635,0.0013));
#15566=CARTESIAN_POINT('',(-0.149875,0.03936590635,0.0013));
#15567=CARTESIAN_POINT('',(-0.149875,0.04586590635,0.0013));
#15568=CARTESIAN_POINT('',(-0.149375000032117,0.0458659063821166,0.0013));
#15569=CARTESIAN_POINT('',(-0.149375,0.04636590635,0.0013));
#15570=CARTESIAN_POINT('',(-0.142875,0.04636590635,0.0013));
#15571=CARTESIAN_POINT('',(-0.136375,0.04636590635,0.0013));
#15572=CARTESIAN_POINT('',(-0.136374999967883,0.0458659063821166,0.0013));
#15573=CARTESIAN_POINT('',(-0.104775,0.00188590635,0.0013));
#15574=CARTESIAN_POINT('',(-0.111275,0.00188590635,0.0013));
#15575=CARTESIAN_POINT('',(-0.098275,0.00188590635,0.0013));
#15576=CARTESIAN_POINT('',(-0.111275000032117,0.00238590631788343,0.0013));
#15577=CARTESIAN_POINT('',(-0.111775,0.00238590635,0.0013));
#15578=CARTESIAN_POINT('',(-0.111775,0.00888590635,0.0013));
#15579=CARTESIAN_POINT('',(-0.111775,0.01538590635,0.0013));
#15580=CARTESIAN_POINT('',(-0.111275000032117,0.0153859063821165,0.0013));
#15581=CARTESIAN_POINT('',(-0.111275,0.01588590635,0.0013));
#15582=CARTESIAN_POINT('',(-0.104775,0.01588590635,0.0013));
#15583=CARTESIAN_POINT('',(-0.098275,0.01588590635,0.0013));
#15584=CARTESIAN_POINT('',(-0.0982749999678834,0.0153859063821165,0.0013));
#15585=CARTESIAN_POINT('',(-0.097775,0.01538590635,0.0013));
#15586=CARTESIAN_POINT('',(-0.097775,0.00888590635,0.0013));
#15587=CARTESIAN_POINT('',(-0.097775,0.00238590635,0.0013));
#15588=CARTESIAN_POINT('',(-0.0982749999678834,0.00238590631788343,0.0013));
#15589=CARTESIAN_POINT('',(-0.149375000032117,0.0138159063178834,0.0013));
#15590=CARTESIAN_POINT('',(-0.149875,0.01381590635,0.0013));
#15591=CARTESIAN_POINT('',(-0.149375,0.01331590635,0.0013));
#15592=CARTESIAN_POINT('',(-0.149875,0.02031590635,0.0013));
#15593=CARTESIAN_POINT('',(-0.149875,0.02681590635,0.0013));
#15594=CARTESIAN_POINT('',(-0.149375000032117,0.0268159063821166,0.0013));
#15595=CARTESIAN_POINT('',(-0.149375,0.02731590635,0.0013));
#15596=CARTESIAN_POINT('',(-0.142875,0.02731590635,0.0013));
#15597=CARTESIAN_POINT('',(-0.136375,0.02731590635,0.0013));
#15598=CARTESIAN_POINT('',(-0.136374999967883,0.0268159063821166,0.0013));
#15599=CARTESIAN_POINT('',(-0.135875,0.02681590635,0.0013));
#15600=CARTESIAN_POINT('',(-0.135875,0.02031590635,0.0013));
#15601=CARTESIAN_POINT('',(-0.135875,0.01381590635,0.0013));
#15602=CARTESIAN_POINT('',(-0.136374999967883,0.0138159063178834,0.0013));
#15603=CARTESIAN_POINT('',(-0.136375,0.01331590635,0.0013));
#15604=CARTESIAN_POINT('',(-0.142875,0.01331590635,0.0013));
#15605=CARTESIAN_POINT('',(-0.104775,0.03998590635,0.0013));
#15606=CARTESIAN_POINT('',(-0.111275,0.03998590635,0.0013));
#15607=CARTESIAN_POINT('',(-0.098275,0.03998590635,0.0013));
#15608=CARTESIAN_POINT('',(-0.111275000032117,0.0404859063178834,0.0013));
#15609=CARTESIAN_POINT('',(-0.111775,0.04048590635,0.0013));
#15610=CARTESIAN_POINT('',(-0.111775,0.04698590635,0.0013));
#15611=CARTESIAN_POINT('',(-0.111775,0.05348590635,0.0013));
#15612=CARTESIAN_POINT('',(-0.111275000032117,0.0534859063821166,0.0013));
#15613=CARTESIAN_POINT('',(-0.111275,0.05398590635,0.0013));
#15614=CARTESIAN_POINT('',(-0.104775,0.05398590635,0.0013));
#15615=CARTESIAN_POINT('',(-0.098275,0.05398590635,0.0013));
#15616=CARTESIAN_POINT('',(-0.0982749999678834,0.0534859063821166,0.0013));
#15617=CARTESIAN_POINT('',(-0.097775,0.05348590635,0.0013));
#15618=CARTESIAN_POINT('',(-0.097775,0.04698590635,0.0013));
#15619=CARTESIAN_POINT('',(-0.097775,0.04048590635,0.0013));
#15620=CARTESIAN_POINT('',(-0.0982749999678834,0.0404859063178835,0.0013));
#15621=CARTESIAN_POINT('',(-0.116825,0.02507840635,0.0013));
#15622=CARTESIAN_POINT('',(-0.116825,0.01857840635,0.0013));
#15623=CARTESIAN_POINT('',(-0.116825,0.03157840635,0.0013));
#15624=CARTESIAN_POINT('',(-0.117324999967883,0.0185784063178834,0.0013));
#15625=CARTESIAN_POINT('',(-0.117325,0.01807840635,0.0013));
#15626=CARTESIAN_POINT('',(-0.123825,0.01807840635,0.0013));
#15627=CARTESIAN_POINT('',(-0.130325,0.01807840635,0.0013));
#15628=CARTESIAN_POINT('',(-0.130325000032117,0.0185784063178835,0.0013));
#15629=CARTESIAN_POINT('',(-0.130825,0.01857840635,0.0013));
#15630=CARTESIAN_POINT('',(-0.130825,0.02507840635,0.0013));
#15631=CARTESIAN_POINT('',(-0.130825,0.03157840635,0.0013));
#15632=CARTESIAN_POINT('',(-0.130325000032117,0.0315784063821166,0.0013));
#15633=CARTESIAN_POINT('',(-0.130325,0.03207840635,0.0013));
#15634=CARTESIAN_POINT('',(-0.123825,0.03207840635,0.0013));
#15635=CARTESIAN_POINT('',(-0.117325,0.03207840635,0.0013));
#15636=CARTESIAN_POINT('',(-0.117324999967883,0.0315784063821166,0.0013));
#15637=CARTESIAN_POINT('',(-0.066675,0.05398590635,0.0013));
#15638=CARTESIAN_POINT('',(-0.060175,0.05398590635,0.0013));
#15639=CARTESIAN_POINT('',(-0.073175,0.05398590635,0.0013));
#15640=CARTESIAN_POINT('',(-0.0601749999678834,0.0534859063821166,0.0013));
#15641=CARTESIAN_POINT('',(-0.059675,0.05348590635,0.0013));
#15642=CARTESIAN_POINT('',(-0.059675,0.04698590635,0.0013));
#15643=CARTESIAN_POINT('',(-0.059675,0.04048590635,0.0013));
#15644=CARTESIAN_POINT('',(-0.0601749999678834,0.0404859063178835,0.0013));
#15645=CARTESIAN_POINT('',(-0.060175,0.03998590635,0.0013));
#15646=CARTESIAN_POINT('',(-0.066675,0.03998590635,0.0013));
#15647=CARTESIAN_POINT('',(-0.073175,0.03998590635,0.0013));
#15648=CARTESIAN_POINT('',(-0.0731750000321166,0.0404859063178835,0.0013));
#15649=CARTESIAN_POINT('',(-0.073675,0.04048590635,0.0013));
#15650=CARTESIAN_POINT('',(-0.073675,0.04698590635,0.0013));
#15651=CARTESIAN_POINT('',(-0.073675,0.05348590635,0.0013));
#15652=CARTESIAN_POINT('',(-0.0731750000321166,0.0534859063821166,0.0013));
#15653=CARTESIAN_POINT('',(-0.01680001677295,0.0195021317963369,0.0013));
#15654=CARTESIAN_POINT('',(-0.0176000167729501,0.0195021317963369,0.0013));
#15655=CARTESIAN_POINT('',(-0.01680001677295,0.0203021317963369,0.0013));
#15656=CARTESIAN_POINT('',(-0.0176000167729501,0.0141021317963369,0.0013));
#15657=CARTESIAN_POINT('',(-0.03000001677295,0.0137021317963369,0.0013));
#15658=CARTESIAN_POINT('',(-0.03040001677295,0.0207021317963369,0.0013));
#15659=CARTESIAN_POINT('',(-0.03040001677295,0.0195021317963369,0.0013));
#15660=CARTESIAN_POINT('',(-0.03120001677295,0.0195021317963369,0.0013));
#15661=CARTESIAN_POINT('',(-0.03120001677295,0.0203021317963369,0.0013));
#15662=CARTESIAN_POINT('',(-0.0330000167729501,0.0203021317963369,0.0013));
#15663=CARTESIAN_POINT('',(-0.03340001677295,0.0538021317963369,0.0013));
#15664=CARTESIAN_POINT('',(-0.02760001677295,0.0542021317963369,0.0013));
#15665=CARTESIAN_POINT('',(-0.02760001677295,0.0542021317963369,0.0013));
#15666=CARTESIAN_POINT('',(-0.02760001677295,0.0550945063547099,0.0013));
#15667=CARTESIAN_POINT('',(-0.02760001677295,0.0560874284364169,0.0013));
#15668=CARTESIAN_POINT('',(-0.0275481605532971,0.0563776240838534,0.0013));
#15669=CARTESIAN_POINT('',(-0.0275774881937735,0.0562835572652742,0.0013));
#15670=CARTESIAN_POINT('',(-0.02760001677295,0.0561862595863524,0.0013));
#15671=CARTESIAN_POINT('',(-0.02760001677295,0.0560874284364169,0.0013));
#15672=CARTESIAN_POINT('',(-0.0275481605532971,0.0563776240838534,0.00129999999999999));
#15673=CARTESIAN_POINT('',(-0.04838848677295,0.0600978208547099,0.0013));
#15674=CARTESIAN_POINT('',(-0.06917695677295,0.0638087607963369,0.0013));
#15675=CARTESIAN_POINT('',(-0.0702313167729502,0.0579027317963364,0.0013));
#15676=CARTESIAN_POINT('',(-0.0702313457732331,0.0639021317963369,0.0013));
#15677=CARTESIAN_POINT('',(-0.08710950227295,0.0639021317963369,0.0013));
#15678=CARTESIAN_POINT('',(-0.103987658772961,0.0639021368292602,0.0013));
#15679=CARTESIAN_POINT('',(-0.10398761677295,0.0579021317963372,0.0013));
#15680=CARTESIAN_POINT('',(-0.105392571773065,0.0637353317963092,0.0013));
#15681=CARTESIAN_POINT('',(-0.12869591227295,0.0581227737963369,0.0013));
#15682=CARTESIAN_POINT('',(-0.15199925277295,0.0525102157963369,0.0013));
#15683=CARTESIAN_POINT('',(-0.15059439677295,0.0466770617963369,0.0013));
#15684=CARTESIAN_POINT('',(-0.15659433577295,0.0466698127964457,0.0013));
#15685=CARTESIAN_POINT('',(-0.15654941277295,0.00924898579633686,0.0013));
#15686=CARTESIAN_POINT('',(-0.156504482510552,-0.0281718411949802,0.0013));
#15687=CARTESIAN_POINT('',(-0.15050451677295,-0.0281646682036631,0.0013));
#15688=CARTESIAN_POINT('',(-0.153158248772633,-0.0335458632038195,0.0013));
#15689=CARTESIAN_POINT('',(-0.13720650177295,-0.0414124782036632,0.0013));
#15690=CARTESIAN_POINT('',(-0.12125475477295,-0.0492790932036631,0.0013));
#15691=CARTESIAN_POINT('',(-0.11860101677295,-0.0438978682036634,0.0013));
#15692=CARTESIAN_POINT('',(-0.118600999772745,-0.0498978682036631,0.0013));
#15693=CARTESIAN_POINT('',(-0.09025834127295,-0.0498978682036631,0.0013));
#15694=CARTESIAN_POINT('',(-0.06191568277295,-0.0498978682036631,0.0013));
#15695=CARTESIAN_POINT('',(-0.06191571677295,-0.0558982682036629,0.0013));
#15696=CARTESIAN_POINT('',(-0.0601260304083929,-0.0501709806364395,0.0013));
#15697=CARTESIAN_POINT('',(-0.0528640787729501,-0.0524403487036631,0.0013));
#15698=CARTESIAN_POINT('',(-0.0456021247729501,-0.0547097092036631,0.0013));
#15699=CARTESIAN_POINT('',(-0.0473917167729499,-0.0604365682036629,0.0013));
#15700=CARTESIAN_POINT('',(-0.0444502028995671,-0.0552071275390184,0.0013));
#15701=CARTESIAN_POINT('',(-0.03741004277295,-0.0591672287036631,0.0013));
#15702=CARTESIAN_POINT('',(-0.03036987777295,-0.0631273212036631,0.0013));
#15703=CARTESIAN_POINT('',(-0.0274283167729499,-0.0578979682036628,0.0013));
#15704=CARTESIAN_POINT('',(-0.0274283107726081,-0.0638978682036631,0.0013));
#15705=CARTESIAN_POINT('',(-0.02451775827295,-0.0638978682036631,0.0013));
#15706=CARTESIAN_POINT('',(-0.02160720577295,-0.0638978682036631,0.0013));
#15707=CARTESIAN_POINT('',(-0.02160721677295,-0.0578978682036631,0.0013));
#15708=CARTESIAN_POINT('',(-0.0163081237728916,-0.0607120692035532,0.0013));
#15709=CARTESIAN_POINT('',(-0.01300944727295,-0.0545007312036631,0.0013));
#15710=CARTESIAN_POINT('',(-0.00971077560699377,-0.0482893906365438,0.0013));
#15711=CARTESIAN_POINT('',(-0.01500991677295,-0.0454751682036632,0.0013));
#15712=CARTESIAN_POINT('',(-0.00921718777283645,-0.043911528204084,0.0013));
#15713=CARTESIAN_POINT('',(-0.01098337077295,-0.0373686247036632,0.0013));
#15714=CARTESIAN_POINT('',(-0.01274955377295,-0.0308257212036631,0.0013));
#15715=CARTESIAN_POINT('',(-0.00695691677295011,-0.0292620682036632,0.0013));
#15716=CARTESIAN_POINT('',(-0.012948140933344,-0.0289382053035183,0.0013));
#15717=CARTESIAN_POINT('',(-0.01247845277295,-0.0202489407036631,0.0013));
#15718=CARTESIAN_POINT('',(-0.01200876277295,-0.0115596762036631,0.0013));
#15719=CARTESIAN_POINT('',(-0.0180005167729469,-0.0112357682036632,0.0013));
#15720=CARTESIAN_POINT('',(-0.01200001677295,-0.0112358242040769,0.0013));
#15721=CARTESIAN_POINT('',(-0.01200001677295,-0.00476684620366313,0.0013));
#15722=CARTESIAN_POINT('',(-0.0120000116667743,0.0485783417961901,0.0013));
#15723=CARTESIAN_POINT('',(-0.01800001677295,0.0485783317963369,0.0013));
#15724=CARTESIAN_POINT('',(-0.01480001677295,0.0536537748852131,0.0013));
#15725=CARTESIAN_POINT('',(-0.01480001677295,0.0207021317963369,0.0013));
#15726=CARTESIAN_POINT('',(-0.01800001677295,0.0203021317963369,0.0013));
#15727=CARTESIAN_POINT('',(-0.0205000167729501,0.0544607975347354,0.0013));
#15728=CARTESIAN_POINT('',(-0.0205000167729501,0.0544607975347354,0.0013));
#15729=CARTESIAN_POINT('',(-0.0205000167729501,0.0542021317963369,0.0013));
#15730=CARTESIAN_POINT('',(-0.0205000167729501,0.0549628184178706,0.0013));
#15731=CARTESIAN_POINT('',(-0.0205000167729501,0.0555971902362431,0.0008));
#15732=CARTESIAN_POINT('',(-0.0205000167729501,0.0551194632731338,0.000152833221470195));
#15733=CARTESIAN_POINT('',(-0.0205000167729501,0.0551194632731338,0.0013));
#15734=CARTESIAN_POINT('',(-0.0205000167729501,0.0551194632731338,0.));
#15735=CARTESIAN_POINT('',(-0.0205000167729501,0.0544607975347354,0.));
#15736=CARTESIAN_POINT('',(-0.0205000167729501,0.0538021317963369,0.));
#15737=CARTESIAN_POINT('',(-0.0205000167729501,0.0538021317963369,0.0013));
#15738=CARTESIAN_POINT('',(-0.0205000167729501,0.0538021317963369,0.0009));
#15739=CARTESIAN_POINT('',(-0.0205000167729501,0.0542021317963369,0.0009));
#15740=CARTESIAN_POINT('',(-0.02760001677295,0.0550945063547099,0.0013));
#15741=CARTESIAN_POINT('',(-0.02760001677295,0.0567218002547894,0.0008));
#15742=CARTESIAN_POINT('',(-0.02760001677295,0.0563868809130829,7.11014801597315E-05));
#15743=CARTESIAN_POINT('',(-0.02760001677295,0.0542021317963369,0.0009));
#15744=CARTESIAN_POINT('',(-0.02760001677295,0.0538021317963369,0.0009));
#15745=CARTESIAN_POINT('',(-0.02760001677295,0.0538021317963369,0.0013));
#15746=CARTESIAN_POINT('',(-0.02760001677295,0.0538021317963369,0.));
#15747=CARTESIAN_POINT('',(-0.02760001677295,0.0550945063547099,0.));
#15748=CARTESIAN_POINT('',(-0.02760001677295,0.0563868809130829,0.));
#15749=CARTESIAN_POINT('',(-0.02760001677295,0.0563868809130829,0.0013));
#15750=CARTESIAN_POINT('',(-0.04838848677295,0.0600978208547099,-0.0125));
#15751=CARTESIAN_POINT('',(-0.02760001677295,0.0563868809130829,0.0012));
#15752=CARTESIAN_POINT('',(-0.02760001677295,0.0563868809130829,0.00152889851984027));
#15753=CARTESIAN_POINT('',(-0.02760001677295,0.0563868809130829,0.0024));
#15754=CARTESIAN_POINT('',(-0.04838848677295,0.0600978208547099,0.0024));
#15755=CARTESIAN_POINT('',(-0.06917695677295,0.0638087607963369,0.0024));
#15756=CARTESIAN_POINT('',(-0.06917695677295,0.0638087607963369,-0.0125));
#15757=CARTESIAN_POINT('',(-0.0275481605532971,0.0563776240838535,0.00129999999999999));
#15758=CARTESIAN_POINT('',(-0.0275804497123342,0.0563833880063524,0.00137220031849776));
#15759=CARTESIAN_POINT('',(-0.0276000167729501,0.0563868809130829,0.00144934709867804));
#15760=CARTESIAN_POINT('',(-0.0276000167729501,0.0563868809130829,0.00152889851984027));
#15761=CARTESIAN_POINT('',(-0.04838848677295,0.0600978208547099,-0.0125));
#15762=CARTESIAN_POINT('',(-0.0205000167729501,0.0551194632731338,0.000152833221470195));
#15763=CARTESIAN_POINT('',(-0.02050001677295,0.0551194632731338,0.000404906177999394));
#15764=CARTESIAN_POINT('',(-0.0206566136836384,0.0551474173135518,0.000623928731503132));
#15765=CARTESIAN_POINT('',(-0.0208297241398296,0.0551783191791626,0.0008));
#15766=CARTESIAN_POINT('',(-0.0208297241398296,0.0551783191791626,0.0008));
#15767=CARTESIAN_POINT('',(-0.04838848677295,0.0600978208547099,0.0008));
#15768=CARTESIAN_POINT('',(-0.0271297241398296,0.056302929197709,0.0008));
#15769=CARTESIAN_POINT('',(-0.02760001677295,0.0563868809130829,7.11014801597315E-05));
#15770=CARTESIAN_POINT('',(-0.02760001677295,0.0563868809130829,0.00037379420540246));
#15771=CARTESIAN_POINT('',(-0.0273363950784439,0.0563398219291547,0.000590324234661884));
#15772=CARTESIAN_POINT('',(-0.0271297241398296,0.056302929197709,0.0008));
#15773=CARTESIAN_POINT('',(-0.04838848677295,0.0600978208547099,0.));
#15774=CARTESIAN_POINT('',(-0.06917695677295,0.0638087607963369,0.));
#15775=CARTESIAN_POINT('',(-0.06917695677295,0.0638087607963369,-0.0125));
#15776=CARTESIAN_POINT('',(-0.06917695677295,0.0638087607963369,-0.0125));
#15777=CARTESIAN_POINT('',(-0.04838848677295,0.0600978208547099,-0.0125));
#15778=CARTESIAN_POINT('',(-0.0169456267729652,0.0544849707963396,-0.0125));
#15779=CARTESIAN_POINT('',(-0.0169456267729652,0.0544849707963396,-0.0125));
#15780=CARTESIAN_POINT('',(-0.0169456267729652,0.0544849707963396,0.));
#15781=CARTESIAN_POINT('',(-0.01872282177295,0.0548022170347354,0.));
#15782=CARTESIAN_POINT('',(-0.0828021001577284,2.12705091524878E-06,0.0028));
#15783=CARTESIAN_POINT('',(-0.0619157167729501,-0.0558982682036637,0.0028));
#15784=CARTESIAN_POINT('',(-0.06191571677295,-0.0524978682036631,0.0028));
#15785=CARTESIAN_POINT('',(-0.0609014625371582,-0.0526526544703557,0.0028));
#15786=CARTESIAN_POINT('',(-0.0463775929447832,-0.0571913717747785,0.0028));
#15787=CARTESIAN_POINT('',(-0.0463775929447235,-0.0571913717745875,0.0028));
#15788=CARTESIAN_POINT('',(-0.0473917167729502,-0.0604365682036634,0.0028));
#15789=CARTESIAN_POINT('',(-0.0457248517724725,-0.0574732524134166,0.0028));
#15790=CARTESIAN_POINT('',(-0.0316445188085346,-0.0653934390806316,0.0028));
#15791=CARTESIAN_POINT('',(-0.0316445141549265,-0.06539343080755,0.0028));
#15792=CARTESIAN_POINT('',(-0.02742831677295,-0.057897968203663,0.0028));
#15793=CARTESIAN_POINT('',(-0.02742831677295,-0.0664978682036631,0.0028));
#15794=CARTESIAN_POINT('',(-0.02160721677295,-0.0664978682036631,0.0028));
#15795=CARTESIAN_POINT('',(-0.02160721677295,-0.0664978776945765,0.0028));
#15796=CARTESIAN_POINT('',(-0.02160721677295,-0.0578978682036631,0.0028));
#15797=CARTESIAN_POINT('',(-0.0140118575897373,-0.0619315615635677,0.0028));
#15798=CARTESIAN_POINT('',(-0.00741405843426524,-0.0495080454622613,0.0028));
#15799=CARTESIAN_POINT('',(-0.00741408805061809,-0.0495080777869996,0.0028));
#15800=CARTESIAN_POINT('',(-0.01500991677295,-0.0454751682036631,0.0028));
#15801=CARTESIAN_POINT('',(-0.00670704398372838,-0.0432339013453814,0.0028));
#15802=CARTESIAN_POINT('',(-0.010239398441076,-0.0301481371056507,0.0028));
#15803=CARTESIAN_POINT('',(-0.0102393984410772,-0.030148137105651,0.0028));
#15804=CARTESIAN_POINT('',(-0.00695691677295004,-0.0292620682036632,0.0028));
#15805=CARTESIAN_POINT('',(-0.0103519335596016,-0.0290785537722032,0.0028));
#15806=CARTESIAN_POINT('',(-0.00941255127901741,-0.0116999825813985,0.0028));
#15807=CARTESIAN_POINT('',(-0.00941255395280559,-0.0116999824368694,0.0028));
#15808=CARTESIAN_POINT('',(-0.0180005167729508,-0.0112357682036631,0.0028));
#15809=CARTESIAN_POINT('',(-0.00940001677295003,-0.0112357682036631,0.0028));
#15810=CARTESIAN_POINT('',(-0.00940001677295003,0.0485918899149138,0.0028));
#15811=CARTESIAN_POINT('',(-0.00940001631906789,0.0485912873325497,0.0028));
#15812=CARTESIAN_POINT('',(-0.01800001677295,0.0485783317963369,0.0028));
#15813=CARTESIAN_POINT('',(-0.0164887233662267,0.0570445096760819,0.0028));
#15814=CARTESIAN_POINT('',(-0.0205703094060704,0.0577731116684576,0.0028));
#15815=CARTESIAN_POINT('',(-0.02010001677295,0.0576891599530837,0.0028));
#15816=CARTESIAN_POINT('',(-0.02010001677295,2.12705091524878E-06,0.0028));
#15817=CARTESIAN_POINT('',(-0.02010001677295,0.0554543826148404,0.0028));
#15818=CARTESIAN_POINT('',(-0.0712726935920973,0.0645891929365304,0.0028));
#15819=CARTESIAN_POINT('',(-0.0168753341398448,0.0548787460440749,0.0028));
#15820=CARTESIAN_POINT('',(-0.01800001677295,0.0485783317963369,0.0028));
#15821=CARTESIAN_POINT('',(-0.0116000116667746,0.0485783424628549,0.0028));
#15822=CARTESIAN_POINT('',(-0.01160001677295,2.12705091524878E-06,0.0028));
#15823=CARTESIAN_POINT('',(-0.0116000167729337,-0.0112358242040769,0.0028));
#15824=CARTESIAN_POINT('',(-0.0180005167729469,-0.0112357682036632,0.0028));
#15825=CARTESIAN_POINT('',(-0.0116093459692862,-0.0115812682613415,0.0028));
#15826=CARTESIAN_POINT('',(-0.0111924484800566,-0.00386866515439575,0.0028));
#15827=CARTESIAN_POINT('',(-0.0125487240240992,-0.0289597954079673,0.0028));
#15828=CARTESIAN_POINT('',(-0.00695691677295011,-0.0292620682036632,0.0028));
#15829=CARTESIAN_POINT('',(-0.0123633761177812,-0.0307214771695492,0.0028));
#15830=CARTESIAN_POINT('',(-0.0248776429146784,0.0156381809323307,0.0028));
#15831=CARTESIAN_POINT('',(-0.00883101018510425,-0.0438072839201153,0.0028));
#15832=CARTESIAN_POINT('',(-0.01500991677295,-0.0454751682036632,0.0028));
#15833=CARTESIAN_POINT('',(-0.00935750318462894,-0.048477003524152,0.0028));
#15834=CARTESIAN_POINT('',(-0.00543270447779319,-0.0410867023363446,0.0028));
#15835=CARTESIAN_POINT('',(-0.0159548514650338,-0.060899682306776,0.0028));
#15836=CARTESIAN_POINT('',(-0.02160721677295,-0.0578978682036631,0.0028));
#15837=CARTESIAN_POINT('',(-0.0216072057729337,-0.064297877694567,0.0028));
#15838=CARTESIAN_POINT('',(-0.0828021001577284,-0.0642978682036631,0.0028));
#15839=CARTESIAN_POINT('',(-0.0274283103725787,-0.0642978682036631,0.0028));
#15840=CARTESIAN_POINT('',(-0.0274283167729499,-0.0578979682036628,0.0028));
#15841=CARTESIAN_POINT('',(-0.0305659776033097,-0.0634759431519454,0.0028));
#15842=CARTESIAN_POINT('',(-0.0973709959538445,-0.0258981341860291,0.0028));
#15843=CARTESIAN_POINT('',(-0.0446463099142322,-0.055555767742959,0.0028));
#15844=CARTESIAN_POINT('',(-0.0473917167729499,-0.0604365682036629,0.0028));
#15845=CARTESIAN_POINT('',(-0.0457214347642216,-0.0550915011967618,0.0028));
#15846=CARTESIAN_POINT('',(-0.0951881269137387,-0.0396331607514928,0.0028));
#15847=CARTESIAN_POINT('',(-0.0602453372438153,-0.0505527819218736,0.0028));
#15848=CARTESIAN_POINT('',(-0.06191571677295,-0.0558982682036629,0.0028));
#15849=CARTESIAN_POINT('',(-0.06191568277295,-0.05029786820367,0.0028));
#15850=CARTESIAN_POINT('',(-0.0828021001577284,-0.0502978682036631,0.0028));
#15851=CARTESIAN_POINT('',(-0.118600998639398,-0.0502978682036631,0.0028));
#15852=CARTESIAN_POINT('',(-0.11860101677295,-0.0438978682036634,0.0028));
#15853=CARTESIAN_POINT('',(-0.121431675162919,-0.0496378484370444,0.0028));
#15854=CARTESIAN_POINT('',(-0.1100500644036,-0.0552506890479004,0.0028));
#15855=CARTESIAN_POINT('',(-0.153335165337256,-0.0339046117636245,0.0028));
#15856=CARTESIAN_POINT('',(-0.15050451677295,-0.0281646682036631,0.0028));
#15857=CARTESIAN_POINT('',(-0.156904474959928,-0.028172321378471,0.0028));
#15858=CARTESIAN_POINT('',(-0.156938205539295,-8.68719512194792E-05,0.0028));
#15859=CARTESIAN_POINT('',(-0.156994335481023,0.0466693295252257,0.0028));
#15860=CARTESIAN_POINT('',(-0.15059439677295,0.0466770617963369,0.0028));
#15861=CARTESIAN_POINT('',(-0.152092913940335,0.0528990969580832,0.0028));
#15862=CARTESIAN_POINT('',(-0.0986427375089271,0.065772452441228,0.0028));
#15863=CARTESIAN_POINT('',(-0.105486235282605,0.0641242111439067,0.0028));
#15864=CARTESIAN_POINT('',(-0.10398761677295,0.0579021317963372,0.0028));
#15865=CARTESIAN_POINT('',(-0.103987658773027,0.0643021418621927,0.0028));
#15866=CARTESIAN_POINT('',(-0.0828021001577284,0.0643021317963369,0.0028));
#15867=CARTESIAN_POINT('',(-0.0702313477067787,0.0643021317963369,0.0028));
#15868=CARTESIAN_POINT('',(-0.0702313167729502,0.0579027317963364,0.0028));
#15869=CARTESIAN_POINT('',(-0.0691066649189955,0.0642025316795311,0.0028));
#15870=CARTESIAN_POINT('',(-0.0712726935920973,0.0645891929365304,0.0028));
#15871=CARTESIAN_POINT('',(-0.0280000167729501,0.0568646078761921,0.0028));
#15872=CARTESIAN_POINT('',(-0.0280000167729501,0.059434304556142,0.0028));
#15873=CARTESIAN_POINT('',(-0.0280000167729501,0.0590993852144355,0.0028));
#15874=CARTESIAN_POINT('',(-0.0687201298207645,0.0663683133239452,0.0028));
#15875=CARTESIAN_POINT('',(-0.0687201298207645,0.0663683133239452,0.0028));
#15876=CARTESIAN_POINT('',(-0.0702313167729503,0.0579027317963344,0.0028));
#15877=CARTESIAN_POINT('',(-0.0702313167729501,0.066502131796407,0.0028));
#15878=CARTESIAN_POINT('',(-0.104001077381669,0.0665021317963369,0.0028));
#15879=CARTESIAN_POINT('',(-0.104001077381669,0.0665021317963369,0.0028));
#15880=CARTESIAN_POINT('',(-0.10398761677295,0.0579021317963371,0.0028));
#15881=CARTESIAN_POINT('',(-0.10600132811076,0.0662630611575483,0.0028));
#15882=CARTESIAN_POINT('',(-0.152608092211262,0.0550379251428353,0.0028));
#15883=CARTESIAN_POINT('',(-0.152608092211262,0.0550379251428353,0.0028));
#15884=CARTESIAN_POINT('',(-0.15059439677295,0.0466770617963369,0.0028));
#15885=CARTESIAN_POINT('',(-0.159194333955074,0.0466667377332681,0.0028));
#15886=CARTESIAN_POINT('',(-0.159104487899996,-0.0281749619984412,0.0028));
#15887=CARTESIAN_POINT('',(-0.159104487899996,-0.0281749619984412,0.0028));
#15888=CARTESIAN_POINT('',(-0.150504494096956,-0.0281646378673999,0.0028));
#15889=CARTESIAN_POINT('',(-0.154308209476375,-0.0358777273464847,0.0028));
#15890=CARTESIAN_POINT('',(-0.122404728756779,-0.0516109507972447,0.0028));
#15891=CARTESIAN_POINT('',(-0.122404728756779,-0.0516109507972447,0.0028));
#15892=CARTESIAN_POINT('',(-0.11860101677295,-0.043897868203663,0.0028));
#15893=CARTESIAN_POINT('',(-0.11860101677295,-0.0524978682036872,0.0028));
#15894=CARTESIAN_POINT('',(-0.06191571677295,-0.0524978682036631,0.0028));
#15895=CARTESIAN_POINT('',(-0.0246000167729501,-0.0224978682036631,0.0013));
#15896=CARTESIAN_POINT('',(-0.03050001677295,-0.0224978682036631,0.0013));
#15897=CARTESIAN_POINT('',(-0.03050001677295,-0.0224978682036631,0.0009));
#15898=CARTESIAN_POINT('',(-0.03050001677295,-0.0224978682036631,0.));
#15899=CARTESIAN_POINT('',(-0.0187000167729501,-0.0224978682036631,0.0009));
#15900=CARTESIAN_POINT('',(-0.0187000167729501,-0.0224978682036631,0.0009));
#15901=CARTESIAN_POINT('',(-0.0187000167729501,-0.0224978682036631,0.0013));
#15902=CARTESIAN_POINT('',(-0.0187000167729501,-0.0224978682036631,0.));
#15903=CARTESIAN_POINT('',(-0.0246000167729501,-0.0224978682036631,0.));
#15904=CARTESIAN_POINT('',(-0.03050001677295,-0.0163978682036631,0.0013));
#15905=CARTESIAN_POINT('',(-0.03050001677295,-0.0102978682036631,0.0013));
#15906=CARTESIAN_POINT('',(-0.03050001677295,-0.0102978682036631,0.0009));
#15907=CARTESIAN_POINT('',(-0.03050001677295,-0.0102978682036631,0.));
#15908=CARTESIAN_POINT('',(-0.03050001677295,-0.0224978682036631,0.0009));
#15909=CARTESIAN_POINT('',(-0.03050001677295,-0.0163978682036631,0.));
#15910=CARTESIAN_POINT('',(-0.0246000167729501,-0.0102978682036631,0.0013));
#15911=CARTESIAN_POINT('',(-0.0187000167729501,-0.0102978682036631,0.0013));
#15912=CARTESIAN_POINT('',(-0.0187000167729501,-0.0102978682036631,0.0009));
#15913=CARTESIAN_POINT('',(-0.0187000167729501,-0.0102978682036631,0.));
#15914=CARTESIAN_POINT('',(-0.03050001677295,-0.0102978682036631,0.0009));
#15915=CARTESIAN_POINT('',(-0.0246000167729501,-0.0102978682036631,0.));
#15916=CARTESIAN_POINT('',(-0.03000001677295,0.0199021317963369,0.0013));
#15917=CARTESIAN_POINT('',(-0.03000001677295,0.0199021317963369,0.));
#15918=CARTESIAN_POINT('',(-0.03000001677295,0.0153021317963368,0.));
#15919=CARTESIAN_POINT('',(-0.03000001677295,0.0195021317963369,0.));
#15920=CARTESIAN_POINT('',(-0.03000001677295,0.0195021317963369,0.0013));
#15921=CARTESIAN_POINT('',(-0.03000001677295,0.0195021317963369,0.0009));
#15922=CARTESIAN_POINT('',(-0.03000001677295,0.0141021317963369,0.0009));
#15923=CARTESIAN_POINT('',(-0.03000001677295,0.0153021317963368,0.));
#15924=CARTESIAN_POINT('',(-0.03150001677295,0.0207021317963369,0.0013));
#15925=CARTESIAN_POINT('',(-0.03150001677295,0.0207021317963369,0.));
#15926=CARTESIAN_POINT('',(-0.03120001677295,0.0207021317963369,0.));
#15927=CARTESIAN_POINT('',(-0.0318000167729501,0.0207021317963369,0.));
#15928=CARTESIAN_POINT('',(-0.0318000167729501,0.0207021317963369,0.0009));
#15929=CARTESIAN_POINT('',(-0.03000001677295,0.0207021317963369,0.0009));
#15930=CARTESIAN_POINT('',(-0.03120001677295,0.0207021317963369,0.0009));
#15931=CARTESIAN_POINT('',(-0.03120001677295,0.0207021317963369,0.0013));
#15932=CARTESIAN_POINT('',(-0.0330000167729501,0.0372521317963369,0.0013));
#15933=CARTESIAN_POINT('',(-0.0330000167729501,0.0372521317963369,0.));
#15934=CARTESIAN_POINT('',(-0.0330000167729501,0.0219021317963369,0.));
#15935=CARTESIAN_POINT('',(-0.0330000167729501,0.0526021317963369,0.));
#15936=CARTESIAN_POINT('',(-0.0330000167729501,0.0526021317963369,0.0009));
#15937=CARTESIAN_POINT('',(-0.0330000167729501,0.0207021317963369,0.0009));
#15938=CARTESIAN_POINT('',(-0.0330000167729501,0.0219021317963369,0.));
#15939=CARTESIAN_POINT('',(-0.0303000167729501,0.0538021317963369,0.0013));
#15940=CARTESIAN_POINT('',(-0.0330000167729501,0.0538021317963369,0.0009));
#15941=CARTESIAN_POINT('',(-0.0318000167729501,0.0538021317963369,0.));
#15942=CARTESIAN_POINT('',(-0.0318000167729501,0.0538021317963369,0.));
#15943=CARTESIAN_POINT('',(-0.0303000167729501,0.0538021317963369,0.));
#15944=CARTESIAN_POINT('',(-0.02760001677295,0.0550945063547099,0.0013));
#15945=CARTESIAN_POINT('',(-0.02760001677295,0.0567218002547894,0.0008));
#15946=CARTESIAN_POINT('',(-0.02760001677295,0.0567218002547894,0.0016));
#15947=CARTESIAN_POINT('',(-0.02760001677295,0.0550945063547099,0.0016));
#15948=CARTESIAN_POINT('',(-0.02760001677295,0.0590993852144354,0.0016));
#15949=CARTESIAN_POINT('',(-0.02760001677295,0.059434304556142,0.00224716677852981));
#15950=CARTESIAN_POINT('',(-0.02760001677295,0.059434304556142,0.00199509382200058));
#15951=CARTESIAN_POINT('',(-0.02760001677295,0.0592752321801,0.00177607126851827));
#15952=CARTESIAN_POINT('',(-0.02760001677295,0.0590993852144354,0.0016));
#15953=CARTESIAN_POINT('',(-0.02760001677295,0.059434304556142,0.00224716677852981));
#15954=CARTESIAN_POINT('',(-0.02760001677295,0.059434304556142,0.0012));
#15955=CARTESIAN_POINT('',(-0.02760001677295,0.059434304556142,0.0024));
#15956=CARTESIAN_POINT('',(-0.02760001677295,0.0563868809130829,0.0024));
#15957=CARTESIAN_POINT('',(-0.0205000167729501,0.0544607975347354,0.0013));
#15958=CARTESIAN_POINT('',(-0.0205000167729501,0.0555971902362431,0.0008));
#15959=CARTESIAN_POINT('',(-0.0205000167729501,0.0555971902362431,0.0016));
#15960=CARTESIAN_POINT('',(-0.0205000167729501,0.0551194632731338,0.0014471667785298));
#15961=CARTESIAN_POINT('',(-0.0205000167729501,0.0551194632731338,0.0012));
#15962=CARTESIAN_POINT('',(-0.0205000167729501,0.0551194632731338,0.0024));
#15963=CARTESIAN_POINT('',(-0.0205000167729501,0.0544607975347354,0.0024));
#15964=CARTESIAN_POINT('',(-0.0205000167729501,0.0581668869161929,0.0024));
#15965=CARTESIAN_POINT('',(-0.0205000167729501,0.0581668869161929,0.0012));
#15966=CARTESIAN_POINT('',(-0.0205000167729501,0.0581668869161929,0.00232889851984027));
#15967=CARTESIAN_POINT('',(-0.0205000167729501,0.0581668869161929,0.00232889851984027));
#15968=CARTESIAN_POINT('',(-0.02050001677295,0.0581668869161929,0.00202620579459756));
#15969=CARTESIAN_POINT('',(-0.02050001677295,0.0578990979212891,0.00180967576535492));
#15970=CARTESIAN_POINT('',(-0.0205000167729501,0.0576891599530837,0.0016));
#15971=CARTESIAN_POINT('',(-0.0205000167729501,0.0576891599530837,0.0016));
#15972=CARTESIAN_POINT('',(-0.0205000167729501,0.0551194632731338,0.0016));
#15973=CARTESIAN_POINT('',(-0.0178500167729501,0.0538021317963369,0.0013));
#15974=CARTESIAN_POINT('',(-0.0178500167729501,0.0538021317963369,0.));
#15975=CARTESIAN_POINT('',(-0.0164000167729501,0.0538021317963369,0.));
#15976=CARTESIAN_POINT('',(-0.0164000167729501,0.0538021317963369,0.0009));
#15977=CARTESIAN_POINT('',(-0.0205000167729501,0.0538021317963369,0.0009));
#15978=CARTESIAN_POINT('',(-0.01520001677295,0.0372521317963369,0.0013));
#15979=CARTESIAN_POINT('',(-0.01520001677295,0.0538021317963369,0.0009));
#15980=CARTESIAN_POINT('',(-0.01520001677295,0.0526021317963369,0.));
#15981=CARTESIAN_POINT('',(-0.01520001677295,0.0526021317963369,0.));
#15982=CARTESIAN_POINT('',(-0.01520001677295,0.0372521317963369,0.));
#15983=CARTESIAN_POINT('',(-0.01520001677295,0.0219021317963369,0.));
#15984=CARTESIAN_POINT('',(-0.01520001677295,0.0219021317963369,0.0009));
#15985=CARTESIAN_POINT('',(-0.01660001677295,0.0207021317963369,0.0013));
#15986=CARTESIAN_POINT('',(-0.01520001677295,0.0207021317963369,0.0009));
#15987=CARTESIAN_POINT('',(-0.01680001677295,0.0207021317963369,0.0009));
#15988=CARTESIAN_POINT('',(-0.0164000167729501,0.0207021317963369,0.));
#15989=CARTESIAN_POINT('',(-0.0164000167729501,0.0207021317963369,0.));
#15990=CARTESIAN_POINT('',(-0.01660001677295,0.0207021317963369,0.));
#15991=CARTESIAN_POINT('',(-0.01680001677295,0.0207021317963369,0.));
#15992=CARTESIAN_POINT('',(-0.01680001677295,0.0207021317963369,0.0013));
#15993=CARTESIAN_POINT('',(-0.01800001677295,0.0199021317963369,0.0013));
#15994=CARTESIAN_POINT('',(-0.01800001677295,0.0199021317963369,0.));
#15995=CARTESIAN_POINT('',(-0.01800001677295,0.0195021317963369,0.));
#15996=CARTESIAN_POINT('',(-0.01800001677295,0.0153021317963368,0.));
#15997=CARTESIAN_POINT('',(-0.01800001677295,0.0153021317963368,0.0009));
#15998=CARTESIAN_POINT('',(-0.01800001677295,0.0207021317963369,0.0009));
#15999=CARTESIAN_POINT('',(-0.01800001677295,0.0195021317963369,0.0009));
#16000=CARTESIAN_POINT('',(-0.01800001677295,0.0195021317963369,0.0013));
#16001=CARTESIAN_POINT('',(-0.066675,0.00188590635,0.0013));
#16002=CARTESIAN_POINT('',(-0.066675,0.00188590635,0.));
#16003=CARTESIAN_POINT('',(-0.073175,0.00188590635,0.));
#16004=CARTESIAN_POINT('',(-0.060175,0.00188590635,0.));
#16005=CARTESIAN_POINT('',(-0.073175,0.00188590635,0.0013));
#16006=CARTESIAN_POINT('',(-0.060175,0.00188590635,0.0013));
#16007=CARTESIAN_POINT('',(-0.0731750000321166,0.00238590631788343,0.0013));
#16008=CARTESIAN_POINT('',(-0.0731750000321166,0.00238590631788343,0.));
#16009=CARTESIAN_POINT('',(-0.073675,0.00238590635,0.));
#16010=CARTESIAN_POINT('',(-0.073675,0.00238590635,0.0013));
#16011=CARTESIAN_POINT('',(-0.073675,0.00888590635,0.0013));
#16012=CARTESIAN_POINT('',(-0.073675,0.00888590635,0.));
#16013=CARTESIAN_POINT('',(-0.073675,0.01538590635,0.));
#16014=CARTESIAN_POINT('',(-0.073675,0.01538590635,0.0013));
#16015=CARTESIAN_POINT('',(-0.0731750000321166,0.0153859063821165,0.0013));
#16016=CARTESIAN_POINT('',(-0.0731750000321166,0.0153859063821165,0.));
#16017=CARTESIAN_POINT('',(-0.073175,0.01588590635,0.));
#16018=CARTESIAN_POINT('',(-0.073175,0.01588590635,0.0013));
#16019=CARTESIAN_POINT('',(-0.066675,0.01588590635,0.0013));
#16020=CARTESIAN_POINT('',(-0.066675,0.01588590635,0.));
#16021=CARTESIAN_POINT('',(-0.060175,0.01588590635,0.));
#16022=CARTESIAN_POINT('',(-0.060175,0.01588590635,0.0013));
#16023=CARTESIAN_POINT('',(-0.0601749999678834,0.0153859063821165,0.0013));
#16024=CARTESIAN_POINT('',(-0.0601749999678834,0.0153859063821165,0.));
#16025=CARTESIAN_POINT('',(-0.059675,0.01538590635,0.));
#16026=CARTESIAN_POINT('',(-0.059675,0.01538590635,0.0013));
#16027=CARTESIAN_POINT('',(-0.059675,0.00888590635,0.0013));
#16028=CARTESIAN_POINT('',(-0.059675,0.00888590635,0.));
#16029=CARTESIAN_POINT('',(-0.059675,0.00238590635,0.));
#16030=CARTESIAN_POINT('',(-0.059675,0.00238590635,0.0013));
#16031=CARTESIAN_POINT('',(-0.085725,0.04284340635,0.0013));
#16032=CARTESIAN_POINT('',(-0.085725,0.04284340635,0.));
#16033=CARTESIAN_POINT('',(-0.092225,0.04284340635,0.));
#16034=CARTESIAN_POINT('',(-0.079225,0.04284340635,0.));
#16035=CARTESIAN_POINT('',(-0.092225,0.04284340635,0.0013));
#16036=CARTESIAN_POINT('',(-0.079225,0.04284340635,0.0013));
#16037=CARTESIAN_POINT('',(-0.0922250000321166,0.0433434063178834,0.0013));
#16038=CARTESIAN_POINT('',(-0.0922250000321166,0.0433434063178834,0.));
#16039=CARTESIAN_POINT('',(-0.092725,0.04334340635,0.));
#16040=CARTESIAN_POINT('',(-0.092725,0.04334340635,0.0013));
#16041=CARTESIAN_POINT('',(-0.092725,0.04984340635,0.0013));
#16042=CARTESIAN_POINT('',(-0.092725,0.04984340635,0.));
#16043=CARTESIAN_POINT('',(-0.092725,0.05634340635,0.));
#16044=CARTESIAN_POINT('',(-0.092725,0.05634340635,0.0013));
#16045=CARTESIAN_POINT('',(-0.0922250000321166,0.0563434063821166,0.0013));
#16046=CARTESIAN_POINT('',(-0.0922250000321166,0.0563434063821166,0.));
#16047=CARTESIAN_POINT('',(-0.092225,0.05684340635,0.));
#16048=CARTESIAN_POINT('',(-0.092225,0.05684340635,0.0013));
#16049=CARTESIAN_POINT('',(-0.085725,0.05684340635,0.0013));
#16050=CARTESIAN_POINT('',(-0.085725,0.05684340635,0.));
#16051=CARTESIAN_POINT('',(-0.079225,0.05684340635,0.));
#16052=CARTESIAN_POINT('',(-0.079225,0.05684340635,0.0013));
#16053=CARTESIAN_POINT('',(-0.0792249999678834,0.0563434063821166,0.0013));
#16054=CARTESIAN_POINT('',(-0.0792249999678834,0.0563434063821166,0.));
#16055=CARTESIAN_POINT('',(-0.078725,0.05634340635,0.));
#16056=CARTESIAN_POINT('',(-0.078725,0.05634340635,0.0013));
#16057=CARTESIAN_POINT('',(-0.078725,0.04984340635,0.0013));
#16058=CARTESIAN_POINT('',(-0.078725,0.04984340635,0.));
#16059=CARTESIAN_POINT('',(-0.078725,0.04334340635,0.));
#16060=CARTESIAN_POINT('',(-0.078725,0.04334340635,0.0013));
#16061=CARTESIAN_POINT('',(-0.022226663,-0.04140206355,0.0013));
#16062=CARTESIAN_POINT('',(-0.022226663,-0.04140206355,0.));
#16063=CARTESIAN_POINT('',(-0.0165974979,-0.04465206355,0.));
#16064=CARTESIAN_POINT('',(-0.0278558281,-0.03815206355,0.));
#16065=CARTESIAN_POINT('',(-0.0165974979,-0.04465206355,0.0013));
#16066=CARTESIAN_POINT('',(-0.0278558281,-0.03815206355,0.0013));
#16067=CARTESIAN_POINT('',(-0.0168474978561279,-0.0450850762382445,0.0013));
#16068=CARTESIAN_POINT('',(-0.0168474978561279,-0.0450850762382445,0.));
#16069=CARTESIAN_POINT('',(-0.0164144852,-0.04533507625,0.));
#16070=CARTESIAN_POINT('',(-0.0164144852,-0.04533507625,0.0013));
#16071=CARTESIAN_POINT('',(-0.0196644852,-0.0509642413,0.0013));
#16072=CARTESIAN_POINT('',(-0.0196644852,-0.0509642413,0.));
#16073=CARTESIAN_POINT('',(-0.0229144852,-0.05659340635,0.));
#16074=CARTESIAN_POINT('',(-0.0229144852,-0.05659340635,0.0013));
#16075=CARTESIAN_POINT('',(-0.0233474979382445,-0.0563434064438721,0.0013));
#16076=CARTESIAN_POINT('',(-0.0233474979382445,-0.0563434064438721,0.));
#16077=CARTESIAN_POINT('',(-0.0235974979,-0.05677641915,0.));
#16078=CARTESIAN_POINT('',(-0.0235974979,-0.05677641915,0.0013));
#16079=CARTESIAN_POINT('',(-0.029226663,-0.05352641915,0.0013));
#16080=CARTESIAN_POINT('',(-0.029226663,-0.05352641915,0.));
#16081=CARTESIAN_POINT('',(-0.0348558281,-0.05027641915,0.));
#16082=CARTESIAN_POINT('',(-0.0348558281,-0.05027641915,0.0013));
#16083=CARTESIAN_POINT('',(-0.034605828093872,-0.0498434064117555,0.0013));
#16084=CARTESIAN_POINT('',(-0.034605828093872,-0.0498434064117555,0.));
#16085=CARTESIAN_POINT('',(-0.0350388408,-0.04959340635,0.));
#16086=CARTESIAN_POINT('',(-0.0350388408,-0.04959340635,0.0013));
#16087=CARTESIAN_POINT('',(-0.0317888408,-0.0439642413,0.0013));
#16088=CARTESIAN_POINT('',(-0.0317888408,-0.0439642413,0.));
#16089=CARTESIAN_POINT('',(-0.0285388408,-0.03833507625,0.));
#16090=CARTESIAN_POINT('',(-0.0285388408,-0.03833507625,0.0013));
#16091=CARTESIAN_POINT('',(-0.047625,0.01807840635,0.0013));
#16092=CARTESIAN_POINT('',(-0.047625,0.01807840635,0.));
#16093=CARTESIAN_POINT('',(-0.054125,0.01807840635,0.));
#16094=CARTESIAN_POINT('',(-0.041125,0.01807840635,0.));
#16095=CARTESIAN_POINT('',(-0.054125,0.01807840635,0.0013));
#16096=CARTESIAN_POINT('',(-0.041125,0.01807840635,0.0013));
#16097=CARTESIAN_POINT('',(-0.0541250000321166,0.0185784063178835,0.0013));
#16098=CARTESIAN_POINT('',(-0.0541250000321166,0.0185784063178835,0.));
#16099=CARTESIAN_POINT('',(-0.054625,0.01857840635,0.));
#16100=CARTESIAN_POINT('',(-0.054625,0.01857840635,0.0013));
#16101=CARTESIAN_POINT('',(-0.054625,0.02507840635,0.0013));
#16102=CARTESIAN_POINT('',(-0.054625,0.02507840635,0.));
#16103=CARTESIAN_POINT('',(-0.054625,0.03157840635,0.));
#16104=CARTESIAN_POINT('',(-0.054625,0.03157840635,0.0013));
#16105=CARTESIAN_POINT('',(-0.0541250000321166,0.0315784063821166,0.0013));
#16106=CARTESIAN_POINT('',(-0.0541250000321166,0.0315784063821166,0.));
#16107=CARTESIAN_POINT('',(-0.054125,0.03207840635,0.));
#16108=CARTESIAN_POINT('',(-0.054125,0.03207840635,0.0013));
#16109=CARTESIAN_POINT('',(-0.047625,0.03207840635,0.0013));
#16110=CARTESIAN_POINT('',(-0.047625,0.03207840635,0.));
#16111=CARTESIAN_POINT('',(-0.041125,0.03207840635,0.));
#16112=CARTESIAN_POINT('',(-0.041125,0.03207840635,0.0013));
#16113=CARTESIAN_POINT('',(-0.0411249999678834,0.0315784063821166,0.0013));
#16114=CARTESIAN_POINT('',(-0.0411249999678834,0.0315784063821166,0.));
#16115=CARTESIAN_POINT('',(-0.040625,0.03157840635,0.));
#16116=CARTESIAN_POINT('',(-0.040625,0.03157840635,0.0013));
#16117=CARTESIAN_POINT('',(-0.040625,0.02507840635,0.0013));
#16118=CARTESIAN_POINT('',(-0.040625,0.02507840635,0.));
#16119=CARTESIAN_POINT('',(-0.040625,0.01857840635,0.));
#16120=CARTESIAN_POINT('',(-0.040625,0.01857840635,0.0013));
#16121=CARTESIAN_POINT('',(-0.111775,0.02793590635,0.0013));
#16122=CARTESIAN_POINT('',(-0.111775,0.02793590635,0.));
#16123=CARTESIAN_POINT('',(-0.111775,0.03443590635,0.));
#16124=CARTESIAN_POINT('',(-0.111775,0.02143590635,0.));
#16125=CARTESIAN_POINT('',(-0.111775,0.03443590635,0.0013));
#16126=CARTESIAN_POINT('',(-0.111775,0.02143590635,0.0013));
#16127=CARTESIAN_POINT('',(-0.111275000032117,0.0344359063821166,0.0013));
#16128=CARTESIAN_POINT('',(-0.111275000032117,0.0344359063821166,0.));
#16129=CARTESIAN_POINT('',(-0.111275,0.03493590635,0.));
#16130=CARTESIAN_POINT('',(-0.111275,0.03493590635,0.0013));
#16131=CARTESIAN_POINT('',(-0.104775,0.03493590635,0.0013));
#16132=CARTESIAN_POINT('',(-0.104775,0.03493590635,0.));
#16133=CARTESIAN_POINT('',(-0.098275,0.03493590635,0.));
#16134=CARTESIAN_POINT('',(-0.098275,0.03493590635,0.0013));
#16135=CARTESIAN_POINT('',(-0.0982749999678834,0.0344359063821165,0.0013));
#16136=CARTESIAN_POINT('',(-0.0982749999678834,0.0344359063821165,0.));
#16137=CARTESIAN_POINT('',(-0.097775,0.03443590635,0.));
#16138=CARTESIAN_POINT('',(-0.097775,0.03443590635,0.0013));
#16139=CARTESIAN_POINT('',(-0.097775,0.02793590635,0.0013));
#16140=CARTESIAN_POINT('',(-0.097775,0.02793590635,0.));
#16141=CARTESIAN_POINT('',(-0.097775,0.02143590635,0.));
#16142=CARTESIAN_POINT('',(-0.097775,0.02143590635,0.0013));
#16143=CARTESIAN_POINT('',(-0.0982749999678834,0.0214359063178834,0.0013));
#16144=CARTESIAN_POINT('',(-0.0982749999678834,0.0214359063178834,0.));
#16145=CARTESIAN_POINT('',(-0.098275,0.02093590635,0.));
#16146=CARTESIAN_POINT('',(-0.098275,0.02093590635,0.0013));
#16147=CARTESIAN_POINT('',(-0.104775,0.02093590635,0.0013));
#16148=CARTESIAN_POINT('',(-0.104775,0.02093590635,0.));
#16149=CARTESIAN_POINT('',(-0.111275,0.02093590635,0.));
#16150=CARTESIAN_POINT('',(-0.111275,0.02093590635,0.0013));
#16151=CARTESIAN_POINT('',(-0.149375000032117,-0.0112840936178834,0.0013));
#16152=CARTESIAN_POINT('',(-0.149375000032117,-0.0112840936178834,0.));
#16153=CARTESIAN_POINT('',(-0.149375,-0.01078409365,0.));
#16154=CARTESIAN_POINT('',(-0.149875,-0.01128409365,0.));
#16155=CARTESIAN_POINT('',(-0.149375,-0.01078409365,0.0013));
#16156=CARTESIAN_POINT('',(-0.149875,-0.01128409365,0.0013));
#16157=CARTESIAN_POINT('',(-0.142875,-0.01078409365,0.0013));
#16158=CARTESIAN_POINT('',(-0.142875,-0.01078409365,0.));
#16159=CARTESIAN_POINT('',(-0.136375,-0.01078409365,0.));
#16160=CARTESIAN_POINT('',(-0.136375,-0.01078409365,0.0013));
#16161=CARTESIAN_POINT('',(-0.136374999967883,-0.0112840936178834,0.0013));
#16162=CARTESIAN_POINT('',(-0.136374999967883,-0.0112840936178834,0.));
#16163=CARTESIAN_POINT('',(-0.135875,-0.01128409365,0.));
#16164=CARTESIAN_POINT('',(-0.135875,-0.01128409365,0.0013));
#16165=CARTESIAN_POINT('',(-0.135875,-0.01778409365,0.0013));
#16166=CARTESIAN_POINT('',(-0.135875,-0.01778409365,0.));
#16167=CARTESIAN_POINT('',(-0.135875,-0.02428409365,0.));
#16168=CARTESIAN_POINT('',(-0.135875,-0.02428409365,0.0013));
#16169=CARTESIAN_POINT('',(-0.136374999967883,-0.0242840936821166,0.0013));
#16170=CARTESIAN_POINT('',(-0.136374999967883,-0.0242840936821166,0.));
#16171=CARTESIAN_POINT('',(-0.136375,-0.02478409365,0.));
#16172=CARTESIAN_POINT('',(-0.136375,-0.02478409365,0.0013));
#16173=CARTESIAN_POINT('',(-0.142875,-0.02478409365,0.0013));
#16174=CARTESIAN_POINT('',(-0.142875,-0.02478409365,0.));
#16175=CARTESIAN_POINT('',(-0.149375,-0.02478409365,0.));
#16176=CARTESIAN_POINT('',(-0.149375,-0.02478409365,0.0013));
#16177=CARTESIAN_POINT('',(-0.149375000032117,-0.0242840936821166,0.0013));
#16178=CARTESIAN_POINT('',(-0.149375000032117,-0.0242840936821166,0.));
#16179=CARTESIAN_POINT('',(-0.149875,-0.02428409365,0.));
#16180=CARTESIAN_POINT('',(-0.149875,-0.02428409365,0.0013));
#16181=CARTESIAN_POINT('',(-0.117324999967883,0.0376284063178834,0.0013));
#16182=CARTESIAN_POINT('',(-0.117324999967883,0.0376284063178834,0.));
#16183=CARTESIAN_POINT('',(-0.117325,0.03712840635,0.));
#16184=CARTESIAN_POINT('',(-0.116825,0.03762840635,0.));
#16185=CARTESIAN_POINT('',(-0.117325,0.03712840635,0.0013));
#16186=CARTESIAN_POINT('',(-0.116825,0.03762840635,0.0013));
#16187=CARTESIAN_POINT('',(-0.123825,0.03712840635,0.0013));
#16188=CARTESIAN_POINT('',(-0.123825,0.03712840635,0.));
#16189=CARTESIAN_POINT('',(-0.130325,0.03712840635,0.));
#16190=CARTESIAN_POINT('',(-0.130325,0.03712840635,0.0013));
#16191=CARTESIAN_POINT('',(-0.130325000032117,0.0376284063178835,0.0013));
#16192=CARTESIAN_POINT('',(-0.130325000032117,0.0376284063178835,0.));
#16193=CARTESIAN_POINT('',(-0.130825,0.03762840635,0.));
#16194=CARTESIAN_POINT('',(-0.130825,0.03762840635,0.0013));
#16195=CARTESIAN_POINT('',(-0.130825,0.04412840635,0.0013));
#16196=CARTESIAN_POINT('',(-0.130825,0.04412840635,0.));
#16197=CARTESIAN_POINT('',(-0.130825,0.05062840635,0.));
#16198=CARTESIAN_POINT('',(-0.130825,0.05062840635,0.0013));
#16199=CARTESIAN_POINT('',(-0.130325000032117,0.0506284063821166,0.0013));
#16200=CARTESIAN_POINT('',(-0.130325000032117,0.0506284063821166,0.));
#16201=CARTESIAN_POINT('',(-0.130325,0.05112840635,0.));
#16202=CARTESIAN_POINT('',(-0.130325,0.05112840635,0.0013));
#16203=CARTESIAN_POINT('',(-0.123825,0.05112840635,0.0013));
#16204=CARTESIAN_POINT('',(-0.123825,0.05112840635,0.));
#16205=CARTESIAN_POINT('',(-0.117325,0.05112840635,0.));
#16206=CARTESIAN_POINT('',(-0.117325,0.05112840635,0.0013));
#16207=CARTESIAN_POINT('',(-0.117324999967883,0.0506284063821166,0.0013));
#16208=CARTESIAN_POINT('',(-0.117324999967883,0.0506284063821166,0.));
#16209=CARTESIAN_POINT('',(-0.116825,0.05062840635,0.));
#16210=CARTESIAN_POINT('',(-0.116825,0.05062840635,0.0013));
#16211=CARTESIAN_POINT('',(-0.142875,-0.00573409365,0.0013));
#16212=CARTESIAN_POINT('',(-0.142875,-0.00573409365,0.));
#16213=CARTESIAN_POINT('',(-0.149375,-0.00573409365,0.));
#16214=CARTESIAN_POINT('',(-0.136375,-0.00573409365,0.));
#16215=CARTESIAN_POINT('',(-0.149375,-0.00573409365,0.0013));
#16216=CARTESIAN_POINT('',(-0.136375,-0.00573409365,0.0013));
#16217=CARTESIAN_POINT('',(-0.149375000032117,-0.00523409368211657,0.0013));
#16218=CARTESIAN_POINT('',(-0.149375000032117,-0.00523409368211657,0.));
#16219=CARTESIAN_POINT('',(-0.149875,-0.00523409365,0.));
#16220=CARTESIAN_POINT('',(-0.149875,-0.00523409365,0.0013));
#16221=CARTESIAN_POINT('',(-0.149875,0.00126590635,0.0013));
#16222=CARTESIAN_POINT('',(-0.149875,0.00126590635,0.));
#16223=CARTESIAN_POINT('',(-0.149875,0.00776590635,0.));
#16224=CARTESIAN_POINT('',(-0.149875,0.00776590635,0.0013));
#16225=CARTESIAN_POINT('',(-0.149375000032117,0.00776590638211657,0.0013));
#16226=CARTESIAN_POINT('',(-0.149375000032117,0.00776590638211657,0.));
#16227=CARTESIAN_POINT('',(-0.149375,0.00826590635,0.));
#16228=CARTESIAN_POINT('',(-0.149375,0.00826590635,0.0013));
#16229=CARTESIAN_POINT('',(-0.142875,0.00826590635,0.0013));
#16230=CARTESIAN_POINT('',(-0.142875,0.00826590635,0.));
#16231=CARTESIAN_POINT('',(-0.136375,0.00826590635,0.));
#16232=CARTESIAN_POINT('',(-0.136375,0.00826590635,0.0013));
#16233=CARTESIAN_POINT('',(-0.136374999967883,0.00776590638211652,0.0013));
#16234=CARTESIAN_POINT('',(-0.136374999967883,0.00776590638211652,0.));
#16235=CARTESIAN_POINT('',(-0.135875,0.00776590635,0.));
#16236=CARTESIAN_POINT('',(-0.135875,0.00776590635,0.0013));
#16237=CARTESIAN_POINT('',(-0.135875,0.00126590635,0.0013));
#16238=CARTESIAN_POINT('',(-0.135875,0.00126590635,0.));
#16239=CARTESIAN_POINT('',(-0.135875,-0.00523409365,0.));
#16240=CARTESIAN_POINT('',(-0.135875,-0.00523409365,0.0013));
#16241=CARTESIAN_POINT('',(-0.047625,0.05112840635,0.0013));
#16242=CARTESIAN_POINT('',(-0.047625,0.05112840635,0.));
#16243=CARTESIAN_POINT('',(-0.041125,0.05112840635,0.));
#16244=CARTESIAN_POINT('',(-0.054125,0.05112840635,0.));
#16245=CARTESIAN_POINT('',(-0.041125,0.05112840635,0.0013));
#16246=CARTESIAN_POINT('',(-0.054125,0.05112840635,0.0013));
#16247=CARTESIAN_POINT('',(-0.0411249999678834,0.0506284063821166,0.0013));
#16248=CARTESIAN_POINT('',(-0.0411249999678834,0.0506284063821166,0.));
#16249=CARTESIAN_POINT('',(-0.040625,0.05062840635,0.));
#16250=CARTESIAN_POINT('',(-0.040625,0.05062840635,0.0013));
#16251=CARTESIAN_POINT('',(-0.040625,0.04412840635,0.0013));
#16252=CARTESIAN_POINT('',(-0.040625,0.04412840635,0.));
#16253=CARTESIAN_POINT('',(-0.040625,0.03762840635,0.));
#16254=CARTESIAN_POINT('',(-0.040625,0.03762840635,0.0013));
#16255=CARTESIAN_POINT('',(-0.0411249999678834,0.0376284063178835,0.0013));
#16256=CARTESIAN_POINT('',(-0.0411249999678834,0.0376284063178835,0.));
#16257=CARTESIAN_POINT('',(-0.041125,0.03712840635,0.));
#16258=CARTESIAN_POINT('',(-0.041125,0.03712840635,0.0013));
#16259=CARTESIAN_POINT('',(-0.047625,0.03712840635,0.0013));
#16260=CARTESIAN_POINT('',(-0.047625,0.03712840635,0.));
#16261=CARTESIAN_POINT('',(-0.054125,0.03712840635,0.));
#16262=CARTESIAN_POINT('',(-0.054125,0.03712840635,0.0013));
#16263=CARTESIAN_POINT('',(-0.0541250000321166,0.0376284063178835,0.0013));
#16264=CARTESIAN_POINT('',(-0.0541250000321166,0.0376284063178835,0.));
#16265=CARTESIAN_POINT('',(-0.054625,0.03762840635,0.));
#16266=CARTESIAN_POINT('',(-0.054625,0.03762840635,0.0013));
#16267=CARTESIAN_POINT('',(-0.054625,0.04412840635,0.0013));
#16268=CARTESIAN_POINT('',(-0.054625,0.04412840635,0.));
#16269=CARTESIAN_POINT('',(-0.054625,0.05062840635,0.));
#16270=CARTESIAN_POINT('',(-0.054625,0.05062840635,0.0013));
#16271=CARTESIAN_POINT('',(-0.0904875,-0.02221409365,0.0013));
#16272=CARTESIAN_POINT('',(-0.0904875,-0.02221409365,0.));
#16273=CARTESIAN_POINT('',(-0.0839875,-0.02221409365,0.));
#16274=CARTESIAN_POINT('',(-0.0969875,-0.02221409365,0.));
#16275=CARTESIAN_POINT('',(-0.0839875,-0.02221409365,0.0013));
#16276=CARTESIAN_POINT('',(-0.0969875,-0.02221409365,0.0013));
#16277=CARTESIAN_POINT('',(-0.0839874999678834,-0.0227140936178835,0.0013));
#16278=CARTESIAN_POINT('',(-0.0839874999678834,-0.0227140936178835,0.));
#16279=CARTESIAN_POINT('',(-0.0834875,-0.02271409365,0.));
#16280=CARTESIAN_POINT('',(-0.0834875,-0.02271409365,0.0013));
#16281=CARTESIAN_POINT('',(-0.0834875,-0.02921409365,0.0013));
#16282=CARTESIAN_POINT('',(-0.0834875,-0.02921409365,0.));
#16283=CARTESIAN_POINT('',(-0.0834875,-0.03571409365,0.));
#16284=CARTESIAN_POINT('',(-0.0834875,-0.03571409365,0.0013));
#16285=CARTESIAN_POINT('',(-0.0839874999678834,-0.0357140936821166,0.0013));
#16286=CARTESIAN_POINT('',(-0.0839874999678834,-0.0357140936821166,0.));
#16287=CARTESIAN_POINT('',(-0.0839875,-0.03621409365,0.));
#16288=CARTESIAN_POINT('',(-0.0839875,-0.03621409365,0.0013));
#16289=CARTESIAN_POINT('',(-0.0904875,-0.03621409365,0.0013));
#16290=CARTESIAN_POINT('',(-0.0904875,-0.03621409365,0.));
#16291=CARTESIAN_POINT('',(-0.0969875,-0.03621409365,0.));
#16292=CARTESIAN_POINT('',(-0.0969875,-0.03621409365,0.0013));
#16293=CARTESIAN_POINT('',(-0.0969875000321166,-0.0357140936821166,0.0013));
#16294=CARTESIAN_POINT('',(-0.0969875000321166,-0.0357140936821166,0.));
#16295=CARTESIAN_POINT('',(-0.0974875,-0.03571409365,0.));
#16296=CARTESIAN_POINT('',(-0.0974875,-0.03571409365,0.0013));
#16297=CARTESIAN_POINT('',(-0.0974875,-0.02921409365,0.0013));
#16298=CARTESIAN_POINT('',(-0.0974875,-0.02921409365,0.));
#16299=CARTESIAN_POINT('',(-0.0974875,-0.02271409365,0.));
#16300=CARTESIAN_POINT('',(-0.0974875,-0.02271409365,0.0013));
#16301=CARTESIAN_POINT('',(-0.111775,-0.01016409365,0.0013));
#16302=CARTESIAN_POINT('',(-0.111775,-0.01016409365,0.));
#16303=CARTESIAN_POINT('',(-0.111775,-0.00366409365,0.));
#16304=CARTESIAN_POINT('',(-0.111775,-0.01666409365,0.));
#16305=CARTESIAN_POINT('',(-0.111775,-0.00366409365,0.0013));
#16306=CARTESIAN_POINT('',(-0.111775,-0.01666409365,0.0013));
#16307=CARTESIAN_POINT('',(-0.111275000032117,-0.00366409361788343,0.0013));
#16308=CARTESIAN_POINT('',(-0.111275000032117,-0.00366409361788343,0.));
#16309=CARTESIAN_POINT('',(-0.111275,-0.00316409365,0.));
#16310=CARTESIAN_POINT('',(-0.111275,-0.00316409365,0.0013));
#16311=CARTESIAN_POINT('',(-0.104775,-0.00316409365,0.0013));
#16312=CARTESIAN_POINT('',(-0.104775,-0.00316409365,0.));
#16313=CARTESIAN_POINT('',(-0.098275,-0.00316409365,0.));
#16314=CARTESIAN_POINT('',(-0.098275,-0.00316409365,0.0013));
#16315=CARTESIAN_POINT('',(-0.0982749999678834,-0.00366409361788343,0.0013));
#16316=CARTESIAN_POINT('',(-0.0982749999678834,-0.00366409361788343,0.));
#16317=CARTESIAN_POINT('',(-0.097775,-0.00366409365,0.));
#16318=CARTESIAN_POINT('',(-0.097775,-0.00366409365,0.0013));
#16319=CARTESIAN_POINT('',(-0.097775,-0.01016409365,0.0013));
#16320=CARTESIAN_POINT('',(-0.097775,-0.01016409365,0.));
#16321=CARTESIAN_POINT('',(-0.097775,-0.01666409365,0.));
#16322=CARTESIAN_POINT('',(-0.097775,-0.01666409365,0.0013));
#16323=CARTESIAN_POINT('',(-0.0982749999678834,-0.0166640936821165,0.0013));
#16324=CARTESIAN_POINT('',(-0.0982749999678834,-0.0166640936821165,0.));
#16325=CARTESIAN_POINT('',(-0.098275,-0.01716409365,0.));
#16326=CARTESIAN_POINT('',(-0.098275,-0.01716409365,0.0013));
#16327=CARTESIAN_POINT('',(-0.104775,-0.01716409365,0.0013));
#16328=CARTESIAN_POINT('',(-0.104775,-0.01716409365,0.));
#16329=CARTESIAN_POINT('',(-0.111275,-0.01716409365,0.));
#16330=CARTESIAN_POINT('',(-0.111275,-0.01716409365,0.0013));
#16331=CARTESIAN_POINT('',(-0.059675,-0.01016409365,0.0013));
#16332=CARTESIAN_POINT('',(-0.059675,-0.01016409365,0.));
#16333=CARTESIAN_POINT('',(-0.059675,-0.01666409365,0.));
#16334=CARTESIAN_POINT('',(-0.059675,-0.00366409365,0.));
#16335=CARTESIAN_POINT('',(-0.059675,-0.01666409365,0.0013));
#16336=CARTESIAN_POINT('',(-0.059675,-0.00366409365,0.0013));
#16337=CARTESIAN_POINT('',(-0.0601749999678834,-0.0166640936821165,0.0013));
#16338=CARTESIAN_POINT('',(-0.0601749999678834,-0.0166640936821165,0.));
#16339=CARTESIAN_POINT('',(-0.060175,-0.01716409365,0.));
#16340=CARTESIAN_POINT('',(-0.060175,-0.01716409365,0.0013));
#16341=CARTESIAN_POINT('',(-0.066675,-0.01716409365,0.0013));
#16342=CARTESIAN_POINT('',(-0.066675,-0.01716409365,0.));
#16343=CARTESIAN_POINT('',(-0.073175,-0.01716409365,0.));
#16344=CARTESIAN_POINT('',(-0.073175,-0.01716409365,0.0013));
#16345=CARTESIAN_POINT('',(-0.0731750000321166,-0.0166640936821165,0.0013));
#16346=CARTESIAN_POINT('',(-0.0731750000321166,-0.0166640936821165,0.));
#16347=CARTESIAN_POINT('',(-0.073675,-0.01666409365,0.));
#16348=CARTESIAN_POINT('',(-0.073675,-0.01666409365,0.0013));
#16349=CARTESIAN_POINT('',(-0.073675,-0.01016409365,0.0013));
#16350=CARTESIAN_POINT('',(-0.073675,-0.01016409365,0.));
#16351=CARTESIAN_POINT('',(-0.073675,-0.00366409365,0.));
#16352=CARTESIAN_POINT('',(-0.073675,-0.00366409365,0.0013));
#16353=CARTESIAN_POINT('',(-0.0731750000321166,-0.00366409361788343,0.0013));
#16354=CARTESIAN_POINT('',(-0.0731750000321166,-0.00366409361788343,0.));
#16355=CARTESIAN_POINT('',(-0.073175,-0.00316409365,0.));
#16356=CARTESIAN_POINT('',(-0.073175,-0.00316409365,0.0013));
#16357=CARTESIAN_POINT('',(-0.066675,-0.00316409365,0.0013));
#16358=CARTESIAN_POINT('',(-0.066675,-0.00316409365,0.));
#16359=CARTESIAN_POINT('',(-0.060175,-0.00316409365,0.));
#16360=CARTESIAN_POINT('',(-0.060175,-0.00316409365,0.0013));
#16361=CARTESIAN_POINT('',(-0.047625,-0.00602159365,0.0013));
#16362=CARTESIAN_POINT('',(-0.047625,-0.00602159365,0.));
#16363=CARTESIAN_POINT('',(-0.041125,-0.00602159365,0.));
#16364=CARTESIAN_POINT('',(-0.054125,-0.00602159365,0.));
#16365=CARTESIAN_POINT('',(-0.041125,-0.00602159365,0.0013));
#16366=CARTESIAN_POINT('',(-0.054125,-0.00602159365,0.0013));
#16367=CARTESIAN_POINT('',(-0.0411249999678834,-0.00652159361788345,0.0013));
#16368=CARTESIAN_POINT('',(-0.0411249999678834,-0.00652159361788345,0.));
#16369=CARTESIAN_POINT('',(-0.040625,-0.00652159365,0.));
#16370=CARTESIAN_POINT('',(-0.040625,-0.00652159365,0.0013));
#16371=CARTESIAN_POINT('',(-0.040625,-0.01302159365,0.0013));
#16372=CARTESIAN_POINT('',(-0.040625,-0.01302159365,0.));
#16373=CARTESIAN_POINT('',(-0.040625,-0.01952159365,0.));
#16374=CARTESIAN_POINT('',(-0.040625,-0.01952159365,0.0013));
#16375=CARTESIAN_POINT('',(-0.0411249999678834,-0.0195215936821166,0.0013));
#16376=CARTESIAN_POINT('',(-0.0411249999678834,-0.0195215936821166,0.));
#16377=CARTESIAN_POINT('',(-0.041125,-0.02002159365,0.));
#16378=CARTESIAN_POINT('',(-0.041125,-0.02002159365,0.0013));
#16379=CARTESIAN_POINT('',(-0.047625,-0.02002159365,0.0013));
#16380=CARTESIAN_POINT('',(-0.047625,-0.02002159365,0.));
#16381=CARTESIAN_POINT('',(-0.054125,-0.02002159365,0.));
#16382=CARTESIAN_POINT('',(-0.054125,-0.02002159365,0.0013));
#16383=CARTESIAN_POINT('',(-0.0541250000321166,-0.0195215936821166,0.0013));
#16384=CARTESIAN_POINT('',(-0.0541250000321166,-0.0195215936821166,0.));
#16385=CARTESIAN_POINT('',(-0.054625,-0.01952159365,0.));
#16386=CARTESIAN_POINT('',(-0.054625,-0.01952159365,0.0013));
#16387=CARTESIAN_POINT('',(-0.054625,-0.01302159365,0.0013));
#16388=CARTESIAN_POINT('',(-0.054625,-0.01302159365,0.));
#16389=CARTESIAN_POINT('',(-0.054625,-0.00652159365,0.));
#16390=CARTESIAN_POINT('',(-0.054625,-0.00652159365,0.0013));
#16391=CARTESIAN_POINT('',(-0.0411249999678834,0.0125284063821166,0.0013));
#16392=CARTESIAN_POINT('',(-0.0411249999678834,0.0125284063821166,0.));
#16393=CARTESIAN_POINT('',(-0.040625,0.01252840635,0.));
#16394=CARTESIAN_POINT('',(-0.041125,0.01302840635,0.));
#16395=CARTESIAN_POINT('',(-0.040625,0.01252840635,0.0013));
#16396=CARTESIAN_POINT('',(-0.041125,0.01302840635,0.0013));
#16397=CARTESIAN_POINT('',(-0.040625,0.00602840635000001,0.0013));
#16398=CARTESIAN_POINT('',(-0.040625,0.00602840635000001,0.));
#16399=CARTESIAN_POINT('',(-0.040625,-0.000471593649999995,0.));
#16400=CARTESIAN_POINT('',(-0.040625,-0.000471593649999995,0.0013));
#16401=CARTESIAN_POINT('',(-0.0411249999678834,-0.00047159368211655,0.0013));
#16402=CARTESIAN_POINT('',(-0.0411249999678834,-0.00047159368211655,0.));
#16403=CARTESIAN_POINT('',(-0.041125,-0.000971593649999996,0.));
#16404=CARTESIAN_POINT('',(-0.041125,-0.000971593649999996,0.0013));
#16405=CARTESIAN_POINT('',(-0.047625,-0.000971593649999996,0.0013));
#16406=CARTESIAN_POINT('',(-0.047625,-0.000971593649999996,0.));
#16407=CARTESIAN_POINT('',(-0.054125,-0.000971593649999993,0.));
#16408=CARTESIAN_POINT('',(-0.054125,-0.000971593649999993,0.0013));
#16409=CARTESIAN_POINT('',(-0.0541250000321166,-0.000471593682116562,0.0013));
#16410=CARTESIAN_POINT('',(-0.0541250000321166,-0.000471593682116562,0.));
#16411=CARTESIAN_POINT('',(-0.054625,-0.000471593649999996,0.));
#16412=CARTESIAN_POINT('',(-0.054625,-0.000471593649999996,0.0013));
#16413=CARTESIAN_POINT('',(-0.054625,0.00602840635000001,0.0013));
#16414=CARTESIAN_POINT('',(-0.054625,0.00602840635000001,0.));
#16415=CARTESIAN_POINT('',(-0.054625,0.01252840635,0.));
#16416=CARTESIAN_POINT('',(-0.054625,0.01252840635,0.0013));
#16417=CARTESIAN_POINT('',(-0.0541250000321166,0.0125284063821166,0.0013));
#16418=CARTESIAN_POINT('',(-0.0541250000321166,0.0125284063821166,0.));
#16419=CARTESIAN_POINT('',(-0.054125,0.01302840635,0.));
#16420=CARTESIAN_POINT('',(-0.054125,0.01302840635,0.0013));
#16421=CARTESIAN_POINT('',(-0.0784375,-0.02921409365,0.0013));
#16422=CARTESIAN_POINT('',(-0.0784375,-0.02921409365,0.));
#16423=CARTESIAN_POINT('',(-0.0784375,-0.02271409365,0.));
#16424=CARTESIAN_POINT('',(-0.0784375,-0.03571409365,0.));
#16425=CARTESIAN_POINT('',(-0.0784375,-0.02271409365,0.0013));
#16426=CARTESIAN_POINT('',(-0.0784375,-0.03571409365,0.0013));
#16427=CARTESIAN_POINT('',(-0.0779375000321166,-0.0227140936178835,0.0013));
#16428=CARTESIAN_POINT('',(-0.0779375000321166,-0.0227140936178835,0.));
#16429=CARTESIAN_POINT('',(-0.0779375,-0.02221409365,0.));
#16430=CARTESIAN_POINT('',(-0.0779375,-0.02221409365,0.0013));
#16431=CARTESIAN_POINT('',(-0.0714375,-0.02221409365,0.0013));
#16432=CARTESIAN_POINT('',(-0.0714375,-0.02221409365,0.));
#16433=CARTESIAN_POINT('',(-0.0649375,-0.02221409365,0.));
#16434=CARTESIAN_POINT('',(-0.0649375,-0.02221409365,0.0013));
#16435=CARTESIAN_POINT('',(-0.0649374999678834,-0.0227140936178835,0.0013));
#16436=CARTESIAN_POINT('',(-0.0649374999678834,-0.0227140936178835,0.));
#16437=CARTESIAN_POINT('',(-0.0644375,-0.02271409365,0.));
#16438=CARTESIAN_POINT('',(-0.0644375,-0.02271409365,0.0013));
#16439=CARTESIAN_POINT('',(-0.0644375,-0.02921409365,0.0013));
#16440=CARTESIAN_POINT('',(-0.0644375,-0.02921409365,0.));
#16441=CARTESIAN_POINT('',(-0.0644375,-0.03571409365,0.));
#16442=CARTESIAN_POINT('',(-0.0644375,-0.03571409365,0.0013));
#16443=CARTESIAN_POINT('',(-0.0649374999678834,-0.0357140936821166,0.0013));
#16444=CARTESIAN_POINT('',(-0.0649374999678834,-0.0357140936821166,0.));
#16445=CARTESIAN_POINT('',(-0.0649375,-0.03621409365,0.));
#16446=CARTESIAN_POINT('',(-0.0649375,-0.03621409365,0.0013));
#16447=CARTESIAN_POINT('',(-0.0714375,-0.03621409365,0.0013));
#16448=CARTESIAN_POINT('',(-0.0714375,-0.03621409365,0.));
#16449=CARTESIAN_POINT('',(-0.0779375,-0.03621409365,0.));
#16450=CARTESIAN_POINT('',(-0.0779375,-0.03621409365,0.0013));
#16451=CARTESIAN_POINT('',(-0.117324999967883,-0.00652159361788343,0.0013));
#16452=CARTESIAN_POINT('',(-0.117324999967883,-0.00652159361788343,0.));
#16453=CARTESIAN_POINT('',(-0.116825,-0.00652159365,0.));
#16454=CARTESIAN_POINT('',(-0.117325,-0.00602159365,0.));
#16455=CARTESIAN_POINT('',(-0.116825,-0.00652159365,0.0013));
#16456=CARTESIAN_POINT('',(-0.117325,-0.00602159365,0.0013));
#16457=CARTESIAN_POINT('',(-0.116825,-0.01302159365,0.0013));
#16458=CARTESIAN_POINT('',(-0.116825,-0.01302159365,0.));
#16459=CARTESIAN_POINT('',(-0.116825,-0.01952159365,0.));
#16460=CARTESIAN_POINT('',(-0.116825,-0.01952159365,0.0013));
#16461=CARTESIAN_POINT('',(-0.117324999967883,-0.0195215936821166,0.0013));
#16462=CARTESIAN_POINT('',(-0.117324999967883,-0.0195215936821166,0.));
#16463=CARTESIAN_POINT('',(-0.117325,-0.02002159365,0.));
#16464=CARTESIAN_POINT('',(-0.117325,-0.02002159365,0.0013));
#16465=CARTESIAN_POINT('',(-0.123825,-0.02002159365,0.0013));
#16466=CARTESIAN_POINT('',(-0.123825,-0.02002159365,0.));
#16467=CARTESIAN_POINT('',(-0.130325,-0.02002159365,0.));
#16468=CARTESIAN_POINT('',(-0.130325,-0.02002159365,0.0013));
#16469=CARTESIAN_POINT('',(-0.130325000032117,-0.0195215936821166,0.0013));
#16470=CARTESIAN_POINT('',(-0.130325000032117,-0.0195215936821166,0.));
#16471=CARTESIAN_POINT('',(-0.130825,-0.01952159365,0.));
#16472=CARTESIAN_POINT('',(-0.130825,-0.01952159365,0.0013));
#16473=CARTESIAN_POINT('',(-0.130825,-0.01302159365,0.0013));
#16474=CARTESIAN_POINT('',(-0.130825,-0.01302159365,0.));
#16475=CARTESIAN_POINT('',(-0.130825,-0.00652159365,0.));
#16476=CARTESIAN_POINT('',(-0.130825,-0.00652159365,0.0013));
#16477=CARTESIAN_POINT('',(-0.130325000032117,-0.00652159361788339,0.0013));
#16478=CARTESIAN_POINT('',(-0.130325000032117,-0.00652159361788339,0.));
#16479=CARTESIAN_POINT('',(-0.130325,-0.00602159365,0.));
#16480=CARTESIAN_POINT('',(-0.130325,-0.00602159365,0.0013));
#16481=CARTESIAN_POINT('',(-0.085725,0.01874340635,0.0013));
#16482=CARTESIAN_POINT('',(-0.085725,0.01874340635,0.));
#16483=CARTESIAN_POINT('',(-0.079225,0.01874340635,0.));
#16484=CARTESIAN_POINT('',(-0.092225,0.01874340635,0.));
#16485=CARTESIAN_POINT('',(-0.079225,0.01874340635,0.0013));
#16486=CARTESIAN_POINT('',(-0.092225,0.01874340635,0.0013));
#16487=CARTESIAN_POINT('',(-0.0792249999678834,0.0182434063821166,0.0013));
#16488=CARTESIAN_POINT('',(-0.0792249999678834,0.0182434063821166,0.));
#16489=CARTESIAN_POINT('',(-0.078725,0.01824340635,0.));
#16490=CARTESIAN_POINT('',(-0.078725,0.01824340635,0.0013));
#16491=CARTESIAN_POINT('',(-0.078725,0.01174340635,0.0013));
#16492=CARTESIAN_POINT('',(-0.078725,0.01174340635,0.));
#16493=CARTESIAN_POINT('',(-0.078725,0.00524340635,0.));
#16494=CARTESIAN_POINT('',(-0.078725,0.00524340635,0.0013));
#16495=CARTESIAN_POINT('',(-0.0792249999678834,0.00524340631788344,0.0013));
#16496=CARTESIAN_POINT('',(-0.0792249999678834,0.00524340631788344,0.));
#16497=CARTESIAN_POINT('',(-0.079225,0.00474340635,0.));
#16498=CARTESIAN_POINT('',(-0.079225,0.00474340635,0.0013));
#16499=CARTESIAN_POINT('',(-0.085725,0.00474340635,0.0013));
#16500=CARTESIAN_POINT('',(-0.085725,0.00474340635,0.));
#16501=CARTESIAN_POINT('',(-0.092225,0.00474340635,0.));
#16502=CARTESIAN_POINT('',(-0.092225,0.00474340635,0.0013));
#16503=CARTESIAN_POINT('',(-0.0922250000321166,0.00524340631788344,0.0013));
#16504=CARTESIAN_POINT('',(-0.0922250000321166,0.00524340631788344,0.));
#16505=CARTESIAN_POINT('',(-0.092725,0.00524340635,0.));
#16506=CARTESIAN_POINT('',(-0.092725,0.00524340635,0.0013));
#16507=CARTESIAN_POINT('',(-0.092725,0.01174340635,0.0013));
#16508=CARTESIAN_POINT('',(-0.092725,0.01174340635,0.));
#16509=CARTESIAN_POINT('',(-0.092725,0.01824340635,0.));
#16510=CARTESIAN_POINT('',(-0.092725,0.01824340635,0.0013));
#16511=CARTESIAN_POINT('',(-0.0922250000321166,0.0372934063821165,0.0013));
#16512=CARTESIAN_POINT('',(-0.0922250000321166,0.0372934063821165,0.));
#16513=CARTESIAN_POINT('',(-0.092225,0.03779340635,0.));
#16514=CARTESIAN_POINT('',(-0.092725,0.03729340635,0.));
#16515=CARTESIAN_POINT('',(-0.092225,0.03779340635,0.0013));
#16516=CARTESIAN_POINT('',(-0.092725,0.03729340635,0.0013));
#16517=CARTESIAN_POINT('',(-0.085725,0.03779340635,0.0013));
#16518=CARTESIAN_POINT('',(-0.085725,0.03779340635,0.));
#16519=CARTESIAN_POINT('',(-0.079225,0.03779340635,0.));
#16520=CARTESIAN_POINT('',(-0.079225,0.03779340635,0.0013));
#16521=CARTESIAN_POINT('',(-0.0792249999678834,0.0372934063821166,0.0013));
#16522=CARTESIAN_POINT('',(-0.0792249999678834,0.0372934063821166,0.));
#16523=CARTESIAN_POINT('',(-0.078725,0.03729340635,0.));
#16524=CARTESIAN_POINT('',(-0.078725,0.03729340635,0.0013));
#16525=CARTESIAN_POINT('',(-0.078725,0.03079340635,0.0013));
#16526=CARTESIAN_POINT('',(-0.078725,0.03079340635,0.));
#16527=CARTESIAN_POINT('',(-0.078725,0.02429340635,0.));
#16528=CARTESIAN_POINT('',(-0.078725,0.02429340635,0.0013));
#16529=CARTESIAN_POINT('',(-0.0792249999678834,0.0242934063178834,0.0013));
#16530=CARTESIAN_POINT('',(-0.0792249999678834,0.0242934063178834,0.));
#16531=CARTESIAN_POINT('',(-0.079225,0.02379340635,0.));
#16532=CARTESIAN_POINT('',(-0.079225,0.02379340635,0.0013));
#16533=CARTESIAN_POINT('',(-0.085725,0.02379340635,0.0013));
#16534=CARTESIAN_POINT('',(-0.085725,0.02379340635,0.));
#16535=CARTESIAN_POINT('',(-0.092225,0.02379340635,0.));
#16536=CARTESIAN_POINT('',(-0.092225,0.02379340635,0.0013));
#16537=CARTESIAN_POINT('',(-0.0922250000321166,0.0242934063178835,0.0013));
#16538=CARTESIAN_POINT('',(-0.0922250000321166,0.0242934063178835,0.));
#16539=CARTESIAN_POINT('',(-0.092725,0.02429340635,0.));
#16540=CARTESIAN_POINT('',(-0.092725,0.02429340635,0.0013));
#16541=CARTESIAN_POINT('',(-0.066675,0.02093590635,0.0013));
#16542=CARTESIAN_POINT('',(-0.066675,0.02093590635,0.));
#16543=CARTESIAN_POINT('',(-0.073175,0.02093590635,0.));
#16544=CARTESIAN_POINT('',(-0.060175,0.02093590635,0.));
#16545=CARTESIAN_POINT('',(-0.073175,0.02093590635,0.0013));
#16546=CARTESIAN_POINT('',(-0.060175,0.02093590635,0.0013));
#16547=CARTESIAN_POINT('',(-0.0731750000321166,0.0214359063178834,0.0013));
#16548=CARTESIAN_POINT('',(-0.0731750000321166,0.0214359063178834,0.));
#16549=CARTESIAN_POINT('',(-0.073675,0.02143590635,0.));
#16550=CARTESIAN_POINT('',(-0.073675,0.02143590635,0.0013));
#16551=CARTESIAN_POINT('',(-0.073675,0.02793590635,0.0013));
#16552=CARTESIAN_POINT('',(-0.073675,0.02793590635,0.));
#16553=CARTESIAN_POINT('',(-0.073675,0.03443590635,0.));
#16554=CARTESIAN_POINT('',(-0.073675,0.03443590635,0.0013));
#16555=CARTESIAN_POINT('',(-0.0731750000321166,0.0344359063821165,0.0013));
#16556=CARTESIAN_POINT('',(-0.0731750000321166,0.0344359063821165,0.));
#16557=CARTESIAN_POINT('',(-0.073175,0.03493590635,0.));
#16558=CARTESIAN_POINT('',(-0.073175,0.03493590635,0.0013));
#16559=CARTESIAN_POINT('',(-0.066675,0.03493590635,0.0013));
#16560=CARTESIAN_POINT('',(-0.066675,0.03493590635,0.));
#16561=CARTESIAN_POINT('',(-0.060175,0.03493590635,0.));
#16562=CARTESIAN_POINT('',(-0.060175,0.03493590635,0.0013));
#16563=CARTESIAN_POINT('',(-0.0601749999678834,0.0344359063821165,0.0013));
#16564=CARTESIAN_POINT('',(-0.0601749999678834,0.0344359063821165,0.));
#16565=CARTESIAN_POINT('',(-0.059675,0.03443590635,0.));
#16566=CARTESIAN_POINT('',(-0.059675,0.03443590635,0.0013));
#16567=CARTESIAN_POINT('',(-0.059675,0.02793590635,0.0013));
#16568=CARTESIAN_POINT('',(-0.059675,0.02793590635,0.));
#16569=CARTESIAN_POINT('',(-0.059675,0.02143590635,0.));
#16570=CARTESIAN_POINT('',(-0.059675,0.02143590635,0.0013));
#16571=CARTESIAN_POINT('',(-0.078725,-0.00730659365,0.0013));
#16572=CARTESIAN_POINT('',(-0.078725,-0.00730659365,0.));
#16573=CARTESIAN_POINT('',(-0.078725,-0.01380659365,0.));
#16574=CARTESIAN_POINT('',(-0.078725,-0.000806593649999996,0.));
#16575=CARTESIAN_POINT('',(-0.078725,-0.01380659365,0.0013));
#16576=CARTESIAN_POINT('',(-0.078725,-0.000806593649999996,0.0013));
#16577=CARTESIAN_POINT('',(-0.0792249999678834,-0.0138065936821166,0.0013));
#16578=CARTESIAN_POINT('',(-0.0792249999678834,-0.0138065936821166,0.));
#16579=CARTESIAN_POINT('',(-0.079225,-0.01430659365,0.));
#16580=CARTESIAN_POINT('',(-0.079225,-0.01430659365,0.0013));
#16581=CARTESIAN_POINT('',(-0.085725,-0.01430659365,0.0013));
#16582=CARTESIAN_POINT('',(-0.085725,-0.01430659365,0.));
#16583=CARTESIAN_POINT('',(-0.092225,-0.01430659365,0.));
#16584=CARTESIAN_POINT('',(-0.092225,-0.01430659365,0.0013));
#16585=CARTESIAN_POINT('',(-0.0922250000321166,-0.0138065936821166,0.0013));
#16586=CARTESIAN_POINT('',(-0.0922250000321166,-0.0138065936821166,0.));
#16587=CARTESIAN_POINT('',(-0.092725,-0.01380659365,0.));
#16588=CARTESIAN_POINT('',(-0.092725,-0.01380659365,0.0013));
#16589=CARTESIAN_POINT('',(-0.092725,-0.00730659365,0.0013));
#16590=CARTESIAN_POINT('',(-0.092725,-0.00730659365,0.));
#16591=CARTESIAN_POINT('',(-0.092725,-0.000806593649999996,0.));
#16592=CARTESIAN_POINT('',(-0.092725,-0.000806593649999996,0.0013));
#16593=CARTESIAN_POINT('',(-0.0922250000321166,-0.00080659361788343,0.0013));
#16594=CARTESIAN_POINT('',(-0.0922250000321166,-0.00080659361788343,0.));
#16595=CARTESIAN_POINT('',(-0.092225,-0.000306593649999999,0.));
#16596=CARTESIAN_POINT('',(-0.092225,-0.000306593649999999,0.0013));
#16597=CARTESIAN_POINT('',(-0.085725,-0.000306593649999997,0.0013));
#16598=CARTESIAN_POINT('',(-0.085725,-0.000306593649999997,0.));
#16599=CARTESIAN_POINT('',(-0.079225,-0.000306593649999997,0.));
#16600=CARTESIAN_POINT('',(-0.079225,-0.000306593649999997,0.0013));
#16601=CARTESIAN_POINT('',(-0.1095375,-0.03907159365,0.0013));
#16602=CARTESIAN_POINT('',(-0.1095375,-0.03907159365,0.));
#16603=CARTESIAN_POINT('',(-0.1160375,-0.03907159365,0.));
#16604=CARTESIAN_POINT('',(-0.1030375,-0.03907159365,0.));
#16605=CARTESIAN_POINT('',(-0.1160375,-0.03907159365,0.0013));
#16606=CARTESIAN_POINT('',(-0.1030375,-0.03907159365,0.0013));
#16607=CARTESIAN_POINT('',(-0.116037500032117,-0.0385715936821166,0.0013));
#16608=CARTESIAN_POINT('',(-0.116037500032117,-0.0385715936821166,0.));
#16609=CARTESIAN_POINT('',(-0.1165375,-0.03857159365,0.));
#16610=CARTESIAN_POINT('',(-0.1165375,-0.03857159365,0.0013));
#16611=CARTESIAN_POINT('',(-0.1165375,-0.03207159365,0.0013));
#16612=CARTESIAN_POINT('',(-0.1165375,-0.03207159365,0.));
#16613=CARTESIAN_POINT('',(-0.1165375,-0.02557159365,0.));
#16614=CARTESIAN_POINT('',(-0.1165375,-0.02557159365,0.0013));
#16615=CARTESIAN_POINT('',(-0.116037500032117,-0.0255715936178835,0.0013));
#16616=CARTESIAN_POINT('',(-0.116037500032117,-0.0255715936178835,0.));
#16617=CARTESIAN_POINT('',(-0.1160375,-0.02507159365,0.));
#16618=CARTESIAN_POINT('',(-0.1160375,-0.02507159365,0.0013));
#16619=CARTESIAN_POINT('',(-0.1095375,-0.02507159365,0.0013));
#16620=CARTESIAN_POINT('',(-0.1095375,-0.02507159365,0.));
#16621=CARTESIAN_POINT('',(-0.1030375,-0.02507159365,0.));
#16622=CARTESIAN_POINT('',(-0.1030375,-0.02507159365,0.0013));
#16623=CARTESIAN_POINT('',(-0.103037499967883,-0.0255715936178834,0.0013));
#16624=CARTESIAN_POINT('',(-0.103037499967883,-0.0255715936178834,0.));
#16625=CARTESIAN_POINT('',(-0.1025375,-0.02557159365,0.));
#16626=CARTESIAN_POINT('',(-0.1025375,-0.02557159365,0.0013));
#16627=CARTESIAN_POINT('',(-0.1025375,-0.03207159365,0.0013));
#16628=CARTESIAN_POINT('',(-0.1025375,-0.03207159365,0.));
#16629=CARTESIAN_POINT('',(-0.1025375,-0.03857159365,0.));
#16630=CARTESIAN_POINT('',(-0.1025375,-0.03857159365,0.0013));
#16631=CARTESIAN_POINT('',(-0.123825,0.01302840635,0.0013));
#16632=CARTESIAN_POINT('',(-0.123825,0.01302840635,0.));
#16633=CARTESIAN_POINT('',(-0.117325,0.01302840635,0.));
#16634=CARTESIAN_POINT('',(-0.130325,0.01302840635,0.));
#16635=CARTESIAN_POINT('',(-0.117325,0.01302840635,0.0013));
#16636=CARTESIAN_POINT('',(-0.130325,0.01302840635,0.0013));
#16637=CARTESIAN_POINT('',(-0.117324999967883,0.0125284063821166,0.0013));
#16638=CARTESIAN_POINT('',(-0.117324999967883,0.0125284063821166,0.));
#16639=CARTESIAN_POINT('',(-0.116825,0.01252840635,0.));
#16640=CARTESIAN_POINT('',(-0.116825,0.01252840635,0.0013));
#16641=CARTESIAN_POINT('',(-0.116825,0.00602840635000001,0.0013));
#16642=CARTESIAN_POINT('',(-0.116825,0.00602840635000001,0.));
#16643=CARTESIAN_POINT('',(-0.116825,-0.000471593649999996,0.));
#16644=CARTESIAN_POINT('',(-0.116825,-0.000471593649999996,0.0013));
#16645=CARTESIAN_POINT('',(-0.117324999967883,-0.000471593682116562,0.0013));
#16646=CARTESIAN_POINT('',(-0.117324999967883,-0.000471593682116562,0.));
#16647=CARTESIAN_POINT('',(-0.117325,-0.000971593649999996,0.));
#16648=CARTESIAN_POINT('',(-0.117325,-0.000971593649999996,0.0013));
#16649=CARTESIAN_POINT('',(-0.123825,-0.000971593649999996,0.0013));
#16650=CARTESIAN_POINT('',(-0.123825,-0.000971593649999996,0.));
#16651=CARTESIAN_POINT('',(-0.130325,-0.000971593649999996,0.));
#16652=CARTESIAN_POINT('',(-0.130325,-0.000971593649999996,0.0013));
#16653=CARTESIAN_POINT('',(-0.130325000032117,-0.000471593682116609,0.0013));
#16654=CARTESIAN_POINT('',(-0.130325000032117,-0.000471593682116609,0.));
#16655=CARTESIAN_POINT('',(-0.130825,-0.000471593649999996,0.));
#16656=CARTESIAN_POINT('',(-0.130825,-0.000471593649999996,0.0013));
#16657=CARTESIAN_POINT('',(-0.130825,0.00602840635000001,0.0013));
#16658=CARTESIAN_POINT('',(-0.130825,0.00602840635000001,0.));
#16659=CARTESIAN_POINT('',(-0.130825,0.01252840635,0.));
#16660=CARTESIAN_POINT('',(-0.130825,0.01252840635,0.0013));
#16661=CARTESIAN_POINT('',(-0.0444237039772902,-0.0458652786893346,0.0013));
#16662=CARTESIAN_POINT('',(-0.0444237039772902,-0.0458652786893346,0.));
#16663=CARTESIAN_POINT('',(-0.0445531135,-0.04634824155,0.));
#16664=CARTESIAN_POINT('',(-0.0439407411,-0.04599468815,0.));
#16665=CARTESIAN_POINT('',(-0.0445531135,-0.04634824155,0.0013));
#16666=CARTESIAN_POINT('',(-0.0439407411,-0.04599468815,0.0013));
#16667=CARTESIAN_POINT('',(-0.0508316314,-0.04466591775,0.0013));
#16668=CARTESIAN_POINT('',(-0.0508316314,-0.04466591775,0.));
#16669=CARTESIAN_POINT('',(-0.0571101493,-0.04298359395,0.));
#16670=CARTESIAN_POINT('',(-0.0571101493,-0.04298359395,0.0013));
#16671=CARTESIAN_POINT('',(-0.0569807398393346,-0.0425006310727098,0.0013));
#16672=CARTESIAN_POINT('',(-0.0569807398393346,-0.0425006310727098,0.));
#16673=CARTESIAN_POINT('',(-0.0574637027,-0.04237122155,0.));
#16674=CARTESIAN_POINT('',(-0.0574637027,-0.04237122155,0.0013));
#16675=CARTESIAN_POINT('',(-0.05578137895,-0.03609270365,0.0013));
#16676=CARTESIAN_POINT('',(-0.05578137895,-0.03609270365,0.));
#16677=CARTESIAN_POINT('',(-0.0540990552,-0.02981418575,0.));
#16678=CARTESIAN_POINT('',(-0.0540990552,-0.02981418575,0.0013));
#16679=CARTESIAN_POINT('',(-0.0536160922727098,-0.0299435952606654,0.0013));
#16680=CARTESIAN_POINT('',(-0.0536160922727098,-0.0299435952606654,0.));
#16681=CARTESIAN_POINT('',(-0.0534866827,-0.02946063235,0.));
#16682=CARTESIAN_POINT('',(-0.0534866827,-0.02946063235,0.0013));
#16683=CARTESIAN_POINT('',(-0.0472081648,-0.03114295615,0.0013));
#16684=CARTESIAN_POINT('',(-0.0472081648,-0.03114295615,0.));
#16685=CARTESIAN_POINT('',(-0.0409296469,-0.03282527995,0.));
#16686=CARTESIAN_POINT('',(-0.0409296469,-0.03282527995,0.0013));
#16687=CARTESIAN_POINT('',(-0.0410590563606654,-0.0333082428272901,0.0013));
#16688=CARTESIAN_POINT('',(-0.0410590563606654,-0.0333082428272901,0.));
#16689=CARTESIAN_POINT('',(-0.0405760935,-0.03343765235,0.));
#16690=CARTESIAN_POINT('',(-0.0405760935,-0.03343765235,0.0013));
#16691=CARTESIAN_POINT('',(-0.135875,0.03936590635,0.0013));
#16692=CARTESIAN_POINT('',(-0.135875,0.03936590635,0.));
#16693=CARTESIAN_POINT('',(-0.135875,0.03286590635,0.));
#16694=CARTESIAN_POINT('',(-0.135875,0.04586590635,0.));
#16695=CARTESIAN_POINT('',(-0.135875,0.03286590635,0.0013));
#16696=CARTESIAN_POINT('',(-0.135875,0.04586590635,0.0013));
#16697=CARTESIAN_POINT('',(-0.136374999967883,0.0328659063178834,0.0013));
#16698=CARTESIAN_POINT('',(-0.136374999967883,0.0328659063178834,0.));
#16699=CARTESIAN_POINT('',(-0.136375,0.03236590635,0.));
#16700=CARTESIAN_POINT('',(-0.136375,0.03236590635,0.0013));
#16701=CARTESIAN_POINT('',(-0.142875,0.03236590635,0.0013));
#16702=CARTESIAN_POINT('',(-0.142875,0.03236590635,0.));
#16703=CARTESIAN_POINT('',(-0.149375,0.03236590635,0.));
#16704=CARTESIAN_POINT('',(-0.149375,0.03236590635,0.0013));
#16705=CARTESIAN_POINT('',(-0.149375000032117,0.0328659063178834,0.0013));
#16706=CARTESIAN_POINT('',(-0.149375000032117,0.0328659063178834,0.));
#16707=CARTESIAN_POINT('',(-0.149875,0.03286590635,0.));
#16708=CARTESIAN_POINT('',(-0.149875,0.03286590635,0.0013));
#16709=CARTESIAN_POINT('',(-0.149875,0.03936590635,0.0013));
#16710=CARTESIAN_POINT('',(-0.149875,0.03936590635,0.));
#16711=CARTESIAN_POINT('',(-0.149875,0.04586590635,0.));
#16712=CARTESIAN_POINT('',(-0.149875,0.04586590635,0.0013));
#16713=CARTESIAN_POINT('',(-0.149375000032117,0.0458659063821166,0.0013));
#16714=CARTESIAN_POINT('',(-0.149375000032117,0.0458659063821166,0.));
#16715=CARTESIAN_POINT('',(-0.149375,0.04636590635,0.));
#16716=CARTESIAN_POINT('',(-0.149375,0.04636590635,0.0013));
#16717=CARTESIAN_POINT('',(-0.142875,0.04636590635,0.0013));
#16718=CARTESIAN_POINT('',(-0.142875,0.04636590635,0.));
#16719=CARTESIAN_POINT('',(-0.136375,0.04636590635,0.));
#16720=CARTESIAN_POINT('',(-0.136375,0.04636590635,0.0013));
#16721=CARTESIAN_POINT('',(-0.104775,0.00188590635,0.0013));
#16722=CARTESIAN_POINT('',(-0.104775,0.00188590635,0.));
#16723=CARTESIAN_POINT('',(-0.111275,0.00188590635,0.));
#16724=CARTESIAN_POINT('',(-0.098275,0.00188590635,0.));
#16725=CARTESIAN_POINT('',(-0.111275,0.00188590635,0.0013));
#16726=CARTESIAN_POINT('',(-0.098275,0.00188590635,0.0013));
#16727=CARTESIAN_POINT('',(-0.111275000032117,0.00238590631788343,0.0013));
#16728=CARTESIAN_POINT('',(-0.111275000032117,0.00238590631788343,0.));
#16729=CARTESIAN_POINT('',(-0.111775,0.00238590635,0.));
#16730=CARTESIAN_POINT('',(-0.111775,0.00238590635,0.0013));
#16731=CARTESIAN_POINT('',(-0.111775,0.00888590635,0.0013));
#16732=CARTESIAN_POINT('',(-0.111775,0.00888590635,0.));
#16733=CARTESIAN_POINT('',(-0.111775,0.01538590635,0.));
#16734=CARTESIAN_POINT('',(-0.111775,0.01538590635,0.0013));
#16735=CARTESIAN_POINT('',(-0.111275000032117,0.0153859063821165,0.0013));
#16736=CARTESIAN_POINT('',(-0.111275000032117,0.0153859063821165,0.));
#16737=CARTESIAN_POINT('',(-0.111275,0.01588590635,0.));
#16738=CARTESIAN_POINT('',(-0.111275,0.01588590635,0.0013));
#16739=CARTESIAN_POINT('',(-0.104775,0.01588590635,0.0013));
#16740=CARTESIAN_POINT('',(-0.104775,0.01588590635,0.));
#16741=CARTESIAN_POINT('',(-0.098275,0.01588590635,0.));
#16742=CARTESIAN_POINT('',(-0.098275,0.01588590635,0.0013));
#16743=CARTESIAN_POINT('',(-0.0982749999678834,0.0153859063821165,0.0013));
#16744=CARTESIAN_POINT('',(-0.0982749999678834,0.0153859063821165,0.));
#16745=CARTESIAN_POINT('',(-0.097775,0.01538590635,0.));
#16746=CARTESIAN_POINT('',(-0.097775,0.01538590635,0.0013));
#16747=CARTESIAN_POINT('',(-0.097775,0.00888590635,0.0013));
#16748=CARTESIAN_POINT('',(-0.097775,0.00888590635,0.));
#16749=CARTESIAN_POINT('',(-0.097775,0.00238590635,0.));
#16750=CARTESIAN_POINT('',(-0.097775,0.00238590635,0.0013));
#16751=CARTESIAN_POINT('',(-0.149375000032117,0.0138159063178834,0.0013));
#16752=CARTESIAN_POINT('',(-0.149375000032117,0.0138159063178834,0.));
#16753=CARTESIAN_POINT('',(-0.149875,0.01381590635,0.));
#16754=CARTESIAN_POINT('',(-0.149375,0.01331590635,0.));
#16755=CARTESIAN_POINT('',(-0.149875,0.01381590635,0.0013));
#16756=CARTESIAN_POINT('',(-0.149375,0.01331590635,0.0013));
#16757=CARTESIAN_POINT('',(-0.149875,0.02031590635,0.0013));
#16758=CARTESIAN_POINT('',(-0.149875,0.02031590635,0.));
#16759=CARTESIAN_POINT('',(-0.149875,0.02681590635,0.));
#16760=CARTESIAN_POINT('',(-0.149875,0.02681590635,0.0013));
#16761=CARTESIAN_POINT('',(-0.149375000032117,0.0268159063821166,0.0013));
#16762=CARTESIAN_POINT('',(-0.149375000032117,0.0268159063821166,0.));
#16763=CARTESIAN_POINT('',(-0.149375,0.02731590635,0.));
#16764=CARTESIAN_POINT('',(-0.149375,0.02731590635,0.0013));
#16765=CARTESIAN_POINT('',(-0.142875,0.02731590635,0.0013));
#16766=CARTESIAN_POINT('',(-0.142875,0.02731590635,0.));
#16767=CARTESIAN_POINT('',(-0.136375,0.02731590635,0.));
#16768=CARTESIAN_POINT('',(-0.136375,0.02731590635,0.0013));
#16769=CARTESIAN_POINT('',(-0.136374999967883,0.0268159063821166,0.0013));
#16770=CARTESIAN_POINT('',(-0.136374999967883,0.0268159063821166,0.));
#16771=CARTESIAN_POINT('',(-0.135875,0.02681590635,0.));
#16772=CARTESIAN_POINT('',(-0.135875,0.02681590635,0.0013));
#16773=CARTESIAN_POINT('',(-0.135875,0.02031590635,0.0013));
#16774=CARTESIAN_POINT('',(-0.135875,0.02031590635,0.));
#16775=CARTESIAN_POINT('',(-0.135875,0.01381590635,0.));
#16776=CARTESIAN_POINT('',(-0.135875,0.01381590635,0.0013));
#16777=CARTESIAN_POINT('',(-0.136374999967883,0.0138159063178834,0.0013));
#16778=CARTESIAN_POINT('',(-0.136374999967883,0.0138159063178834,0.));
#16779=CARTESIAN_POINT('',(-0.136375,0.01331590635,0.));
#16780=CARTESIAN_POINT('',(-0.136375,0.01331590635,0.0013));
#16781=CARTESIAN_POINT('',(-0.104775,0.03998590635,0.0013));
#16782=CARTESIAN_POINT('',(-0.104775,0.03998590635,0.));
#16783=CARTESIAN_POINT('',(-0.111275,0.03998590635,0.));
#16784=CARTESIAN_POINT('',(-0.098275,0.03998590635,0.));
#16785=CARTESIAN_POINT('',(-0.111275,0.03998590635,0.0013));
#16786=CARTESIAN_POINT('',(-0.098275,0.03998590635,0.0013));
#16787=CARTESIAN_POINT('',(-0.111275000032117,0.0404859063178834,0.0013));
#16788=CARTESIAN_POINT('',(-0.111275000032117,0.0404859063178834,0.));
#16789=CARTESIAN_POINT('',(-0.111775,0.04048590635,0.));
#16790=CARTESIAN_POINT('',(-0.111775,0.04048590635,0.0013));
#16791=CARTESIAN_POINT('',(-0.111775,0.04698590635,0.0013));
#16792=CARTESIAN_POINT('',(-0.111775,0.04698590635,0.));
#16793=CARTESIAN_POINT('',(-0.111775,0.05348590635,0.));
#16794=CARTESIAN_POINT('',(-0.111775,0.05348590635,0.0013));
#16795=CARTESIAN_POINT('',(-0.111275000032117,0.0534859063821166,0.0013));
#16796=CARTESIAN_POINT('',(-0.111275000032117,0.0534859063821166,0.));
#16797=CARTESIAN_POINT('',(-0.111275,0.05398590635,0.));
#16798=CARTESIAN_POINT('',(-0.111275,0.05398590635,0.0013));
#16799=CARTESIAN_POINT('',(-0.104775,0.05398590635,0.0013));
#16800=CARTESIAN_POINT('',(-0.104775,0.05398590635,0.));
#16801=CARTESIAN_POINT('',(-0.098275,0.05398590635,0.));
#16802=CARTESIAN_POINT('',(-0.098275,0.05398590635,0.0013));
#16803=CARTESIAN_POINT('',(-0.0982749999678834,0.0534859063821166,0.0013));
#16804=CARTESIAN_POINT('',(-0.0982749999678834,0.0534859063821166,0.));
#16805=CARTESIAN_POINT('',(-0.097775,0.05348590635,0.));
#16806=CARTESIAN_POINT('',(-0.097775,0.05348590635,0.0013));
#16807=CARTESIAN_POINT('',(-0.097775,0.04698590635,0.0013));
#16808=CARTESIAN_POINT('',(-0.097775,0.04698590635,0.));
#16809=CARTESIAN_POINT('',(-0.097775,0.04048590635,0.));
#16810=CARTESIAN_POINT('',(-0.097775,0.04048590635,0.0013));
#16811=CARTESIAN_POINT('',(-0.116825,0.02507840635,0.0013));
#16812=CARTESIAN_POINT('',(-0.116825,0.02507840635,0.));
#16813=CARTESIAN_POINT('',(-0.116825,0.01857840635,0.));
#16814=CARTESIAN_POINT('',(-0.116825,0.03157840635,0.));
#16815=CARTESIAN_POINT('',(-0.116825,0.01857840635,0.0013));
#16816=CARTESIAN_POINT('',(-0.116825,0.03157840635,0.0013));
#16817=CARTESIAN_POINT('',(-0.117324999967883,0.0185784063178834,0.0013));
#16818=CARTESIAN_POINT('',(-0.117324999967883,0.0185784063178834,0.));
#16819=CARTESIAN_POINT('',(-0.117325,0.01807840635,0.));
#16820=CARTESIAN_POINT('',(-0.117325,0.01807840635,0.0013));
#16821=CARTESIAN_POINT('',(-0.123825,0.01807840635,0.0013));
#16822=CARTESIAN_POINT('',(-0.123825,0.01807840635,0.));
#16823=CARTESIAN_POINT('',(-0.130325,0.01807840635,0.));
#16824=CARTESIAN_POINT('',(-0.130325,0.01807840635,0.0013));
#16825=CARTESIAN_POINT('',(-0.130325000032117,0.0185784063178835,0.0013));
#16826=CARTESIAN_POINT('',(-0.130325000032117,0.0185784063178835,0.));
#16827=CARTESIAN_POINT('',(-0.130825,0.01857840635,0.));
#16828=CARTESIAN_POINT('',(-0.130825,0.01857840635,0.0013));
#16829=CARTESIAN_POINT('',(-0.130825,0.02507840635,0.0013));
#16830=CARTESIAN_POINT('',(-0.130825,0.02507840635,0.));
#16831=CARTESIAN_POINT('',(-0.130825,0.03157840635,0.));
#16832=CARTESIAN_POINT('',(-0.130825,0.03157840635,0.0013));
#16833=CARTESIAN_POINT('',(-0.130325000032117,0.0315784063821166,0.0013));
#16834=CARTESIAN_POINT('',(-0.130325000032117,0.0315784063821166,0.));
#16835=CARTESIAN_POINT('',(-0.130325,0.03207840635,0.));
#16836=CARTESIAN_POINT('',(-0.130325,0.03207840635,0.0013));
#16837=CARTESIAN_POINT('',(-0.123825,0.03207840635,0.0013));
#16838=CARTESIAN_POINT('',(-0.123825,0.03207840635,0.));
#16839=CARTESIAN_POINT('',(-0.117325,0.03207840635,0.));
#16840=CARTESIAN_POINT('',(-0.117325,0.03207840635,0.0013));
#16841=CARTESIAN_POINT('',(-0.066675,0.05398590635,0.0013));
#16842=CARTESIAN_POINT('',(-0.066675,0.05398590635,0.));
#16843=CARTESIAN_POINT('',(-0.060175,0.05398590635,0.));
#16844=CARTESIAN_POINT('',(-0.073175,0.05398590635,0.));
#16845=CARTESIAN_POINT('',(-0.060175,0.05398590635,0.0013));
#16846=CARTESIAN_POINT('',(-0.073175,0.05398590635,0.0013));
#16847=CARTESIAN_POINT('',(-0.0601749999678834,0.0534859063821166,0.0013));
#16848=CARTESIAN_POINT('',(-0.0601749999678834,0.0534859063821166,0.));
#16849=CARTESIAN_POINT('',(-0.059675,0.05348590635,0.));
#16850=CARTESIAN_POINT('',(-0.059675,0.05348590635,0.0013));
#16851=CARTESIAN_POINT('',(-0.059675,0.04698590635,0.0013));
#16852=CARTESIAN_POINT('',(-0.059675,0.04698590635,0.));
#16853=CARTESIAN_POINT('',(-0.059675,0.04048590635,0.));
#16854=CARTESIAN_POINT('',(-0.059675,0.04048590635,0.0013));
#16855=CARTESIAN_POINT('',(-0.0601749999678834,0.0404859063178835,0.0013));
#16856=CARTESIAN_POINT('',(-0.0601749999678834,0.0404859063178835,0.));
#16857=CARTESIAN_POINT('',(-0.060175,0.03998590635,0.));
#16858=CARTESIAN_POINT('',(-0.060175,0.03998590635,0.0013));
#16859=CARTESIAN_POINT('',(-0.066675,0.03998590635,0.0013));
#16860=CARTESIAN_POINT('',(-0.066675,0.03998590635,0.));
#16861=CARTESIAN_POINT('',(-0.073175,0.03998590635,0.));
#16862=CARTESIAN_POINT('',(-0.073175,0.03998590635,0.0013));
#16863=CARTESIAN_POINT('',(-0.0731750000321166,0.0404859063178835,0.0013));
#16864=CARTESIAN_POINT('',(-0.0731750000321166,0.0404859063178835,0.));
#16865=CARTESIAN_POINT('',(-0.073675,0.04048590635,0.));
#16866=CARTESIAN_POINT('',(-0.073675,0.04048590635,0.0013));
#16867=CARTESIAN_POINT('',(-0.073675,0.04698590635,0.0013));
#16868=CARTESIAN_POINT('',(-0.073675,0.04698590635,0.));
#16869=CARTESIAN_POINT('',(-0.073675,0.05348590635,0.));
#16870=CARTESIAN_POINT('',(-0.073675,0.05348590635,0.0013));
#16871=CARTESIAN_POINT('',(-0.0240000167729501,0.0141021317963369,0.0013));
#16872=CARTESIAN_POINT('',(-0.0240000167729501,0.0141021317963369,0.));
#16873=CARTESIAN_POINT('',(-0.0192000167729501,0.0141021317963369,0.));
#16874=CARTESIAN_POINT('',(-0.02880001677295,0.0141021317963369,0.));
#16875=CARTESIAN_POINT('',(-0.02880001677295,0.0141021317963369,0.0009));
#16876=CARTESIAN_POINT('',(-0.01800001677295,0.0141021317963369,0.0009));
#16877=CARTESIAN_POINT('',(-0.0192000167729501,0.0141021317963369,0.));
#16878=CARTESIAN_POINT('',(-0.0601749999678834,0.00238590631788343,0.0013));
#16879=CARTESIAN_POINT('',(-0.0601749999678834,0.00238590631788343,0.));
#16880=CARTESIAN_POINT('',(-0.0792249999678834,0.0433434063178834,0.0013));
#16881=CARTESIAN_POINT('',(-0.0792249999678834,0.0433434063178834,0.));
#16882=CARTESIAN_POINT('',(-0.0281058281117555,-0.038585076206128,0.0013));
#16883=CARTESIAN_POINT('',(-0.0281058281117555,-0.038585076206128,0.));
#16884=CARTESIAN_POINT('',(-0.0411249999678834,0.0185784063178835,0.0013));
#16885=CARTESIAN_POINT('',(-0.0411249999678834,0.0185784063178835,0.));
#16886=CARTESIAN_POINT('',(-0.111275000032117,0.0214359063178834,0.0013));
#16887=CARTESIAN_POINT('',(-0.111275000032117,0.0214359063178834,0.));
#16888=CARTESIAN_POINT('',(-0.149875,-0.01778409365,0.0013));
#16889=CARTESIAN_POINT('',(-0.149875,-0.01778409365,0.));
#16890=CARTESIAN_POINT('',(-0.116825,0.04412840635,0.0013));
#16891=CARTESIAN_POINT('',(-0.116825,0.04412840635,0.));
#16892=CARTESIAN_POINT('',(-0.136374999967883,-0.00523409368211652,0.0013));
#16893=CARTESIAN_POINT('',(-0.136374999967883,-0.00523409368211652,0.));
#16894=CARTESIAN_POINT('',(-0.0541250000321166,0.0506284063821166,0.0013));
#16895=CARTESIAN_POINT('',(-0.0541250000321166,0.0506284063821166,0.));
#16896=CARTESIAN_POINT('',(-0.0969875000321166,-0.0227140936178835,0.0013));
#16897=CARTESIAN_POINT('',(-0.0969875000321166,-0.0227140936178835,0.));
#16898=CARTESIAN_POINT('',(-0.111275000032117,-0.0166640936821165,0.0013));
#16899=CARTESIAN_POINT('',(-0.111275000032117,-0.0166640936821165,0.));
#16900=CARTESIAN_POINT('',(-0.0601749999678834,-0.00366409361788343,0.0013));
#16901=CARTESIAN_POINT('',(-0.0601749999678834,-0.00366409361788343,0.));
#16902=CARTESIAN_POINT('',(-0.0541250000321166,-0.00652159361788343,0.0013));
#16903=CARTESIAN_POINT('',(-0.0541250000321166,-0.00652159361788343,0.));
#16904=CARTESIAN_POINT('',(-0.047625,0.01302840635,0.0013));
#16905=CARTESIAN_POINT('',(-0.047625,0.01302840635,0.));
#16906=CARTESIAN_POINT('',(-0.0779375000321166,-0.0357140936821166,0.0013));
#16907=CARTESIAN_POINT('',(-0.0779375000321166,-0.0357140936821166,0.));
#16908=CARTESIAN_POINT('',(-0.123825,-0.00602159365,0.0013));
#16909=CARTESIAN_POINT('',(-0.123825,-0.00602159365,0.));
#16910=CARTESIAN_POINT('',(-0.0922250000321166,0.0182434063821166,0.0013));
#16911=CARTESIAN_POINT('',(-0.0922250000321166,0.0182434063821166,0.));
#16912=CARTESIAN_POINT('',(-0.092725,0.03079340635,0.0013));
#16913=CARTESIAN_POINT('',(-0.092725,0.03079340635,0.));
#16914=CARTESIAN_POINT('',(-0.0601749999678834,0.0214359063178834,0.0013));
#16915=CARTESIAN_POINT('',(-0.0601749999678834,0.0214359063178834,0.));
#16916=CARTESIAN_POINT('',(-0.0792249999678834,-0.00080659361788343,0.0013));
#16917=CARTESIAN_POINT('',(-0.0792249999678834,-0.00080659361788343,0.));
#16918=CARTESIAN_POINT('',(-0.103037499967883,-0.0385715936821166,0.0013));
#16919=CARTESIAN_POINT('',(-0.103037499967883,-0.0385715936821166,0.));
#16920=CARTESIAN_POINT('',(-0.130325000032117,0.0125284063821166,0.0013));
#16921=CARTESIAN_POINT('',(-0.130325000032117,0.0125284063821166,0.));
#16922=CARTESIAN_POINT('',(-0.0422584173,-0.03971617025,0.0013));
#16923=CARTESIAN_POINT('',(-0.0422584173,-0.03971617025,0.));
#16924=CARTESIAN_POINT('',(-0.136374999967883,0.0458659063821166,0.0013));
#16925=CARTESIAN_POINT('',(-0.136374999967883,0.0458659063821166,0.));
#16926=CARTESIAN_POINT('',(-0.0982749999678834,0.00238590631788343,0.0013));
#16927=CARTESIAN_POINT('',(-0.0982749999678834,0.00238590631788343,0.));
#16928=CARTESIAN_POINT('',(-0.142875,0.01331590635,0.0013));
#16929=CARTESIAN_POINT('',(-0.142875,0.01331590635,0.));
#16930=CARTESIAN_POINT('',(-0.0982749999678834,0.0404859063178835,0.0013));
#16931=CARTESIAN_POINT('',(-0.0982749999678834,0.0404859063178835,0.));
#16932=CARTESIAN_POINT('',(-0.117324999967883,0.0315784063821166,0.0013));
#16933=CARTESIAN_POINT('',(-0.117324999967883,0.0315784063821166,0.));
#16934=CARTESIAN_POINT('',(-0.0731750000321166,0.0534859063821166,0.0013));
#16935=CARTESIAN_POINT('',(-0.0731750000321166,0.0534859063821166,0.));
#16936=CARTESIAN_POINT('',(-0.0187000167729501,-0.0163978682036631,0.0013));
#16937=CARTESIAN_POINT('',(-0.0187000167729501,-0.0102978682036631,0.0009));
#16938=CARTESIAN_POINT('',(-0.0187000167729501,-0.0163978682036631,0.));
#16939=CARTESIAN_POINT('',(-0.0828021001577284,2.12705091524878E-06,0.0013));
#16940=CARTESIAN_POINT('',(-0.01520001677295,0.0542021317963369,0.0013));
#16941=CARTESIAN_POINT('',(-0.0159088457831883,0.0542021317963369,0.0013));
#16942=CARTESIAN_POINT('',(-0.01800001677295,0.0485783317963369,0.0013));
#16943=CARTESIAN_POINT('',(-0.0169456267729652,0.0544849707963396,0.0013));
#16944=CARTESIAN_POINT('',(-0.01872282177295,0.0548022170347354,0.0013));
#16945=CARTESIAN_POINT('',(-0.0205173584652752,0.0551225589304239,0.0013));
#16946=CARTESIAN_POINT('',(-0.0205173584652752,0.0551225589304239,0.0013));
#16947=CARTESIAN_POINT('',(-0.0205066390744538,0.0550704051034606,0.0013));
#16948=CARTESIAN_POINT('',(-0.0205000167729501,0.0550164085578105,0.0013));
#16949=CARTESIAN_POINT('',(-0.0205000167729501,0.0549628184178706,0.0013));
#16950=CARTESIAN_POINT('',(-0.0828021001577284,2.12705091524878E-06,0.));
#16951=CARTESIAN_POINT('',(-0.03700001677295,-0.0396978682036632,0.));
#16952=CARTESIAN_POINT('',(-0.03500001677295,-0.0396978682036632,0.));
#16953=CARTESIAN_POINT('',(-0.12460001677295,-0.0318978682036632,0.));
#16954=CARTESIAN_POINT('',(-0.12260001677295,-0.0318978682036632,0.));
#16955=CARTESIAN_POINT('',(-0.05770001677295,0.0561021317963369,0.));
#16956=CARTESIAN_POINT('',(-0.05570001677295,0.0561021317963369,0.));
#16957=CARTESIAN_POINT('',(-0.11430001677295,0.0551021317963369,0.));
#16958=CARTESIAN_POINT('',(-0.11230001677295,0.0551021317963369,0.));
#16959=CARTESIAN_POINT('',(-0.03120001677295,0.0195021317963369,0.));
#16960=CARTESIAN_POINT('',(-0.02880001677295,0.0153021317963368,0.));
#16961=CARTESIAN_POINT('',(-0.0192000167729501,0.0153021317963368,0.));
#16962=CARTESIAN_POINT('',(-0.01680001677295,0.0195021317963369,0.));
#16963=CARTESIAN_POINT('',(-0.0164000167729501,0.0219021317963369,0.));
#16964=CARTESIAN_POINT('',(-0.0164000167729501,0.0526021317963369,0.));
#16965=CARTESIAN_POINT('',(-0.01800001677295,0.0485783317963369,0.));
#16966=CARTESIAN_POINT('',(-0.0120000116667743,0.0485783417961901,0.));
#16967=CARTESIAN_POINT('',(-0.01200001677295,-0.00476684620366313,0.));
#16968=CARTESIAN_POINT('',(-0.01200001677295,-0.0112358242040769,0.));
#16969=CARTESIAN_POINT('',(-0.0180005167729469,-0.0112357682036632,0.));
#16970=CARTESIAN_POINT('',(-0.01200876277295,-0.0115596762036631,0.));
#16971=CARTESIAN_POINT('',(-0.01247845277295,-0.0202489407036631,0.));
#16972=CARTESIAN_POINT('',(-0.012948140933344,-0.0289382053035183,0.));
#16973=CARTESIAN_POINT('',(-0.00695691677295011,-0.0292620682036632,0.));
#16974=CARTESIAN_POINT('',(-0.01274955377295,-0.0308257212036631,0.));
#16975=CARTESIAN_POINT('',(-0.01098337077295,-0.0373686247036632,0.));
#16976=CARTESIAN_POINT('',(-0.00921718777283645,-0.043911528204084,0.));
#16977=CARTESIAN_POINT('',(-0.01500991677295,-0.0454751682036632,0.));
#16978=CARTESIAN_POINT('',(-0.00971077560699377,-0.0482893906365438,0.));
#16979=CARTESIAN_POINT('',(-0.01300944727295,-0.0545007312036631,0.));
#16980=CARTESIAN_POINT('',(-0.0163081237728916,-0.0607120692035532,0.));
#16981=CARTESIAN_POINT('',(-0.02160721677295,-0.0578978682036631,0.));
#16982=CARTESIAN_POINT('',(-0.02160720577295,-0.0638978682036631,0.));
#16983=CARTESIAN_POINT('',(-0.02451775827295,-0.0638978682036631,0.));
#16984=CARTESIAN_POINT('',(-0.0274283107726081,-0.0638978682036631,0.));
#16985=CARTESIAN_POINT('',(-0.0274283167729499,-0.0578979682036628,0.));
#16986=CARTESIAN_POINT('',(-0.03036987777295,-0.0631273212036631,0.));
#16987=CARTESIAN_POINT('',(-0.03741004277295,-0.0591672287036631,0.));
#16988=CARTESIAN_POINT('',(-0.0444502028995671,-0.0552071275390184,0.));
#16989=CARTESIAN_POINT('',(-0.0473917167729499,-0.0604365682036629,0.));
#16990=CARTESIAN_POINT('',(-0.0456021247729501,-0.0547097092036631,0.));
#16991=CARTESIAN_POINT('',(-0.0528640787729501,-0.0524403487036631,0.));
#16992=CARTESIAN_POINT('',(-0.0601260304083929,-0.0501709806364395,0.));
#16993=CARTESIAN_POINT('',(-0.06191571677295,-0.0558982682036629,0.));
#16994=CARTESIAN_POINT('',(-0.06191568277295,-0.0498978682036631,0.));
#16995=CARTESIAN_POINT('',(-0.09025834127295,-0.0498978682036631,0.));
#16996=CARTESIAN_POINT('',(-0.118600999772745,-0.0498978682036631,0.));
#16997=CARTESIAN_POINT('',(-0.11860101677295,-0.0438978682036634,0.));
#16998=CARTESIAN_POINT('',(-0.12125475477295,-0.0492790932036631,0.));
#16999=CARTESIAN_POINT('',(-0.13720650177295,-0.0414124782036632,0.));
#17000=CARTESIAN_POINT('',(-0.153158248772633,-0.0335458632038195,0.));
#17001=CARTESIAN_POINT('',(-0.15050451677295,-0.0281646682036631,0.));
#17002=CARTESIAN_POINT('',(-0.156504482510552,-0.0281718411949802,0.));
#17003=CARTESIAN_POINT('',(-0.15654941277295,0.00924898579633686,0.));
#17004=CARTESIAN_POINT('',(-0.15659433577295,0.0466698127964457,0.));
#17005=CARTESIAN_POINT('',(-0.15059439677295,0.0466770617963369,0.));
#17006=CARTESIAN_POINT('',(-0.15199925277295,0.0525102157963369,0.));
#17007=CARTESIAN_POINT('',(-0.12869591227295,0.0581227737963369,0.));
#17008=CARTESIAN_POINT('',(-0.105392571773065,0.0637353317963092,0.));
#17009=CARTESIAN_POINT('',(-0.10398761677295,0.0579021317963372,0.));
#17010=CARTESIAN_POINT('',(-0.103987658772961,0.0639021368292602,0.));
#17011=CARTESIAN_POINT('',(-0.08710950227295,0.0639021317963369,0.));
#17012=CARTESIAN_POINT('',(-0.0702313457732331,0.0639021317963369,0.));
#17013=CARTESIAN_POINT('',(-0.0702313167729502,0.0579027317963364,0.));
#17014=CARTESIAN_POINT('',(-0.0318000167729501,0.0526021317963369,0.));
#17015=CARTESIAN_POINT('',(-0.0318000167729501,0.0219021317963369,0.));
#17016=CARTESIAN_POINT('',(-0.12869591227295,0.0581227737963369,-0.0125));
#17017=CARTESIAN_POINT('',(-0.15199925277295,0.0525102157963369,-0.0125));
#17018=CARTESIAN_POINT('',(-0.15199925277295,0.0525102157963369,-0.0125));
#17019=CARTESIAN_POINT('',(-0.12869591227295,0.0581227737963369,-0.0125));
#17020=CARTESIAN_POINT('',(-0.105392571773065,0.0637353317963092,-0.0125));
#17021=CARTESIAN_POINT('',(-0.105392571773065,0.0637353317963092,-0.0125));
#17022=CARTESIAN_POINT('',(-0.13720650177295,-0.0414124782036632,-0.0125));
#17023=CARTESIAN_POINT('',(-0.12125475477295,-0.0492790932036631,-0.0125));
#17024=CARTESIAN_POINT('',(-0.12125475477295,-0.0492790932036631,-0.0125));
#17025=CARTESIAN_POINT('',(-0.13720650177295,-0.0414124782036632,-0.0125));
#17026=CARTESIAN_POINT('',(-0.153158248772633,-0.0335458632038195,-0.0125));
#17027=CARTESIAN_POINT('',(-0.153158248772633,-0.0335458632038195,-0.0125));
#17028=CARTESIAN_POINT('',(-0.09025834127295,-0.0498978682036631,-0.0125));
#17029=CARTESIAN_POINT('',(-0.06191568277295,-0.0498978682036631,-0.0125));
#17030=CARTESIAN_POINT('',(-0.06191568277295,-0.0498978682036631,-0.0125));
#17031=CARTESIAN_POINT('',(-0.09025834127295,-0.0498978682036631,-0.0125));
#17032=CARTESIAN_POINT('',(-0.118600999772745,-0.0498978682036631,-0.0125));
#17033=CARTESIAN_POINT('',(-0.118600999772745,-0.0498978682036631,-0.0125));
#17034=CARTESIAN_POINT('',(-0.0528640787729501,-0.0524403487036631,-0.0125));
#17035=CARTESIAN_POINT('',(-0.0456021247729501,-0.0547097092036631,-0.0125));
#17036=CARTESIAN_POINT('',(-0.0456021247729501,-0.0547097092036631,-0.0125));
#17037=CARTESIAN_POINT('',(-0.0528640787729501,-0.0524403487036631,-0.0125));
#17038=CARTESIAN_POINT('',(-0.0601260304083929,-0.0501709806364395,-0.0125));
#17039=CARTESIAN_POINT('',(-0.0601260304083929,-0.0501709806364395,-0.0125));
#17040=CARTESIAN_POINT('',(-0.03741004277295,-0.0591672287036631,-0.0125));
#17041=CARTESIAN_POINT('',(-0.03036987777295,-0.0631273212036631,-0.0125));
#17042=CARTESIAN_POINT('',(-0.03036987777295,-0.0631273212036631,-0.0125));
#17043=CARTESIAN_POINT('',(-0.03741004277295,-0.0591672287036631,-0.0125));
#17044=CARTESIAN_POINT('',(-0.0444502028995671,-0.0552071275390184,-0.0125));
#17045=CARTESIAN_POINT('',(-0.0444502028995671,-0.0552071275390184,-0.0125));
#17046=CARTESIAN_POINT('',(-0.02451775827295,-0.0638978682036631,-0.0125));
#17047=CARTESIAN_POINT('',(-0.02160720577295,-0.0638978682036631,-0.0125));
#17048=CARTESIAN_POINT('',(-0.02160720577295,-0.0638978682036631,-0.0125));
#17049=CARTESIAN_POINT('',(-0.02451775827295,-0.0638978682036631,-0.0125));
#17050=CARTESIAN_POINT('',(-0.0274283107726081,-0.0638978682036631,-0.0125));
#17051=CARTESIAN_POINT('',(-0.0274283107726081,-0.0638978682036631,-0.0125));
#17052=CARTESIAN_POINT('',(-0.01098337077295,-0.0373686247036632,-0.0125));
#17053=CARTESIAN_POINT('',(-0.01274955377295,-0.0308257212036631,-0.0125));
#17054=CARTESIAN_POINT('',(-0.01274955377295,-0.0308257212036631,-0.0125));
#17055=CARTESIAN_POINT('',(-0.01098337077295,-0.0373686247036632,-0.0125));
#17056=CARTESIAN_POINT('',(-0.00921718777283645,-0.043911528204084,-0.0125));
#17057=CARTESIAN_POINT('',(-0.00921718777283645,-0.043911528204084,-0.0125));
#17058=CARTESIAN_POINT('',(-0.01247845277295,-0.0202489407036631,-0.0125));
#17059=CARTESIAN_POINT('',(-0.01200876277295,-0.0115596762036631,-0.0125));
#17060=CARTESIAN_POINT('',(-0.01200876277295,-0.0115596762036631,-0.0125));
#17061=CARTESIAN_POINT('',(-0.01247845277295,-0.0202489407036631,-0.0125));
#17062=CARTESIAN_POINT('',(-0.012948140933344,-0.0289382053035183,-0.0125));
#17063=CARTESIAN_POINT('',(-0.012948140933344,-0.0289382053035183,-0.0125));
#17064=CARTESIAN_POINT('',(-0.01800001677295,0.0485783317963369,-0.0125));
#17065=CARTESIAN_POINT('',(-0.0120000116667743,0.0485783417961901,-0.0125));
#17066=CARTESIAN_POINT('',(-0.0120000116667743,0.0485783417961901,-0.0125));
#17067=CARTESIAN_POINT('',(-0.01800001677295,0.0485783317963369,-0.0125));
#17068=CARTESIAN_POINT('',(-0.01200001677295,-0.00476684620366313,-0.0125));
#17069=CARTESIAN_POINT('',(-0.01200001677295,0.00610213179633687,-0.005));
#17070=CARTESIAN_POINT('',(-0.01200001677295,0.00290213179633687,-0.005));
#17071=CARTESIAN_POINT('',(-0.01200001677295,0.0105021317963369,-0.005));
#17072=CARTESIAN_POINT('',(-0.01200001677295,0.0105021317963369,-0.0037));
#17073=CARTESIAN_POINT('',(-0.01200001677295,0.00930213179633687,-0.0037));
#17074=CARTESIAN_POINT('',(-0.01200001677295,0.00930213179633687,-0.0025));
#17075=CARTESIAN_POINT('',(-0.01200001677295,0.00610213179633687,-0.0025));
#17076=CARTESIAN_POINT('',(-0.01200001677295,0.00170213179633687,-0.005));
#17077=CARTESIAN_POINT('',(-0.01200001677295,0.00170213179633687,-0.0038));
#17078=CARTESIAN_POINT('',(-0.01200001677295,0.00290213179633687,-0.0038));
#17079=CARTESIAN_POINT('',(-0.01200001677295,-0.00476684620366313,-0.0125));
#17080=CARTESIAN_POINT('',(-0.01200001677295,-0.0112358242040769,-0.0125));
#17081=CARTESIAN_POINT('',(-0.01200001677295,-0.0112358242040769,-0.0125));
#17082=CARTESIAN_POINT('',(-0.0180005167729469,-0.0112357682036632,-0.0125));
#17083=CARTESIAN_POINT('',(-0.0180005167729469,-0.0112357682036632,-0.0125));
#17084=CARTESIAN_POINT('',(-0.00695691677295011,-0.0292620682036632,-0.0125));
#17085=CARTESIAN_POINT('',(-0.00695691677295011,-0.0292620682036632,-0.0125));
#17086=CARTESIAN_POINT('',(-0.01500991677295,-0.0454751682036632,-0.0125));
#17087=CARTESIAN_POINT('',(-0.00971077560699377,-0.0482893906365438,-0.0125));
#17088=CARTESIAN_POINT('',(-0.00971077560699377,-0.0482893906365438,-0.0125));
#17089=CARTESIAN_POINT('',(-0.01500991677295,-0.0454751682036632,-0.0125));
#17090=CARTESIAN_POINT('',(-0.01300944727295,-0.0545007312036631,-0.0125));
#17091=CARTESIAN_POINT('',(-0.01300944727295,-0.0545007312036631,-0.0125));
#17092=CARTESIAN_POINT('',(-0.0163081237728916,-0.0607120692035532,-0.0125));
#17093=CARTESIAN_POINT('',(-0.0163081237728916,-0.0607120692035532,-0.0125));
#17094=CARTESIAN_POINT('',(-0.02160721677295,-0.0578978682036631,-0.0125));
#17095=CARTESIAN_POINT('',(-0.02160721677295,-0.0578978682036631,-0.0125));
#17096=CARTESIAN_POINT('',(-0.0274283167729499,-0.0578979682036628,-0.0125));
#17097=CARTESIAN_POINT('',(-0.0274283167729499,-0.0578979682036628,-0.0125));
#17098=CARTESIAN_POINT('',(-0.0473917167729499,-0.0604365682036629,-0.0125));
#17099=CARTESIAN_POINT('',(-0.0473917167729499,-0.0604365682036629,-0.0125));
#17100=CARTESIAN_POINT('',(-0.06191571677295,-0.0558982682036629,-0.0125));
#17101=CARTESIAN_POINT('',(-0.06191571677295,-0.0558982682036629,-0.0125));
#17102=CARTESIAN_POINT('',(-0.11860101677295,-0.0438978682036634,-0.0125));
#17103=CARTESIAN_POINT('',(-0.11860101677295,-0.0438978682036634,-0.0125));
#17104=CARTESIAN_POINT('',(-0.15050451677295,-0.0281646682036631,-0.0125));
#17105=CARTESIAN_POINT('',(-0.156504482510552,-0.0281718411949802,-0.0125));
#17106=CARTESIAN_POINT('',(-0.156504482510552,-0.0281718411949802,-0.0125));
#17107=CARTESIAN_POINT('',(-0.15050451677295,-0.0281646682036631,-0.0125));
#17108=CARTESIAN_POINT('',(-0.15654941277295,0.00924898579633686,-0.0125));
#17109=CARTESIAN_POINT('',(-0.15654941277295,0.00924898579633686,-0.0125));
#17110=CARTESIAN_POINT('',(-0.15659433577295,0.0466698127964457,-0.0125));
#17111=CARTESIAN_POINT('',(-0.15659433577295,0.0466698127964457,-0.0125));
#17112=CARTESIAN_POINT('',(-0.15059439677295,0.0466770617963369,-0.0125));
#17113=CARTESIAN_POINT('',(-0.15059439677295,0.0466770617963369,-0.0125));
#17114=CARTESIAN_POINT('',(-0.10398761677295,0.0579021317963372,-0.0125));
#17115=CARTESIAN_POINT('',(-0.103987658772961,0.0639021368292602,-0.0125));
#17116=CARTESIAN_POINT('',(-0.103987658772961,0.0639021368292602,-0.0125));
#17117=CARTESIAN_POINT('',(-0.10398761677295,0.0579021317963372,-0.0125));
#17118=CARTESIAN_POINT('',(-0.08710950227295,0.0639021317963369,-0.0125));
#17119=CARTESIAN_POINT('',(-0.08710950227295,0.0639021317963369,-0.0125));
#17120=CARTESIAN_POINT('',(-0.0702313457732331,0.0639021317963369,-0.0125));
#17121=CARTESIAN_POINT('',(-0.0702313457732331,0.0639021317963369,-0.0125));
#17122=CARTESIAN_POINT('',(-0.0702313167729502,0.0579027317963364,-0.0125));
#17123=CARTESIAN_POINT('',(-0.0702313167729502,0.0579027317963364,-0.0125));
#17124=CARTESIAN_POINT('',(-0.04838848677295,0.0600978208547099,-0.0125));
#17125=CARTESIAN_POINT('',(-0.0169456267729652,0.0544849707963396,-0.0125));
#17126=CARTESIAN_POINT('',(-0.0169456267729652,0.0544849707963396,0.0024));
#17127=CARTESIAN_POINT('',(-0.04838848677295,0.0600978208547099,0.0024));
#17128=CARTESIAN_POINT('',(-0.0205173584652752,0.0551225589304239,0.00129999999999999));
#17129=CARTESIAN_POINT('',(-0.0205061942944611,0.0551205660195753,0.00134788203860225));
#17130=CARTESIAN_POINT('',(-0.02050001677295,0.0551194632731338,0.00139748698602181));
#17131=CARTESIAN_POINT('',(-0.0205000167729501,0.0551194632731338,0.0014471667785298));
#17132=CARTESIAN_POINT('',(-0.01800001677295,0.0485783317963369,-0.0125));
#17133=CARTESIAN_POINT('',(-0.0159088457831883,0.0542021317963369,0.0013));
#17134=CARTESIAN_POINT('',(-0.0157664902154737,0.05414919786671,0.0013));
#17135=CARTESIAN_POINT('',(-0.0156273019252475,0.054091268758159,0.00129046767977826));
#17136=CARTESIAN_POINT('',(-0.0154921668899214,0.054029094267094,0.00126063556878589));
#17137=CARTESIAN_POINT('',(-0.0149188537915446,0.0537267837219586,0.00128193947558687));
#17138=CARTESIAN_POINT('',(-0.0148799265748565,0.0537034871852984,0.0012940513275139));
#17139=CARTESIAN_POINT('',(-0.0148400579499336,0.05367902031977,0.0013));
#17140=CARTESIAN_POINT('',(-0.01480001677295,0.0536537748852131,0.0013));
#17141=CARTESIAN_POINT('',(-0.0120000116667743,0.0485783417961901,-0.0125));
#17142=CARTESIAN_POINT('',(-0.0120000116667743,0.0485783417961943,0.0024));
#17143=CARTESIAN_POINT('',(-0.01800001677295,0.0485783317963369,0.0024));
#17144=CARTESIAN_POINT('',(-0.01200001677295,-0.00476684620366313,-0.0125));
#17145=CARTESIAN_POINT('',(-0.01200001677295,-0.0112358242040769,-0.0125));
#17146=CARTESIAN_POINT('',(-0.01200001677295,-0.0112358242040769,0.0024));
#17147=CARTESIAN_POINT('',(-0.01200001677295,-0.00476684620366313,0.0024));
#17148=CARTESIAN_POINT('',(-0.0180005167729469,-0.0112357682036632,-0.0125));
#17149=CARTESIAN_POINT('',(-0.01200876277295,-0.0115596762036631,-0.0125));
#17150=CARTESIAN_POINT('',(-0.01200876277295,-0.0115596762036631,0.0024));
#17151=CARTESIAN_POINT('',(-0.0180005167729469,-0.0112357682036632,0.0024));
#17152=CARTESIAN_POINT('',(-0.01247845277295,-0.0202489407036631,-0.0125));
#17153=CARTESIAN_POINT('',(-0.012948140933344,-0.0289382053035183,-0.0125));
#17154=CARTESIAN_POINT('',(-0.012948140933344,-0.0289382053035183,0.0024));
#17155=CARTESIAN_POINT('',(-0.01247845277295,-0.0202489407036631,0.0024));
#17156=CARTESIAN_POINT('',(-0.00695691677295011,-0.0292620682036632,-0.0125));
#17157=CARTESIAN_POINT('',(-0.01274955377295,-0.0308257212036631,-0.0125));
#17158=CARTESIAN_POINT('',(-0.01274955377295,-0.0308257212036631,0.0024));
#17159=CARTESIAN_POINT('',(-0.00695691677295011,-0.0292620682036632,0.0024));
#17160=CARTESIAN_POINT('',(-0.01098337077295,-0.0373686247036632,-0.0125));
#17161=CARTESIAN_POINT('',(-0.00921718777283645,-0.043911528204084,-0.0125));
#17162=CARTESIAN_POINT('',(-0.00921718777283645,-0.043911528204084,0.0024));
#17163=CARTESIAN_POINT('',(-0.01098337077295,-0.0373686247036632,0.0024));
#17164=CARTESIAN_POINT('',(-0.01500991677295,-0.0454751682036632,-0.0125));
#17165=CARTESIAN_POINT('',(-0.00971077560699377,-0.0482893906365438,-0.0125));
#17166=CARTESIAN_POINT('',(-0.00971077560699577,-0.0482893906365476,0.0024));
#17167=CARTESIAN_POINT('',(-0.01500991677295,-0.0454751682036632,0.0024));
#17168=CARTESIAN_POINT('',(-0.01300944727295,-0.0545007312036631,-0.0125));
#17169=CARTESIAN_POINT('',(-0.0163081237728916,-0.0607120692035532,-0.0125));
#17170=CARTESIAN_POINT('',(-0.0163081237728916,-0.0607120692035532,0.0024));
#17171=CARTESIAN_POINT('',(-0.01300944727295,-0.0545007312036631,0.0024));
#17172=CARTESIAN_POINT('',(-0.02160721677295,-0.0578978682036631,-0.0125));
#17173=CARTESIAN_POINT('',(-0.02160720577295,-0.0638978682036631,-0.0125));
#17174=CARTESIAN_POINT('',(-0.02160720577295,-0.0638978682036631,0.0024));
#17175=CARTESIAN_POINT('',(-0.02160721677295,-0.0578978682036631,0.0024));
#17176=CARTESIAN_POINT('',(-0.02451775827295,-0.0638978682036631,-0.0125));
#17177=CARTESIAN_POINT('',(-0.0274283107726081,-0.0638978682036631,-0.0125));
#17178=CARTESIAN_POINT('',(-0.0274283107726081,-0.0638978682036631,0.0024));
#17179=CARTESIAN_POINT('',(-0.02451775827295,-0.0638978682036631,0.0024));
#17180=CARTESIAN_POINT('',(-0.0274283167729499,-0.0578979682036628,-0.0125));
#17181=CARTESIAN_POINT('',(-0.03036987777295,-0.0631273212036631,-0.0125));
#17182=CARTESIAN_POINT('',(-0.03036987777295,-0.0631273212036631,0.0024));
#17183=CARTESIAN_POINT('',(-0.0274283167729499,-0.0578979682036628,0.0024));
#17184=CARTESIAN_POINT('',(-0.03741004277295,-0.0591672287036631,-0.0125));
#17185=CARTESIAN_POINT('',(-0.0444502028995671,-0.0552071275390184,-0.0125));
#17186=CARTESIAN_POINT('',(-0.0444502028995671,-0.0552071275390184,0.0024));
#17187=CARTESIAN_POINT('',(-0.03741004277295,-0.0591672287036631,0.0024));
#17188=CARTESIAN_POINT('',(-0.0473917167729499,-0.0604365682036629,-0.0125));
#17189=CARTESIAN_POINT('',(-0.0456021247729501,-0.0547097092036631,-0.0125));
#17190=CARTESIAN_POINT('',(-0.0456021247729501,-0.0547097092036631,0.0024));
#17191=CARTESIAN_POINT('',(-0.0473917167729499,-0.0604365682036629,0.0024));
#17192=CARTESIAN_POINT('',(-0.0528640787729501,-0.0524403487036631,-0.0125));
#17193=CARTESIAN_POINT('',(-0.0601260304083929,-0.0501709806364395,-0.0125));
#17194=CARTESIAN_POINT('',(-0.0601260304083929,-0.0501709806364395,0.0024));
#17195=CARTESIAN_POINT('',(-0.0528640787729501,-0.0524403487036631,0.0024));
#17196=CARTESIAN_POINT('',(-0.06191571677295,-0.0558982682036629,-0.0125));
#17197=CARTESIAN_POINT('',(-0.06191568277295,-0.0498978682036631,-0.0125));
#17198=CARTESIAN_POINT('',(-0.06191568277295,-0.0498978682036631,0.0024));
#17199=CARTESIAN_POINT('',(-0.06191571677295,-0.0558982682036629,0.0024));
#17200=CARTESIAN_POINT('',(-0.09025834127295,-0.0498978682036631,-0.0125));
#17201=CARTESIAN_POINT('',(-0.118600999772745,-0.0498978682036631,-0.0125));
#17202=CARTESIAN_POINT('',(-0.118600999772745,-0.0498978682036631,0.0024));
#17203=CARTESIAN_POINT('',(-0.09025834127295,-0.0498978682036631,0.0024));
#17204=CARTESIAN_POINT('',(-0.11860101677295,-0.0438978682036634,-0.0125));
#17205=CARTESIAN_POINT('',(-0.12125475477295,-0.0492790932036631,-0.0125));
#17206=CARTESIAN_POINT('',(-0.12125475477295,-0.0492790932036631,0.0024));
#17207=CARTESIAN_POINT('',(-0.11860101677295,-0.0438978682036634,0.0024));
#17208=CARTESIAN_POINT('',(-0.13720650177295,-0.0414124782036632,-0.0125));
#17209=CARTESIAN_POINT('',(-0.153158248772633,-0.0335458632038195,-0.0125));
#17210=CARTESIAN_POINT('',(-0.153158248772633,-0.0335458632038195,0.0024));
#17211=CARTESIAN_POINT('',(-0.13720650177295,-0.0414124782036632,0.0024));
#17212=CARTESIAN_POINT('',(-0.15050451677295,-0.0281646682036631,-0.0125));
#17213=CARTESIAN_POINT('',(-0.156504482510552,-0.0281718411949802,-0.0125));
#17214=CARTESIAN_POINT('',(-0.156504482510552,-0.0281718411949982,0.0024));
#17215=CARTESIAN_POINT('',(-0.15050451677295,-0.0281646682036631,0.0024));
#17216=CARTESIAN_POINT('',(-0.15654941277295,0.00924898579633686,-0.0125));
#17217=CARTESIAN_POINT('',(-0.15659433577295,0.0466698127964457,-0.0125));
#17218=CARTESIAN_POINT('',(-0.15659433577295,0.0466698127964457,0.0024));
#17219=CARTESIAN_POINT('',(-0.15654941277295,0.00924898579633686,0.0024));
#17220=CARTESIAN_POINT('',(-0.15059439677295,0.0466770617963369,-0.0125));
#17221=CARTESIAN_POINT('',(-0.15199925277295,0.0525102157963369,-0.0125));
#17222=CARTESIAN_POINT('',(-0.15199925277295,0.0525102157963369,0.0024));
#17223=CARTESIAN_POINT('',(-0.15059439677295,0.0466770617963369,0.0024));
#17224=CARTESIAN_POINT('',(-0.12869591227295,0.0581227737963369,-0.0125));
#17225=CARTESIAN_POINT('',(-0.105392571773065,0.0637353317963092,-0.0125));
#17226=CARTESIAN_POINT('',(-0.105392571773065,0.0637353317963092,0.0024));
#17227=CARTESIAN_POINT('',(-0.12869591227295,0.0581227737963369,0.0024));
#17228=CARTESIAN_POINT('',(-0.10398761677295,0.0579021317963372,-0.0125));
#17229=CARTESIAN_POINT('',(-0.103987658772961,0.0639021368292602,-0.0125));
#17230=CARTESIAN_POINT('',(-0.103987658772979,0.0639021368292602,0.0024));
#17231=CARTESIAN_POINT('',(-0.10398761677295,0.0579021317963372,0.0024));
#17232=CARTESIAN_POINT('',(-0.08710950227295,0.0639021317963369,-0.0125));
#17233=CARTESIAN_POINT('',(-0.0702313457732331,0.0639021317963369,-0.0125));
#17234=CARTESIAN_POINT('',(-0.0702313457732331,0.0639021317963369,0.0024));
#17235=CARTESIAN_POINT('',(-0.08710950227295,0.0639021317963369,0.0024));
#17236=CARTESIAN_POINT('',(-0.0702313167729502,0.0579027317963364,-0.0125));
#17237=CARTESIAN_POINT('',(-0.0702313167729502,0.0579027317963364,0.0024));
#17238=CARTESIAN_POINT('',(-0.00900001677295003,-0.00476681820366313,-0.0125));
#17239=CARTESIAN_POINT('',(-0.00900001677295003,0.00170213179633688,-0.0054));
#17240=CARTESIAN_POINT('',(-0.00900001677295003,0.00130213179633687,-0.0054));
#17241=CARTESIAN_POINT('',(-0.00900001677295003,0.00130213179633687,-0.0125));
#17242=CARTESIAN_POINT('',(-0.00900001677295003,0.00130213179633687,-0.0021));
#17243=CARTESIAN_POINT('',(-0.00900001677295003,-0.00476681820366313,-0.0021));
#17244=CARTESIAN_POINT('',(-0.00900001677295003,0.0109021317963369,-0.005));
#17245=CARTESIAN_POINT('',(-0.00900001677295003,0.0485918899149138,-0.0125));
#17246=CARTESIAN_POINT('',(-0.00900001677295003,0.0485918899149138,-0.0125));
#17247=CARTESIAN_POINT('',(-0.00900001677295003,0.0485918899149138,0.0024));
#17248=CARTESIAN_POINT('',(-0.00900001677295003,-0.0112357682036631,0.0024));
#17249=CARTESIAN_POINT('',(-0.00900001677295003,-0.0112357682036631,0.0024));
#17250=CARTESIAN_POINT('',(-0.00900001677295003,-0.0112357682036631,-0.0125));
#17251=CARTESIAN_POINT('',(-0.00900001677295003,-0.0112357682036631,-0.0125));
#17252=CARTESIAN_POINT('',(-0.00900001677295003,-0.00476681820366313,-0.0125));
#17253=CARTESIAN_POINT('',(-0.01800001677295,0.0485783317963369,-0.0125));
#17254=CARTESIAN_POINT('',(-0.0164184307331063,0.0574382849238172,-0.0125));
#17255=CARTESIAN_POINT('',(-0.0164184307331063,0.0574382849238172,-0.0125));
#17256=CARTESIAN_POINT('',(-0.0164184307331063,0.0574382849238172,0.0024));
#17257=CARTESIAN_POINT('',(-0.01800001677295,0.0485783317963369,0.0024));
#17258=CARTESIAN_POINT('',(-0.01800001677295,0.0485783317963369,-0.0125));
#17259=CARTESIAN_POINT('',(-0.048124926980297,0.0630981965639113,-0.0125));
#17260=CARTESIAN_POINT('',(-0.0164184307331063,0.0574382849238172,0.0024));
#17261=CARTESIAN_POINT('',(-0.048124926980297,0.0630981965639113,-0.0125));
#17262=CARTESIAN_POINT('',(-0.068649837187644,0.0667620885716805,-0.0125));
#17263=CARTESIAN_POINT('',(-0.068649837187644,0.0667620885716805,-0.0125));
#17264=CARTESIAN_POINT('',(-0.068649837187644,0.0667620885716805,0.0024));
#17265=CARTESIAN_POINT('',(-0.02760001677295,0.059434304556142,0.0024));
#17266=CARTESIAN_POINT('',(-0.0271297241398296,0.059350352840768,0.0016));
#17267=CARTESIAN_POINT('',(-0.0271297241398296,0.059350352840768,0.0008));
#17268=CARTESIAN_POINT('',(-0.0205000167729501,0.0581668869161929,0.0008));
#17269=CARTESIAN_POINT('',(-0.0208297241398296,0.0582257428222217,0.0008));
#17270=CARTESIAN_POINT('',(-0.0208297241398296,0.0582257428222217,0.0016));
#17271=CARTESIAN_POINT('',(-0.0702313167729503,0.0579027317963344,-0.0125));
#17272=CARTESIAN_POINT('',(-0.07023131677295,0.066902131796407,-0.0125));
#17273=CARTESIAN_POINT('',(-0.07023131677295,0.066902131796407,-0.0125));
#17274=CARTESIAN_POINT('',(-0.07023131677295,0.066902131796407,0.0024));
#17275=CARTESIAN_POINT('',(-0.0702313167729503,0.0579027317963344,0.0024));
#17276=CARTESIAN_POINT('',(-0.0702313167729503,0.0579027317963344,-0.0125));
#17277=CARTESIAN_POINT('',(-0.0871161970773095,0.0669021317963369,-0.0125));
#17278=CARTESIAN_POINT('',(-0.104001077381669,0.0669021317963369,-0.0125));
#17279=CARTESIAN_POINT('',(-0.104001077381669,0.0669021317963369,-0.0125));
#17280=CARTESIAN_POINT('',(-0.104001077381669,0.0669021317963369,0.0024));
#17281=CARTESIAN_POINT('',(-0.07023131677295,0.0669021317963369,0.0024));
#17282=CARTESIAN_POINT('',(-0.0871161970773095,0.0669021317963369,-0.0125));
#17283=CARTESIAN_POINT('',(-0.10398761677295,0.0579021317963371,-0.0125));
#17284=CARTESIAN_POINT('',(-0.10609498899359,0.0666519411377833,-0.0125));
#17285=CARTESIAN_POINT('',(-0.10609498899359,0.0666519411377833,-0.0125));
#17286=CARTESIAN_POINT('',(-0.10609498899359,0.0666519411377833,0.0024));
#17287=CARTESIAN_POINT('',(-0.10398761677295,0.0579021317963371,0.0024));
#17288=CARTESIAN_POINT('',(-0.10398761677295,0.0579021317963371,-0.0125));
#17289=CARTESIAN_POINT('',(-0.129398371043825,0.0610393731303603,-0.0125));
#17290=CARTESIAN_POINT('',(-0.152701753094093,0.0554268051230703,-0.0125));
#17291=CARTESIAN_POINT('',(-0.152701753094093,0.0554268051230703,-0.0125));
#17292=CARTESIAN_POINT('',(-0.152701753094093,0.0554268051230703,0.0024));
#17293=CARTESIAN_POINT('',(-0.106094988993558,0.0666519411376502,0.0024));
#17294=CARTESIAN_POINT('',(-0.129398371043825,0.0610393731303603,-0.0125));
#17295=CARTESIAN_POINT('',(-0.15059439677295,0.0466770617963369,-0.0125));
#17296=CARTESIAN_POINT('',(-0.159594333666843,0.0466662575411267,-0.0125));
#17297=CARTESIAN_POINT('',(-0.159594333666843,0.0466662575411267,-0.0125));
#17298=CARTESIAN_POINT('',(-0.159594333666843,0.0466662575411267,0.0024));
#17299=CARTESIAN_POINT('',(-0.15059439677295,0.0466770617963369,0.0024));
#17300=CARTESIAN_POINT('',(-0.15059439677295,0.0466770617963369,-0.0125));
#17301=CARTESIAN_POINT('',(-0.159549410639215,0.00924540767527216,-0.0125));
#17302=CARTESIAN_POINT('',(-0.159504487611765,-0.0281754421905825,-0.0125));
#17303=CARTESIAN_POINT('',(-0.159504487611765,-0.0281754421905825,-0.0125));
#17304=CARTESIAN_POINT('',(-0.159504487611765,-0.0281754421905825,0.0024));
#17305=CARTESIAN_POINT('',(-0.159594333666665,0.0466662575411269,0.0024));
#17306=CARTESIAN_POINT('',(-0.159549410639215,0.00924540767527216,-0.0125));
#17307=CARTESIAN_POINT('',(-0.150504494096956,-0.0281646378673999,-0.0125));
#17308=CARTESIAN_POINT('',(-0.154485126470767,-0.0362364756943491,-0.0125));
#17309=CARTESIAN_POINT('',(-0.154485126470767,-0.0362364756943491,-0.0125));
#17310=CARTESIAN_POINT('',(-0.154485126470767,-0.0362364756943491,0.0024));
#17311=CARTESIAN_POINT('',(-0.150504494096956,-0.0281646378673999,0.0024));
#17312=CARTESIAN_POINT('',(-0.150504494096956,-0.0281646378673999,-0.0125));
#17313=CARTESIAN_POINT('',(-0.138533386110969,-0.0441030874197291,-0.0125));
#17314=CARTESIAN_POINT('',(-0.122581649146772,-0.0519697060306338,-0.0125));
#17315=CARTESIAN_POINT('',(-0.122581649146772,-0.0519697060306338,-0.0125));
#17316=CARTESIAN_POINT('',(-0.122581649146772,-0.0519697060306338,0.0024));
#17317=CARTESIAN_POINT('',(-0.154485126470767,-0.0362364756943491,0.0024));
#17318=CARTESIAN_POINT('',(-0.138533386110969,-0.0441030874197291,-0.0125));
#17319=CARTESIAN_POINT('',(-0.11860101677295,-0.043897868203663,-0.0125));
#17320=CARTESIAN_POINT('',(-0.11860101677295,-0.0528978682036631,-0.0125));
#17321=CARTESIAN_POINT('',(-0.11860101677295,-0.0528978682036631,-0.0125));
#17322=CARTESIAN_POINT('',(-0.11860101677295,-0.0528978682036631,0.0024));
#17323=CARTESIAN_POINT('',(-0.11860101677295,-0.043897868203663,0.0024));
#17324=CARTESIAN_POINT('',(-0.11860101677295,-0.043897868203663,-0.0125));
#17325=CARTESIAN_POINT('',(-0.09025836677295,-0.0528978682036631,-0.0125));
#17326=CARTESIAN_POINT('',(-0.06191571677295,-0.0528978682035668,-0.0125));
#17327=CARTESIAN_POINT('',(-0.06191571677295,-0.0528978682035668,-0.0125));
#17328=CARTESIAN_POINT('',(-0.06191571677295,-0.0528978682035668,0.0024));
#17329=CARTESIAN_POINT('',(-0.11860101677295,-0.0528978682036631,0.0024));
#17330=CARTESIAN_POINT('',(-0.09025836677295,-0.0528978682036631,-0.0125));
#17331=CARTESIAN_POINT('',(-0.0619157167729501,-0.0558982682036637,-0.0125));
#17332=CARTESIAN_POINT('',(-0.061020774893352,-0.0530344540312061,-0.0125));
#17333=CARTESIAN_POINT('',(-0.061020774893352,-0.0530344540312061,-0.0125));
#17334=CARTESIAN_POINT('',(-0.061020774893352,-0.0530344540312061,0.0024));
#17335=CARTESIAN_POINT('',(-0.0619157167729501,-0.0558982682036637,0.0024));
#17336=CARTESIAN_POINT('',(-0.0619157167729501,-0.0558982682036637,-0.0125));
#17337=CARTESIAN_POINT('',(-0.0537588389147012,-0.0553038088995348,-0.0125));
#17338=CARTESIAN_POINT('',(-0.0464969029359908,-0.0575731637676725,-0.0125));
#17339=CARTESIAN_POINT('',(-0.0464969029359908,-0.0575731637676725,-0.0125));
#17340=CARTESIAN_POINT('',(-0.0464969029359908,-0.0575731637676725,0.0024));
#17341=CARTESIAN_POINT('',(-0.061020774893352,-0.0530344540312061,0.0024));
#17342=CARTESIAN_POINT('',(-0.0537588389147012,-0.0553038088995348,-0.0125));
#17343=CARTESIAN_POINT('',(-0.0473917167729502,-0.0604365682036634,-0.0125));
#17344=CARTESIAN_POINT('',(-0.04592095625657,-0.0578218826348789,-0.0125));
#17345=CARTESIAN_POINT('',(-0.04592095625657,-0.0578218826348789,-0.0125));
#17346=CARTESIAN_POINT('',(-0.04592095625657,-0.0578218826348789,0.0024));
#17347=CARTESIAN_POINT('',(-0.0473917167729502,-0.0604365682036634,0.0024));
#17348=CARTESIAN_POINT('',(-0.0473917167729502,-0.0604365682036634,-0.0125));
#17349=CARTESIAN_POINT('',(-0.038880789774601,-0.0617819759684864,-0.0125));
#17350=CARTESIAN_POINT('',(-0.0318406186390241,-0.0657420610290123,-0.0125));
#17351=CARTESIAN_POINT('',(-0.0318406186390241,-0.0657420610290123,-0.0125));
#17352=CARTESIAN_POINT('',(-0.0318406186390241,-0.0657420610290123,0.0024));
#17353=CARTESIAN_POINT('',(-0.04592095625657,-0.0578218826348789,0.0024));
#17354=CARTESIAN_POINT('',(-0.038880789774601,-0.0617819759684864,-0.0125));
#17355=CARTESIAN_POINT('',(-0.02742831677295,-0.057897968203663,-0.0125));
#17356=CARTESIAN_POINT('',(-0.02742831677295,-0.0668978682036631,-0.0125));
#17357=CARTESIAN_POINT('',(-0.02742831677295,-0.0668978682036631,-0.0125));
#17358=CARTESIAN_POINT('',(-0.02742831677295,-0.0668978682036631,0.0024));
#17359=CARTESIAN_POINT('',(-0.02742831677295,-0.057897968203663,0.0024));
#17360=CARTESIAN_POINT('',(-0.02742831677295,-0.057897968203663,-0.0125));
#17361=CARTESIAN_POINT('',(-0.02451776677295,-0.0668978682036631,-0.0125));
#17362=CARTESIAN_POINT('',(-0.02160721677295,-0.0668978776945765,-0.0125));
#17363=CARTESIAN_POINT('',(-0.02160721677295,-0.0668978776945765,-0.0125));
#17364=CARTESIAN_POINT('',(-0.02160721677295,-0.0668978776945765,0.0024));
#17365=CARTESIAN_POINT('',(-0.02742831677295,-0.0668978682036631,0.0024));
#17366=CARTESIAN_POINT('',(-0.02451776677295,-0.0668978682036631,-0.0125));
#17367=CARTESIAN_POINT('',(-0.02160721677295,-0.0578978682036631,-0.0125));
#17368=CARTESIAN_POINT('',(-0.0136585854594569,-0.0621191750011654,-0.0125));
#17369=CARTESIAN_POINT('',(-0.0136585854594569,-0.0621191750011654,-0.0125));
#17370=CARTESIAN_POINT('',(-0.0136585854594569,-0.0621191750011654,0.0024));
#17371=CARTESIAN_POINT('',(-0.02160721677295,-0.0578978682036631,0.0024));
#17372=CARTESIAN_POINT('',(-0.02160721677295,-0.0578978682036631,-0.0125));
#17373=CARTESIAN_POINT('',(-0.010359685881669,-0.0559074169504144,-0.0125));
#17374=CARTESIAN_POINT('',(-0.0070607911603477,-0.0496956563207737,-0.0125));
#17375=CARTESIAN_POINT('',(-0.0070607911603477,-0.0496956563207737,-0.0125));
#17376=CARTESIAN_POINT('',(-0.00706079116048451,-0.0496956563210313,0.0024));
#17377=CARTESIAN_POINT('',(-0.0136585854594569,-0.0621191750011654,0.0024));
#17378=CARTESIAN_POINT('',(-0.010359685881669,-0.0559074169504144,-0.0125));
#17379=CARTESIAN_POINT('',(-0.01500991677295,-0.0454751682036631,-0.0125));
#17380=CARTESIAN_POINT('',(-0.00632086639600439,-0.0431296570614149,-0.0125));
#17381=CARTESIAN_POINT('',(-0.00632086639600439,-0.0431296570614149,-0.0125));
#17382=CARTESIAN_POINT('',(-0.00632086639600439,-0.0431296570614149,0.0024));
#17383=CARTESIAN_POINT('',(-0.01500991677295,-0.0454751682036631,0.0024));
#17384=CARTESIAN_POINT('',(-0.01500991677295,-0.0454751682036631,-0.0125));
#17385=CARTESIAN_POINT('',(-0.00808704362467819,-0.0365867749415496,-0.0125));
#17386=CARTESIAN_POINT('',(-0.00985322085335322,-0.0300438928216846,-0.0125));
#17387=CARTESIAN_POINT('',(-0.00985322085335322,-0.0300438928216846,-0.0125));
#17388=CARTESIAN_POINT('',(-0.00985322085335322,-0.0300438928216846,0.0024));
#17389=CARTESIAN_POINT('',(-0.00632086639600439,-0.0431296570614149,0.0024));
#17390=CARTESIAN_POINT('',(-0.00808704362467819,-0.0365867749415496,-0.0125));
#17391=CARTESIAN_POINT('',(-0.00695691677295004,-0.0292620682036632,-0.0125));
#17392=CARTESIAN_POINT('',(-0.00995251665035754,-0.0291001438766479,-0.0125));
#17393=CARTESIAN_POINT('',(-0.00995251665035754,-0.0291001438766479,-0.0125));
#17394=CARTESIAN_POINT('',(-0.00995251665035754,-0.0291001438766479,0.0024));
#17395=CARTESIAN_POINT('',(-0.00695691677295004,-0.0292620682036632,0.0024));
#17396=CARTESIAN_POINT('',(-0.00695691677295004,-0.0292620682036632,-0.0125));
#17397=CARTESIAN_POINT('',(-0.00948282551006546,-0.0204108582812455,-0.0125));
#17398=CARTESIAN_POINT('',(-0.00901313704356155,-0.0117215725413141,-0.0125));
#17399=CARTESIAN_POINT('',(-0.00901313704356155,-0.0117215725413141,-0.0125));
#17400=CARTESIAN_POINT('',(-0.00901313704356155,-0.0117215725413141,0.0024));
#17401=CARTESIAN_POINT('',(-0.00995251665035754,-0.0291001438766479,0.0024));
#17402=CARTESIAN_POINT('',(-0.00948282551006546,-0.0204108582812455,-0.0125));
#17403=CARTESIAN_POINT('',(-0.0180005167729508,-0.0112357682036631,-0.0125));
#17404=CARTESIAN_POINT('',(-0.0180005167729508,-0.0112357682036631,0.0024));
#17405=CARTESIAN_POINT('',(-0.0180005167729508,-0.0112357682036631,-0.0125));
#17406=CARTESIAN_POINT('',(-0.0828021001577284,2.12705091524878E-06,-0.0125));
#17407=CARTESIAN_POINT('',(-0.01050001677295,0.0105021317963369,-0.005));
#17408=CARTESIAN_POINT('',(-0.00940001677295003,0.0105021317963369,-0.0025));
#17409=CARTESIAN_POINT('',(-0.00940001677295003,0.0105021317963369,-0.0038));
#17410=CARTESIAN_POINT('',(-0.01050001677295,0.0105021317963369,-0.0037));
#17411=CARTESIAN_POINT('',(-0.00910683411451243,0.0106300216554169,-0.00431155943632032));
#17412=CARTESIAN_POINT('',(-0.00912265321885843,0.0106129775017129,-0.00424338282150421));
#17413=CARTESIAN_POINT('',(-0.00913950807219184,0.0105965323429813,-0.0041776021865779));
#17414=CARTESIAN_POINT('',(-0.00917696540479746,0.010566335291358,-0.00405681398008445));
#17415=CARTESIAN_POINT('',(-0.00919756788406967,0.0105525833984662,-0.00400180640851733));
#17416=CARTESIAN_POINT('',(-0.00926533710068535,0.0105186974998113,-0.0038662628138978));
#17417=CARTESIAN_POINT('',(-0.00931965161396488,0.0105040834269867,-0.0038078065225994));
#17418=CARTESIAN_POINT('',(-0.00939305785943215,0.0105021776826001,-0.00380018354505297));
#17419=CARTESIAN_POINT('',(-0.00939651847998691,0.0105021317963369,-0.0038));
#17420=CARTESIAN_POINT('',(-0.00940497556346625,0.0105021317963369,-0.0038));
#17421=CARTESIAN_POINT('',(-0.0094104396087711,0.0105021317963369,-0.0038));
#17422=CARTESIAN_POINT('',(-0.00945743612733613,0.0105021317963369,-0.0038));
#17423=CARTESIAN_POINT('',(-0.00951867353735332,0.0105021317963369,-0.0038));
#17424=CARTESIAN_POINT('',(-0.0095675322050488,0.0105021317963369,-0.0038));
#17425=CARTESIAN_POINT('',(-0.01050001677295,0.00170213179633688,-0.005));
#17426=CARTESIAN_POINT('',(-0.00940001677295003,0.00170213179633688,-0.005));
#17427=CARTESIAN_POINT('',(-0.01050001677295,0.00170213179633688,-0.0038));
#17428=CARTESIAN_POINT('',(-0.0828021001577284,2.12705091524878E-06,-0.005));
#17429=CARTESIAN_POINT('',(-0.0828021001577284,0.00290213179633685,-0.005));
#17430=CARTESIAN_POINT('',(-0.00940001677295003,0.0105021317963369,-0.005));
#17431=CARTESIAN_POINT('',(-0.00940001677295003,0.00930213179633687,-0.005));
#17432=CARTESIAN_POINT('',(-0.00910683411451243,0.00981369123265718,-0.00512788985908008));
#17433=CARTESIAN_POINT('',(-0.00912265321885843,0.00974551461784108,-0.00511084570537605));
#17434=CARTESIAN_POINT('',(-0.00913950807219183,0.00967973398291476,-0.00509440054664447));
#17435=CARTESIAN_POINT('',(-0.00917696540479745,0.00955894577642132,-0.00506420349502111));
#17436=CARTESIAN_POINT('',(-0.00919756788406967,0.00950393820485419,-0.00505045160212933));
#17437=CARTESIAN_POINT('',(-0.00926533710068535,0.00936839461023466,-0.00501656570347445));
#17438=CARTESIAN_POINT('',(-0.00931965161396488,0.00930993831893627,-0.00500195163064988));
#17439=CARTESIAN_POINT('',(-0.00939305785943216,0.00930231534138984,-0.00500004588626324));
#17440=CARTESIAN_POINT('',(-0.00939651847998691,0.00930213179633687,-0.005));
#17441=CARTESIAN_POINT('',(-0.00940497556346625,0.00930213179633687,-0.005));
#17442=CARTESIAN_POINT('',(-0.0094104396087711,0.00930213179633687,-0.005));
#17443=CARTESIAN_POINT('',(-0.00945743612733613,0.00930213179633687,-0.005));
#17444=CARTESIAN_POINT('',(-0.00951867353735332,0.00930213179633687,-0.005));
#17445=CARTESIAN_POINT('',(-0.0095675322050488,0.00930213179633687,-0.005));
#17446=CARTESIAN_POINT('',(-0.0828021001577284,2.12705091524878E-06,-0.0025));
#17447=CARTESIAN_POINT('',(-0.00940001677295003,2.12705091524878E-06,-0.0025));
#17448=CARTESIAN_POINT('',(-0.0828021001577284,0.00930213179633687,-0.0025));
#17449=CARTESIAN_POINT('',(-0.0828021001577284,2.12705091524878E-06,0.0012));
#17450=CARTESIAN_POINT('',(-0.02720001677295,2.12705091524878E-06,0.0012));
#17451=CARTESIAN_POINT('',(-0.02720001677295,0.0589565775930327,0.0012));
#17452=CARTESIAN_POINT('',(-0.02720001677295,0.0567218002547894,0.0012));
#17453=CARTESIAN_POINT('',(-0.0712726935920973,0.0645891929365304,0.0012));
#17454=CARTESIAN_POINT('',(-0.0209000167729501,0.0555971902362431,0.0012));
#17455=CARTESIAN_POINT('',(-0.0209000167729501,0.0581668869161929,0.0012));
#17456=CARTESIAN_POINT('',(-0.0209000167729501,0.0578319675744864,0.0012));
#17457=CARTESIAN_POINT('',(-0.0276703094060704,0.0590405293084067,0.0012));
#17458=CARTESIAN_POINT('',(-0.11430001677295,0.0551021317963369,-0.0009));
#17459=CARTESIAN_POINT('',(-0.11430001677295,0.0551021317963369,-0.0009));
#17460=CARTESIAN_POINT('',(-0.11330001677295,0.0551021317963369,-0.0009));
#17461=CARTESIAN_POINT('',(-0.11430001677295,0.0551021317963369,0.));
#17462=CARTESIAN_POINT('',(-0.11330001677295,0.0551021317963369,0.));
#17463=CARTESIAN_POINT('',(-0.11430001677295,0.0551021317963369,-0.0009));
#17464=CARTESIAN_POINT('',(-0.11430001677295,0.0551021317963369,-0.0009));
#17465=CARTESIAN_POINT('',(-0.11230001677295,0.0551021317963369,-0.0009));
#17466=CARTESIAN_POINT('',(-0.0828021001577284,2.12705091524878E-06,-0.0009));
#17467=CARTESIAN_POINT('',(-0.0828021001577284,2.12705091524878E-06,0.));
#17468=CARTESIAN_POINT('',(-0.05770001677295,0.0561021317963369,-0.0009));
#17469=CARTESIAN_POINT('',(-0.05770001677295,0.0561021317963369,-0.0009));
#17470=CARTESIAN_POINT('',(-0.05670001677295,0.0561021317963369,-0.0009));
#17471=CARTESIAN_POINT('',(-0.05770001677295,0.0561021317963369,0.));
#17472=CARTESIAN_POINT('',(-0.05670001677295,0.0561021317963369,0.));
#17473=CARTESIAN_POINT('',(-0.05770001677295,0.0561021317963369,-0.0009));
#17474=CARTESIAN_POINT('',(-0.05770001677295,0.0561021317963369,-0.0009));
#17475=CARTESIAN_POINT('',(-0.05570001677295,0.0561021317963369,-0.0009));
#17476=CARTESIAN_POINT('',(-0.0828021001577284,2.12705091524878E-06,-0.0009));
#17477=CARTESIAN_POINT('',(-0.0828021001577284,2.12705091524878E-06,0.));
#17478=CARTESIAN_POINT('',(-0.12460001677295,-0.0318978682036632,-0.0009));
#17479=CARTESIAN_POINT('',(-0.12460001677295,-0.0318978682036632,-0.0009));
#17480=CARTESIAN_POINT('',(-0.12360001677295,-0.0318978682036632,-0.0009));
#17481=CARTESIAN_POINT('',(-0.12460001677295,-0.0318978682036632,0.));
#17482=CARTESIAN_POINT('',(-0.12360001677295,-0.0318978682036632,0.));
#17483=CARTESIAN_POINT('',(-0.12460001677295,-0.0318978682036632,-0.0009));
#17484=CARTESIAN_POINT('',(-0.12460001677295,-0.0318978682036632,-0.0009));
#17485=CARTESIAN_POINT('',(-0.12260001677295,-0.0318978682036632,-0.0009));
#17486=CARTESIAN_POINT('',(-0.0828021001577284,2.12705091524878E-06,-0.0009));
#17487=CARTESIAN_POINT('',(-0.0828021001577284,2.12705091524878E-06,0.));
#17488=CARTESIAN_POINT('',(-0.03700001677295,-0.0396978682036632,-0.0009));
#17489=CARTESIAN_POINT('',(-0.03700001677295,-0.0396978682036632,-0.0009));
#17490=CARTESIAN_POINT('',(-0.03600001677295,-0.0396978682036632,-0.0009));
#17491=CARTESIAN_POINT('',(-0.03700001677295,-0.0396978682036632,0.));
#17492=CARTESIAN_POINT('',(-0.03600001677295,-0.0396978682036632,0.));
#17493=CARTESIAN_POINT('',(-0.03700001677295,-0.0396978682036632,-0.0009));
#17494=CARTESIAN_POINT('',(-0.03700001677295,-0.0396978682036632,-0.0009));
#17495=CARTESIAN_POINT('',(-0.03500001677295,-0.0396978682036632,-0.0009));
#17496=CARTESIAN_POINT('',(-0.0828021001577284,2.12705091524878E-06,-0.0009));
#17497=CARTESIAN_POINT('',(-0.0828021001577284,2.12705091524878E-06,0.));
#17498=CARTESIAN_POINT('',(-0.00940001677295003,0.0109021317963369,-0.005));
#17499=CARTESIAN_POINT('',(-0.00910683411451243,0.0106300216554169,-0.00431155943632032));
#17500=CARTESIAN_POINT('',(-0.00912265321885843,0.0106129775017129,-0.00424338282150421));
#17501=CARTESIAN_POINT('',(-0.00913950807219184,0.0105965323429813,-0.0041776021865779));
#17502=CARTESIAN_POINT('',(-0.00917696540479746,0.010566335291358,-0.00405681398008445));
#17503=CARTESIAN_POINT('',(-0.00919756788406967,0.0105525833984662,-0.00400180640851733));
#17504=CARTESIAN_POINT('',(-0.00926533710068535,0.0105186974998113,-0.0038662628138978));
#17505=CARTESIAN_POINT('',(-0.00931965161396488,0.0105040834269867,-0.0038078065225994));
#17506=CARTESIAN_POINT('',(-0.00939305785943215,0.0105021776826001,-0.00380018354505297));
#17507=CARTESIAN_POINT('',(-0.00939651847998691,0.0105021317963369,-0.0038));
#17508=CARTESIAN_POINT('',(-0.00940497556346625,0.0105021317963369,-0.0038));
#17509=CARTESIAN_POINT('',(-0.0094104396087711,0.0105021317963369,-0.0038));
#17510=CARTESIAN_POINT('',(-0.00945743612733613,0.0105021317963369,-0.0038));
#17511=CARTESIAN_POINT('',(-0.00951867353735332,0.0105021317963369,-0.0038));
#17512=CARTESIAN_POINT('',(-0.0095675322050488,0.0105021317963369,-0.0038));
#17513=CARTESIAN_POINT('',(-0.00940001677295003,-0.00476681820366313,-0.0054));
#17514=CARTESIAN_POINT('',(-0.00940001677295003,0.00130213179633687,-0.0054));
#17515=CARTESIAN_POINT('',(-0.00910683411451243,0.00981369123265718,-0.00512788985908008));
#17516=CARTESIAN_POINT('',(-0.00912265321885843,0.00974551461784108,-0.00511084570537605));
#17517=CARTESIAN_POINT('',(-0.00913950807219183,0.00967973398291476,-0.00509440054664447));
#17518=CARTESIAN_POINT('',(-0.00917696540479745,0.00955894577642132,-0.00506420349502111));
#17519=CARTESIAN_POINT('',(-0.00919756788406967,0.00950393820485419,-0.00505045160212933));
#17520=CARTESIAN_POINT('',(-0.00926533710068535,0.00936839461023466,-0.00501656570347445));
#17521=CARTESIAN_POINT('',(-0.00931965161396488,0.00930993831893627,-0.00500195163064988));
#17522=CARTESIAN_POINT('',(-0.00939305785943216,0.00930231534138984,-0.00500004588626324));
#17523=CARTESIAN_POINT('',(-0.00939651847998691,0.00930213179633687,-0.005));
#17524=CARTESIAN_POINT('',(-0.00940497556346625,0.00930213179633687,-0.005));
#17525=CARTESIAN_POINT('',(-0.0094104396087711,0.00930213179633687,-0.005));
#17526=CARTESIAN_POINT('',(-0.00945743612733613,0.00930213179633687,-0.005));
#17527=CARTESIAN_POINT('',(-0.00951867353735332,0.00930213179633687,-0.005));
#17528=CARTESIAN_POINT('',(-0.0095675322050488,0.00930213179633687,-0.005));
#17529=CARTESIAN_POINT('',(-0.00940001677295003,2.12705091524878E-06,-0.0021));
#17530=CARTESIAN_POINT('',(-0.00940001677295003,0.00130213179633687,-0.0021));
#17531=CARTESIAN_POINT('',(-0.00940001677295003,0.00130213179633687,-0.0125));
#17532=CARTESIAN_POINT('',(-0.00940001677295003,0.00130213179633687,-0.0054));
#17533=CARTESIAN_POINT('',(-0.00940001677295003,0.00130213179633687,-0.0021));
#17534=CARTESIAN_POINT('',(-0.01830001677295,2.12705091524878E-06,0.0009));
#17535=CARTESIAN_POINT('',(-0.01830001677295,-0.00989786820366313,0.0009));
#17536=CARTESIAN_POINT('',(-0.01830001677295,-0.0228978682036632,0.0009));
#17537=CARTESIAN_POINT('',(-0.0828021001577284,-0.0228978682036632,0.0009));
#17538=CARTESIAN_POINT('',(-0.0309000167729501,-0.0228978682036632,0.0009));
#17539=CARTESIAN_POINT('',(-0.0828021001577284,-0.00989786820366313,0.0009));
#17540=CARTESIAN_POINT('',(-0.0309000167729501,-0.00989786820366313,0.0009));
#17541=CARTESIAN_POINT('',(-0.0309000167729501,2.12705091524878E-06,0.0009));
#17542=CARTESIAN_POINT('',(-0.0828021001577284,0.0542021317963369,0.0009));
#17543=CARTESIAN_POINT('',(-0.01480001677295,2.12705091524878E-06,0.0009));
#17544=CARTESIAN_POINT('',(-0.0828021001577284,0.0203021317963369,0.0009));
#17545=CARTESIAN_POINT('',(-0.01680001677295,0.0203021317963369,0.0009));
#17546=CARTESIAN_POINT('',(-0.0176000167729501,2.12705091524878E-06,0.0009));
#17547=CARTESIAN_POINT('',(-0.0176000167729501,0.0195021317963369,0.0009));
#17548=CARTESIAN_POINT('',(-0.0828021001577284,0.0137021317963369,0.0009));
#17549=CARTESIAN_POINT('',(-0.03040001677295,2.12705091524878E-06,0.0009));
#17550=CARTESIAN_POINT('',(-0.03040001677295,0.0195021317963369,0.0009));
#17551=CARTESIAN_POINT('',(-0.0828021001577284,0.0203021317963369,0.0009));
#17552=CARTESIAN_POINT('',(-0.03120001677295,0.0203021317963369,0.0009));
#17553=CARTESIAN_POINT('',(-0.03340001677295,2.12705091524878E-06,0.0009));
#17554=CARTESIAN_POINT('',(-0.0828021001577284,0.0542021317963369,0.0009));
#17555=CARTESIAN_POINT('',(-0.0280000167729501,2.12705091524878E-06,0.0024));
#17556=CARTESIAN_POINT('',(-0.0280000167729501,0.0590993852144354,0.0024));
#17557=CARTESIAN_POINT('',(-0.0280000167729501,0.0568646078761921,0.0024));
#17558=CARTESIAN_POINT('',(-0.0712726935920973,0.0645891929365304,0.0024));
#17559=CARTESIAN_POINT('',(-0.0691066641398296,0.0642025360440722,0.0024));
#17560=CARTESIAN_POINT('',(-0.0481952196134175,0.0627044213161759,0.0024));
#17561=CARTESIAN_POINT('',(-0.0687201298207645,0.0663683133239452,0.0024));
#17562=CARTESIAN_POINT('',(-0.0702313167729502,0.0579027317963364,0.0024));
#17563=CARTESIAN_POINT('',(-0.0702313477067787,0.0643021317963322,0.0024));
#17564=CARTESIAN_POINT('',(-0.0702313167729503,0.0579027317963344,0.0024));
#17565=CARTESIAN_POINT('',(-0.0702313167729501,0.066502131796407,0.0024));
#17566=CARTESIAN_POINT('',(-0.0828021001577284,0.0643021317963369,0.0024));
#17567=CARTESIAN_POINT('',(-0.103987658773027,0.0643021418621927,0.00279999999987335));
#17568=CARTESIAN_POINT('',(-0.103987658773017,0.0640926989967344,0.00280000527042757));
#17569=CARTESIAN_POINT('',(-0.103987658773007,0.0639021317963369,0.0026094428655246));
#17570=CARTESIAN_POINT('',(-0.103987658772997,0.0639021317963369,0.0024));
#17571=CARTESIAN_POINT('',(-0.0871161970773095,0.0665021317963369,0.0024));
#17572=CARTESIAN_POINT('',(-0.104001077381669,0.0665021317963369,0.0024));
#17573=CARTESIAN_POINT('',(-0.10398761677295,0.0579021317963372,0.0024));
#17574=CARTESIAN_POINT('',(-0.105486235282603,0.0641242111438978,0.0024));
#17575=CARTESIAN_POINT('',(-0.10398761677295,0.0579021317963371,0.0024));
#17576=CARTESIAN_POINT('',(-0.10600132811076,0.0662630611575483,0.0024));
#17577=CARTESIAN_POINT('',(-0.0986427375089271,0.065772452441228,0.0024));
#17578=CARTESIAN_POINT('',(-0.152092913655779,0.0528990957765719,0.0024));
#17579=CARTESIAN_POINT('',(-0.129304710160995,0.0606504931501252,0.0024));
#17580=CARTESIAN_POINT('',(-0.152608092211262,0.0550379251428353,0.0024));
#17581=CARTESIAN_POINT('',(-0.15059439677295,0.0466770617963369,0.0024));
#17582=CARTESIAN_POINT('',(-0.156994335481011,0.0466693295252258,0.0024));
#17583=CARTESIAN_POINT('',(-0.15059439677295,0.0466770617963369,0.0024));
#17584=CARTESIAN_POINT('',(-0.159194333955074,0.0466667377332681,0.0024));
#17585=CARTESIAN_POINT('',(-0.156938205539295,-8.68719512194792E-05,0.0024));
#17586=CARTESIAN_POINT('',(-0.156904474959928,-0.028172321378471,0.00279999999973629));
#17587=CARTESIAN_POINT('',(-0.156695040442341,-0.0281720699562556,0.00279999239474355));
#17588=CARTESIAN_POINT('',(-0.15650448977295,-0.0281718412037452,0.00260943466863865));
#17589=CARTESIAN_POINT('',(-0.15650448977295,-0.0281718412037347,0.0024));
#17590=CARTESIAN_POINT('',(-0.159149410927446,0.00924588786741361,0.0024));
#17591=CARTESIAN_POINT('',(-0.159104487899996,-0.0281749619984412,0.0024));
#17592=CARTESIAN_POINT('',(-0.15050451677295,-0.0281646682036631,0.0024));
#17593=CARTESIAN_POINT('',(-0.153335165337256,-0.0339046117636242,0.0024));
#17594=CARTESIAN_POINT('',(-0.150504494096956,-0.0281646378673999,0.0024));
#17595=CARTESIAN_POINT('',(-0.154308209476375,-0.0358777273464847,0.0024));
#17596=CARTESIAN_POINT('',(-0.1100500644036,-0.0552506890479004,0.0024));
#17597=CARTESIAN_POINT('',(-0.121431671767342,-0.0496378415515275,0.0024));
#17598=CARTESIAN_POINT('',(-0.138356469116577,-0.0437443390718647,0.0024));
#17599=CARTESIAN_POINT('',(-0.122404728756779,-0.0516109507972447,0.0024));
#17600=CARTESIAN_POINT('',(-0.11860101677295,-0.0438978682036634,0.0024));
#17601=CARTESIAN_POINT('',(-0.118600998639398,-0.0502978682036615,0.0024));
#17602=CARTESIAN_POINT('',(-0.11860101677295,-0.043897868203663,0.0024));
#17603=CARTESIAN_POINT('',(-0.11860101677295,-0.0524978682036872,0.0024));
#17604=CARTESIAN_POINT('',(-0.0828021001577284,-0.0502978682036631,0.0024));
#17605=CARTESIAN_POINT('',(-0.06191568277295,-0.0502978682036631,0.0024));
#17606=CARTESIAN_POINT('',(-0.09025836677295,-0.0524978682036631,0.0024));
#17607=CARTESIAN_POINT('',(-0.06191571677295,-0.0524978682036631,0.0024));
#17608=CARTESIAN_POINT('',(-0.06191571677295,-0.0558982682036629,0.0024));
#17609=CARTESIAN_POINT('',(-0.0602453348790634,-0.0505527743546671,0.0024));
#17610=CARTESIAN_POINT('',(-0.0619157167729501,-0.0558982682036637,0.0024));
#17611=CARTESIAN_POINT('',(-0.0609014625371582,-0.0526526544703557,0.0024));
#17612=CARTESIAN_POINT('',(-0.0951881269137387,-0.0396331607514928,0.0024));
#17613=CARTESIAN_POINT('',(-0.0457214347642173,-0.0550915011967481,0.0024));
#17614=CARTESIAN_POINT('',(-0.053639528923434,-0.0549220169064498,0.0024));
#17615=CARTESIAN_POINT('',(-0.0463775929447832,-0.0571913717747785,0.0024));
#17616=CARTESIAN_POINT('',(-0.0473917167729499,-0.0604365682036629,0.0024));
#17617=CARTESIAN_POINT('',(-0.0446463050404806,-0.0555557590785112,0.0024));
#17618=CARTESIAN_POINT('',(-0.0473917167729502,-0.0604365682036634,0.0024));
#17619=CARTESIAN_POINT('',(-0.045724846898659,-0.0574732437488586,0.0024));
#17620=CARTESIAN_POINT('',(-0.0973709959538445,-0.0258981341860291,0.0024));
#17621=CARTESIAN_POINT('',(-0.0305659822570476,-0.0634759514251255,0.0024));
#17622=CARTESIAN_POINT('',(-0.0386846852905035,-0.0614333457470241,0.0024));
#17623=CARTESIAN_POINT('',(-0.0316445188085346,-0.0653934390806316,0.0024));
#17624=CARTESIAN_POINT('',(-0.0274283167729499,-0.0578979682036628,0.0024));
#17625=CARTESIAN_POINT('',(-0.0274283103725787,-0.0642978682036629,0.0024));
#17626=CARTESIAN_POINT('',(-0.02742831677295,-0.057897968203663,0.0024));
#17627=CARTESIAN_POINT('',(-0.02742831677295,-0.0664978682036661,0.0024));
#17628=CARTESIAN_POINT('',(-0.0828021001577284,-0.0642978682036631,0.0024));
#17629=CARTESIAN_POINT('',(-0.02160720577295,-0.0642978682036631,0.0024));
#17630=CARTESIAN_POINT('',(-0.02451776677295,-0.0664978682036631,0.0024));
#17631=CARTESIAN_POINT('',(-0.02160721677295,-0.0664978682036631,0.0024));
#17632=CARTESIAN_POINT('',(-0.02160721677295,-0.0578978682036631,0.0024));
#17633=CARTESIAN_POINT('',(-0.0159548514650339,-0.0608996823067759,0.0024));
#17634=CARTESIAN_POINT('',(-0.02160721677295,-0.0578978682036631,0.0024));
#17635=CARTESIAN_POINT('',(-0.0140118575897349,-0.061931561563569,0.0024));
#17636=CARTESIAN_POINT('',(-0.00543270447779319,-0.0410867023363446,0.0024));
#17637=CARTESIAN_POINT('',(-0.00935750801862616,-0.0484770009569445,0.00279999999985021));
#17638=CARTESIAN_POINT('',(-0.00954247774812277,-0.0483787686855733,0.00279999426822133));
#17639=CARTESIAN_POINT('',(-0.00971077067563785,-0.0482893930204264,0.00260943586130747));
#17640=CARTESIAN_POINT('',(-0.00971077077300076,-0.0482893932037586,0.0024));
#17641=CARTESIAN_POINT('',(-0.0107129580119493,-0.0557198035128167,0.0024));
#17642=CARTESIAN_POINT('',(-0.00706078630425855,-0.0496956589003741,0.0024));
#17643=CARTESIAN_POINT('',(-0.00706079293937254,-0.0496956713941532,0.00260944317530331));
#17644=CARTESIAN_POINT('',(-0.00722910532379378,-0.0496063011784333,0.00280000575701868));
#17645=CARTESIAN_POINT('',(-0.00741408805061808,-0.0495080777869995,0.00279999999984888));
#17646=CARTESIAN_POINT('',(-0.01500991677295,-0.0454751682036632,0.0024));
#17647=CARTESIAN_POINT('',(-0.00883100948305465,-0.0438072865209568,0.0024));
#17648=CARTESIAN_POINT('',(-0.01500991677295,-0.0454751682036631,0.0024));
#17649=CARTESIAN_POINT('',(-0.00670704398359703,-0.0432339013453459,0.0024));
#17650=CARTESIAN_POINT('',(-0.0248776429146784,0.0156381809323307,0.0024));
#17651=CARTESIAN_POINT('',(-0.012363376185226,-0.0307214769196967,0.0024));
#17652=CARTESIAN_POINT('',(-0.00847322121240218,-0.036691019225516,0.0024));
#17653=CARTESIAN_POINT('',(-0.010239398441076,-0.0301481371056507,0.0024));
#17654=CARTESIAN_POINT('',(-0.00695691677295011,-0.0292620682036632,0.0024));
#17655=CARTESIAN_POINT('',(-0.012548724070549,-0.028959796267253,0.0024));
#17656=CARTESIAN_POINT('',(-0.00695691677295004,-0.0292620682036632,0.0024));
#17657=CARTESIAN_POINT('',(-0.0103519317199869,-0.0290785538716419,0.0024));
#17658=CARTESIAN_POINT('',(-0.0111924484800566,-0.00386866515439575,0.0024));
#17659=CARTESIAN_POINT('',(-0.0116093458637053,-0.0115812663080948,0.0024));
#17660=CARTESIAN_POINT('',(-0.0098822424193095,-0.0203892681768009,0.0024));
#17661=CARTESIAN_POINT('',(-0.00941255127901741,-0.0116999825813985,0.0024));
#17662=CARTESIAN_POINT('',(-0.0180005167729469,-0.0112357682036632,0.0024));
#17663=CARTESIAN_POINT('',(-0.0116000167729675,-0.0112358279371267,0.0024));
#17664=CARTESIAN_POINT('',(-0.0180005167729508,-0.0112357682036631,0.0024));
#17665=CARTESIAN_POINT('',(-0.00940001677268874,-0.0112357682036631,0.0024));
#17666=CARTESIAN_POINT('',(-0.01160001677295,2.12705091524878E-06,0.0024));
#17667=CARTESIAN_POINT('',(-0.0116000065605992,0.0485783424628549,0.00279999999986963));
#17668=CARTESIAN_POINT('',(-0.0118094494748872,0.0485783422406361,0.00280000534713093));
#17669=CARTESIAN_POINT('',(-0.01200001677295,0.0485783420184173,0.00260944291435626));
#17670=CARTESIAN_POINT('',(-0.01200001677295,0.0485783417961985,0.0024));
#17671=CARTESIAN_POINT('',(-0.00940001677295003,-0.00476681820366313,0.0024));
#17672=CARTESIAN_POINT('',(-0.00940001677295003,0.0485912873325497,0.0024));
#17673=CARTESIAN_POINT('',(-0.01800001677295,0.0485783317963369,0.0024));
#17674=CARTESIAN_POINT('',(-0.0168753342259418,0.054878746059444,0.0024));
#17675=CARTESIAN_POINT('',(-0.01800001677295,0.0485783317963369,0.0024));
#17676=CARTESIAN_POINT('',(-0.0164887233662267,0.057044509676082,0.0024));
#17677=CARTESIAN_POINT('',(-0.0712726935920973,0.0645891929365304,0.0024));
#17678=CARTESIAN_POINT('',(-0.02010001677295,0.0554543826148404,0.0024));
#17679=CARTESIAN_POINT('',(-0.0481952196134175,0.0627044213161759,0.0024));
#17680=CARTESIAN_POINT('',(-0.02010001677295,0.0576891599530837,0.0024));
#17681=CARTESIAN_POINT('',(-0.02010001677295,0.0544607975347354,0.0024));
#17682=CARTESIAN_POINT('',(-0.0274302572121462,0.0590387778167135,0.00192709225022734));
#17683=CARTESIAN_POINT('',(-0.0273875714199545,0.0593963810367178,0.00195713880600726));
#17684=CARTESIAN_POINT('',(-0.0275902050182218,0.0594325530644488,0.00225418450045468));
#17685=CARTESIAN_POINT('',(-0.0275680859764384,0.0590879853116705,0.00183007449697133));
#17686=CARTESIAN_POINT('',(-0.0275486407228671,0.0594251334417546,0.00186994105797218));
#17687=CARTESIAN_POINT('',(-0.0278658625467157,0.0594817605594062,0.00206014899381095));
#17688=CARTESIAN_POINT('',(-0.0276943824307363,0.0591330755522691,0.0014434545739755));
#17689=CARTESIAN_POINT('',(-0.027720082543971,0.0594557374401065,0.00139907000528525));
#17690=CARTESIAN_POINT('',(-0.0281184554554462,0.059526850800005,0.00128690914793837));
#17691=CARTESIAN_POINT('',(-0.0273685670990154,0.0590167532709149,0.0012));
#17692=CARTESIAN_POINT('',(-0.0272972760488065,0.0593802624527459,0.00117143781928504));
#17693=CARTESIAN_POINT('',(-0.0274668247919629,0.0594105285186486,0.00080000000015697));
#17694=CARTESIAN_POINT('',(-0.0272000167729501,0.0589565775930327,0.0012));
#17695=CARTESIAN_POINT('',(-0.0271297241398296,0.059350352840768,0.00120000000000001));
#17696=CARTESIAN_POINT('',(-0.0271297241398296,0.059350352840768,0.0008));
#17697=CARTESIAN_POINT('',(-0.02720001677295,0.0589565775930327,0.0016));
#17698=CARTESIAN_POINT('',(-0.02720001677295,0.0589565775930327,0.0008));
#17699=CARTESIAN_POINT('',(-0.02720001677295,0.0550945063547099,0.0016));
#17700=CARTESIAN_POINT('',(-0.02720001677295,0.0567218002547894,0.0016));
#17701=CARTESIAN_POINT('',(-0.0481952196134175,0.0627044213161759,0.0008));
#17702=CARTESIAN_POINT('',(-0.0209000167729501,0.0578319675744864,0.0008));
#17703=CARTESIAN_POINT('',(-0.02760001677295,0.0563989943152197,6.58240670992639E-05));
#17704=CARTESIAN_POINT('',(-0.02760001677295,0.0565671511825297,0.000460459785477074));
#17705=CARTESIAN_POINT('',(-0.0271720945645492,0.056555412904797,0.000432912033549627));
#17706=CARTESIAN_POINT('',(-0.02760001677295,0.0560592783707242,0.000210579258822407));
#17707=CARTESIAN_POINT('',(-0.0276000167729475,0.0564115363164908,0.000562605851586284));
#17708=CARTESIAN_POINT('',(-0.0271427096672028,0.0563803094483937,0.000505289629334355));
#17709=CARTESIAN_POINT('',(-0.02760001677295,0.0556466389430236,0.00101923850097798));
#17710=CARTESIAN_POINT('',(-0.027600016772952,0.0563094668801236,0.000858098623448624));
#17711=CARTESIAN_POINT('',(-0.0271070170027077,0.0561676182539522,0.000909619250484991));
#17712=CARTESIAN_POINT('',(-0.02760001677295,0.056351626373027,0.00159999999983027));
#17713=CARTESIAN_POINT('',(-0.0276000167729489,0.056523042374367,0.00116664547463788));
#17714=CARTESIAN_POINT('',(-0.0271679973117069,0.0565309975350318,0.0012));
#17715=CARTESIAN_POINT('',(-0.02760001677295,0.0567218002547894,0.0016));
#17716=CARTESIAN_POINT('',(-0.02760001677295,0.0567218002547894,0.00119999999999999));
#17717=CARTESIAN_POINT('',(-0.02720001677295,0.0567218002547894,0.0012));
#17718=CARTESIAN_POINT('',(-0.02720001677295,0.0567218002547894,0.0008));
#17719=CARTESIAN_POINT('',(-0.0209000167729501,0.0578319675744864,0.0012));
#17720=CARTESIAN_POINT('',(-0.0208297241398296,0.0582257428222217,0.00120000000000001));
#17721=CARTESIAN_POINT('',(-0.0208297241398296,0.0582257428222217,0.0008));
#17722=CARTESIAN_POINT('',(-0.0207178101329544,0.0577669163323312,0.0012));
#17723=CARTESIAN_POINT('',(-0.0206340593058288,0.0581908147852954,0.00123335452535586));
#17724=CARTESIAN_POINT('',(-0.0204653108598405,0.0581606915800682,0.000800000000169708));
#17725=CARTESIAN_POINT('',(-0.0203708018830969,0.0576430277754043,0.00149038074951439));
#17726=CARTESIAN_POINT('',(-0.0204238074479259,0.0581532828256549,0.00154190137655128));
#17727=CARTESIAN_POINT('',(-0.0197712943600879,0.0580368030231383,0.00138076149902195));
#17728=CARTESIAN_POINT('',(-0.0205739108741321,0.0577155415551589,0.00189471037066689));
#17729=CARTESIAN_POINT('',(-0.0205242884919179,0.0581712196492545,0.00183739414842026));
#17730=CARTESIAN_POINT('',(-0.0201775123422623,0.058109316802895,0.00218942074117771));
#17731=CARTESIAN_POINT('',(-0.0207411255369194,0.0577752403757882,0.00196708796645037));
#17732=CARTESIAN_POINT('',(-0.0206774816979768,0.0581985660959748,0.00193954021452293));
#17733=CARTESIAN_POINT('',(-0.0205119416677684,0.0581690156235235,0.00233417593290073));
#17734=CARTESIAN_POINT('',(-0.0209000167729501,0.0578319675744864,0.0016));
#17735=CARTESIAN_POINT('',(-0.0712726935920973,0.0645891929365304,0.0008));
#17736=CARTESIAN_POINT('',(-0.0209000167729501,0.0555971902362431,0.0008));
#17737=CARTESIAN_POINT('',(-0.0209000167729501,2.12705091524878E-06,0.0016));
#17738=CARTESIAN_POINT('',(-0.0209000167729501,0.0555971902362431,0.0016));
#17739=CARTESIAN_POINT('',(-0.0208595562561453,0.0553560875958712,0.000472907749772664));
#17740=CARTESIAN_POINT('',(-0.0205000167729501,0.0553352669369927,0.000442861193992743));
#17741=CARTESIAN_POINT('',(-0.0205000167729501,0.0551294301309134,0.000145815499545325));
#17742=CARTESIAN_POINT('',(-0.0208353353892556,0.0552117563953851,0.000569925503029242));
#17743=CARTESIAN_POINT('',(-0.0205000167729485,0.0551716514696957,0.000530058942029478));
#17744=CARTESIAN_POINT('',(-0.0205000167729501,0.0548494150410094,0.000339851006189144));
#17745=CARTESIAN_POINT('',(-0.0208131411134171,0.0550795015720897,0.000956545426024212));
#17746=CARTESIAN_POINT('',(-0.0205000167729508,0.0549974995166973,0.00100092999471682));
#17747=CARTESIAN_POINT('',(-0.0205000167729501,0.0545928291736281,0.0011130908520616));
#17748=CARTESIAN_POINT('',(-0.0208703971573693,0.0554206881031163,0.0012));
#17749=CARTESIAN_POINT('',(-0.0205000167729502,0.0554269896866208,0.00122856218070965));
#17750=CARTESIAN_POINT('',(-0.0205000167729501,0.055254760737108,0.00159999999984299));
#17751=CARTESIAN_POINT('',(-0.02090001677295,0.0555971902362431,0.0012));
#17752=CARTESIAN_POINT('',(-0.0205000167729501,0.0555971902362431,0.00120000000000001));
#17753=CARTESIAN_POINT('',(-0.0205000167729501,0.0555971902362431,0.0016));
#17754=CARTESIAN_POINT('',(-0.01680001677295,0.0195021317963369,0.0013));
#17755=CARTESIAN_POINT('',(-0.01680001677295,0.0195021317963369,0.0009));
#17756=CARTESIAN_POINT('',(-0.01680001677295,0.0195021317963369,0.0009));
#17757=CARTESIAN_POINT('',(-0.03120001677295,0.0195021317963369,0.0013));
#17758=CARTESIAN_POINT('',(-0.03120001677295,0.0195021317963369,0.0009));
#17759=CARTESIAN_POINT('',(-0.03120001677295,0.0195021317963369,0.0009));
#17760=CARTESIAN_POINT('',(-0.0828021001577284,0.00290213179633685,-0.0038));
#17761=CARTESIAN_POINT('',(-0.00910683411451244,0.00239057236001663,-0.00512788985908006));
#17762=CARTESIAN_POINT('',(-0.00937161793274771,0.00185953091428288,-0.00484260088205399));
#17763=CARTESIAN_POINT('',(-0.00910683411451244,0.00157424193725681,-0.00431155943632024));
#17764=CARTESIAN_POINT('',(-0.00903650326337121,0.00208746295461748,-0.00520366721099372));
#17765=CARTESIAN_POINT('',(-0.00918830289869019,0.00179846558847902,-0.00490366620785761));
#17766=CARTESIAN_POINT('',(-0.00903650326337129,0.00149846458534324,-0.00461466884171939));
#17767=CARTESIAN_POINT('',(-0.00900001677295003,0.00166948868564981,-0.00530816077767177));
#17768=CARTESIAN_POINT('',(-0.00900001676657048,0.00153172987276321,-0.0051704019235741));
#17769=CARTESIAN_POINT('',(-0.00900001677295003,0.00139397101866511,-0.00503264311068707));
#17770=CARTESIAN_POINT('',(-0.00900001677295003,0.00130213179633687,-0.0054));
#17771=CARTESIAN_POINT('',(-0.00900001677295003,0.00130213179633687,-0.0054));
#17772=CARTESIAN_POINT('',(-0.00900001677295003,0.00130213179633687,-0.0054));
#17773=CARTESIAN_POINT('',(-0.00900001677295003,0.00130213179633687,-0.0021));
#17774=CARTESIAN_POINT('',(-0.00900001677295003,0.00130213179633687,-0.0021));
#17775=CARTESIAN_POINT('',(-0.00900001677295003,0.00130213179633687,-0.0021));
#17776=CARTESIAN_POINT('',(-0.00900001677295003,0.0016694886856496,-0.00219183922232822));
#17777=CARTESIAN_POINT('',(-0.00900001676657048,0.00153172987276319,-0.00232959807642602));
#17778=CARTESIAN_POINT('',(-0.00900001677295003,0.0013939710186651,-0.0024673568893129));
#17779=CARTESIAN_POINT('',(-0.00903650326337071,0.00208746295461661,-0.00229633278900575));
#17780=CARTESIAN_POINT('',(-0.00918830289869242,0.00179846558847842,-0.00259633379214014));
#17781=CARTESIAN_POINT('',(-0.00903650326337085,0.00149846458534277,-0.00288533115827929));
#17782=CARTESIAN_POINT('',(-0.00910683411451245,0.00239057236001666,-0.00237211014091995));
#17783=CARTESIAN_POINT('',(-0.00937161793274773,0.00185953091428289,-0.00265739911794602));
#17784=CARTESIAN_POINT('',(-0.00910683411451245,0.00157424193725682,-0.00318844056367979));
#17785=CARTESIAN_POINT('',(-0.0828021001577284,0.00930213179633687,-0.0037));
#17786=CARTESIAN_POINT('',(-0.00910683411451243,0.0106300216554169,-0.00431155943632032));
#17787=CARTESIAN_POINT('',(-0.00912265321885843,0.0106129775017129,-0.00424338282150421));
#17788=CARTESIAN_POINT('',(-0.00913950807219184,0.0105965323429813,-0.0041776021865779));
#17789=CARTESIAN_POINT('',(-0.00917696540479746,0.010566335291358,-0.00405681398008445));
#17790=CARTESIAN_POINT('',(-0.00919756788406967,0.0105525833984662,-0.00400180640851733));
#17791=CARTESIAN_POINT('',(-0.00926533710068535,0.0105186974998113,-0.0038662628138978));
#17792=CARTESIAN_POINT('',(-0.00931965161396488,0.0105040834269867,-0.0038078065225994));
#17793=CARTESIAN_POINT('',(-0.00939305785943215,0.0105021776826001,-0.00380018354505297));
#17794=CARTESIAN_POINT('',(-0.00939651847998691,0.0105021317963369,-0.0038));
#17795=CARTESIAN_POINT('',(-0.00940497556346625,0.0105021317963369,-0.0038));
#17796=CARTESIAN_POINT('',(-0.0094104396087711,0.0105021317963369,-0.0038));
#17797=CARTESIAN_POINT('',(-0.00945743612733613,0.0105021317963369,-0.0038));
#17798=CARTESIAN_POINT('',(-0.00951867353735332,0.0105021317963369,-0.0038));
#17799=CARTESIAN_POINT('',(-0.0095675322050488,0.0105021317963369,-0.0038));
#17800=CARTESIAN_POINT('',(-0.00914719778231449,0.0105865321794625,-0.00439251143953405));
#17801=CARTESIAN_POINT('',(-0.00916900217793128,0.0105678910323103,-0.00434087908489116));
#17802=CARTESIAN_POINT('',(-0.00917937878352364,0.0105631438021343,-0.00426779643196857));
#17803=CARTESIAN_POINT('',(-0.00921288750597833,0.0105438856389763,-0.00415842411485867));
#17804=CARTESIAN_POINT('',(-0.00923160907839908,0.0105333392359353,-0.0041071279293671));
#17805=CARTESIAN_POINT('',(-0.00928958255918446,0.0105119028819544,-0.00398791255252502));
#17806=CARTESIAN_POINT('',(-0.00933416165700132,0.0105024620441843,-0.00394079322535287));
#17807=CARTESIAN_POINT('',(-0.00940197053000157,0.0105020639906541,-0.00394072544239062));
#17808=CARTESIAN_POINT('',(-0.00940518071748513,0.0105020794603937,-0.00394088423865133));
#17809=CARTESIAN_POINT('',(-0.00941305999054451,0.0105022059819415,-0.00394168660161176));
#17810=CARTESIAN_POINT('',(-0.00941793343159042,0.0105021317963369,-0.00394309184976671));
#17811=CARTESIAN_POINT('',(-0.00946175625847413,0.0105021317963369,-0.00395063668975544));
#17812=CARTESIAN_POINT('',(-0.00952221146559265,0.0105021317963369,-0.00395710795370954));
#17813=CARTESIAN_POINT('',(-0.0095675322050488,0.0105021317963369,-0.00395710795370954));
#17814=CARTESIAN_POINT('',(-0.00917827923413277,0.0105344378694531,-0.00447345322053419));
#17815=CARTESIAN_POINT('',(-0.00919751590104175,0.0105163027340433,-0.00444559209294518));
#17816=CARTESIAN_POINT('',(-0.00921756701906094,0.0105023268794956,-0.00441592633903478));
#17817=CARTESIAN_POINT('',(-0.00925978029340201,0.0104810792104585,-0.00435597995080399));
#17818=CARTESIAN_POINT('',(-0.0092819424497239,0.0104738073959691,-0.0043256993164836));
#17819=CARTESIAN_POINT('',(-0.00935013136540783,0.0104600669850803,-0.00424113911249501));
#17820=CARTESIAN_POINT('',(-0.0093995755787693,0.0104603056873054,-0.00418999539203676));
#17821=CARTESIAN_POINT('',(-0.00945813510010736,0.0104643905823669,-0.00415177457999876));
#17822=CARTESIAN_POINT('',(-0.00946092438190413,0.0104645918152905,-0.00415000788831792));
#17823=CARTESIAN_POINT('',(-0.00946778989114305,0.0104651003910541,-0.00414580391414537));
#17824=CARTESIAN_POINT('',(-0.00947191572126427,0.0104654193054881,-0.00414342124275464));
#17825=CARTESIAN_POINT('',(-0.00950553542157194,0.0104680576192526,-0.004125161907796));
#17826=CARTESIAN_POINT('',(-0.00953870764778627,0.0104708990083388,-0.00411409746123113));
#17827=CARTESIAN_POINT('',(-0.0095675322050488,0.0104708990083388,-0.00411409746123113));
#17828=CARTESIAN_POINT('',(-0.00920432124066849,0.0104605897138524,-0.00457147161221243));
#17829=CARTESIAN_POINT('',(-0.00922147030522346,0.0104414647961212,-0.00455477819252604));
#17830=CARTESIAN_POINT('',(-0.00923986447768792,0.0104268400855523,-0.00453512390222369));
#17831=CARTESIAN_POINT('',(-0.00927920131444381,0.0104047843056699,-0.004492929188659));
#17832=CARTESIAN_POINT('',(-0.00930014397873526,0.0103973532363563,-0.00447038876539666));
#17833=CARTESIAN_POINT('',(-0.00936480788133053,0.0103835820721671,-0.00440508642980238));
#17834=CARTESIAN_POINT('',(-0.00941196448796709,0.0103843411428285,-0.00436252150576617));
#17835=CARTESIAN_POINT('',(-0.00946660941669716,0.0103888398526394,-0.00432919681399024));
#17836=CARTESIAN_POINT('',(-0.00946921274428453,0.0103890600768706,-0.00432764902974268));
#17837=CARTESIAN_POINT('',(-0.0094756199457774,0.0103896136480427,-0.00432395169397654));
#17838=CARTESIAN_POINT('',(-0.00947946976284101,0.0103899581842156,-0.00432184733174828));
#17839=CARTESIAN_POINT('',(-0.00951081916100447,0.0103927936067609,-0.00430566479453664));
#17840=CARTESIAN_POINT('',(-0.00954162391203174,0.0103957592921033,-0.00429550078323985));
#17841=CARTESIAN_POINT('',(-0.0095675322050488,0.0103957592921033,-0.00429550078323985));
#17842=CARTESIAN_POINT('',(-0.00920888890383964,0.0104453841378175,-0.00459091655041079));
#17843=CARTESIAN_POINT('',(-0.00922571362717139,0.0104262776383698,-0.00457514651593307));
#17844=CARTESIAN_POINT('',(-0.00924383713302789,0.0104116259448188,-0.00455659500421356));
#17845=CARTESIAN_POINT('',(-0.00928268614250923,0.0103894479716429,-0.00451679294003526));
#17846=CARTESIAN_POINT('',(-0.00930341164613406,0.0103819216920181,-0.00449554238757646));
#17847=CARTESIAN_POINT('',(-0.00936744382469558,0.010367807424526,-0.00443401177434277));
#17848=CARTESIAN_POINT('',(-0.00941418542338592,0.0103682584388523,-0.00439394899394577));
#17849=CARTESIAN_POINT('',(-0.0094681986472807,0.0103724290580474,-0.00436265392587567));
#17850=CARTESIAN_POINT('',(-0.00947076921011302,0.0103726337575219,-0.00436120056687693));
#17851=CARTESIAN_POINT('',(-0.00947709106940833,0.010373149288331,-0.00435772902106095));
#17852=CARTESIAN_POINT('',(-0.00948088569508357,0.0103734710354015,-0.00435575340773815));
#17853=CARTESIAN_POINT('',(-0.00951176280304461,0.0103761240278736,-0.00434056245792019));
#17854=CARTESIAN_POINT('',(-0.00954196590068558,0.0103789293687213,-0.00433103086201146));
#17855=CARTESIAN_POINT('',(-0.0095675322050488,0.0103789293687213,-0.00433103086201146));
#17856=CARTESIAN_POINT('',(-0.00921673244188256,0.0104141654656188,-0.00462941500598253));
#17857=CARTESIAN_POINT('',(-0.00923272527867351,0.0103952773965743,-0.00461556384965543));
#17858=CARTESIAN_POINT('',(-0.00925024299252896,0.0103806057628419,-0.00459912150252248));
#17859=CARTESIAN_POINT('',(-0.00928815136685044,0.0103580469407323,-0.00456374498260939));
#17860=CARTESIAN_POINT('',(-0.00930854202731646,0.0103501597523549,-0.00454481080982926));
#17861=CARTESIAN_POINT('',(-0.00937173127813718,0.0103346981824398,-0.00449006256178112));
#17862=CARTESIAN_POINT('',(-0.00941808301608454,0.0103338923824843,-0.00445451038626106));
#17863=CARTESIAN_POINT('',(-0.00947119942705943,0.0103368471021584,-0.00442738076822365));
#17864=CARTESIAN_POINT('',(-0.00947371846789266,0.0103369946961523,-0.00442612379298543));
#17865=CARTESIAN_POINT('',(-0.0094798979111105,0.0103373713598494,-0.00442312660916312));
#17866=CARTESIAN_POINT('',(-0.00948359402593517,0.0103376108224945,-0.0044214240710377));
#17867=CARTESIAN_POINT('',(-0.00951359417228206,0.0103396105574379,-0.00440835256028601));
#17868=CARTESIAN_POINT('',(-0.00954248557030153,0.0103418750324327,-0.00440027635316976));
#17869=CARTESIAN_POINT('',(-0.0095675322050488,0.0103418750324327,-0.00440027635316976));
#17870=CARTESIAN_POINT('',(-0.00922000831675432,0.010398152369455,-0.00464846852335591));
#17871=CARTESIAN_POINT('',(-0.00923557326238546,0.0103795020784757,-0.0046351867470353));
#17872=CARTESIAN_POINT('',(-0.00925280400461149,0.0103648603183981,-0.0046194931855225));
#17873=CARTESIAN_POINT('',(-0.00929031156371967,0.0103420674916203,-0.00458587142371913));
#17874=CARTESIAN_POINT('',(-0.00931058838060182,0.0103339164249201,-0.00456794322342857));
#17875=CARTESIAN_POINT('',(-0.00937354033794551,0.0103174382860993,-0.00451634518641863));
#17876=CARTESIAN_POINT('',(-0.00941985351895534,0.0103156535245372,-0.00448314225985068));
#17877=CARTESIAN_POINT('',(-0.00947265707138855,0.0103176977956694,-0.00445840391102049));
#17878=CARTESIAN_POINT('',(-0.00947515517230159,0.0103178027740802,-0.00445726057060272));
#17879=CARTESIAN_POINT('',(-0.00948127238844739,0.0103180761677766,-0.00445453952602038));
#17880=CARTESIAN_POINT('',(-0.00948492226481312,0.0103182547511323,-0.00445299692947065));
#17881=CARTESIAN_POINT('',(-0.00951449538085951,0.0103197730577351,-0.00444117288011429));
#17882=CARTESIAN_POINT('',(-0.00954266325126366,0.0103216506195262,-0.00443399176555646));
#17883=CARTESIAN_POINT('',(-0.0095675322050488,0.0103216506195262,-0.00443399176555646));
#17884=CARTESIAN_POINT('',(-0.00922788279087944,0.0103489983553208,-0.00470493103341304));
#17885=CARTESIAN_POINT('',(-0.00924229076289853,0.01033141024715,-0.00469239083420162));
#17886=CARTESIAN_POINT('',(-0.00925886289153586,0.010316925790965,-0.00467826178962548));
#17887=CARTESIAN_POINT('',(-0.0092956345945085,0.0102931990881816,-0.00464896045403977));
#17888=CARTESIAN_POINT('',(-0.00931583416884381,0.0102839568415831,-0.00463378816303021));
#17889=CARTESIAN_POINT('',(-0.00937880289374484,0.0102633081290963,-0.0045912718930413));
#17890=CARTESIAN_POINT('',(-0.00942542887950589,0.010257538324026,-0.00456536596563354));
#17891=CARTESIAN_POINT('',(-0.00947736700002115,0.0102561329797227,-0.00454803414789249));
#17892=CARTESIAN_POINT('',(-0.00947980483333247,0.0102560774942284,-0.00454724249614297));
#17893=CARTESIAN_POINT('',(-0.00948573937685479,0.010255964518076,-0.00454537563511163));
#17894=CARTESIAN_POINT('',(-0.00948925109199174,0.010255917477656,-0.00454432771763478));
#17895=CARTESIAN_POINT('',(-0.00951753235616416,0.0102556646519565,-0.00453636147844121));
#17896=CARTESIAN_POINT('',(-0.00954342716366067,0.010256199852638,-0.00453194576045219));
#17897=CARTESIAN_POINT('',(-0.0095675322050488,0.010256199852638,-0.00453194576045219));
#17898=CARTESIAN_POINT('',(-0.00923052823964261,0.0103147427117076,-0.00474164198403376));
#17899=CARTESIAN_POINT('',(-0.00924433382907684,0.0102983278568929,-0.0047283074190148));
#17900=CARTESIAN_POINT('',(-0.00926063412314051,0.0102840385138743,-0.00471431226583135));
#17901=CARTESIAN_POINT('',(-0.00929724899716196,0.0102593800777522,-0.00468663275024209));
#17902=CARTESIAN_POINT('',(-0.00931756357711975,0.0102490109846486,-0.00467294838783628));
#17903=CARTESIAN_POINT('',(-0.00938103022347768,0.0102240874004526,-0.00463599480773665));
#17904=CARTESIAN_POINT('',(-0.00942818749608414,0.0102142633547921,-0.00461528588284071));
#17905=CARTESIAN_POINT('',(-0.00947990043456753,0.0102096005737854,-0.00460320205044911));
#17906=CARTESIAN_POINT('',(-0.00948231451946059,0.0102093946228128,-0.00460265923675434));
#17907=CARTESIAN_POINT('',(-0.00948816707608849,0.010208921986966,-0.00460139618586511));
#17908=CARTESIAN_POINT('',(-0.00949161008015571,0.0102086672161523,-0.00460069786023123));
#17909=CARTESIAN_POINT('',(-0.00951921780787987,0.0102067978392108,-0.00459545739578191));
#17910=CARTESIAN_POINT('',(-0.00954376470265521,0.0102061959704877,-0.00459299210069688));
#17911=CARTESIAN_POINT('',(-0.0095675322050488,0.0102061959704877,-0.00459299210069688));
#17912=CARTESIAN_POINT('',(-0.00923052823964261,0.0102082893147021,-0.00484809538103922));
#17913=CARTESIAN_POINT('',(-0.00924433382907672,0.0101964948945811,-0.0048301403813266));
#17914=CARTESIAN_POINT('',(-0.00926063412314031,0.0101826468363151,-0.00481570394339054));
#17915=CARTESIAN_POINT('',(-0.00929724899716169,0.0101534567809923,-0.00479255604700195));
#17916=CARTESIAN_POINT('',(-0.00931756357711947,0.0101381147839354,-0.00478384458854942));
#17917=CARTESIAN_POINT('',(-0.00938103022347744,0.0100951462058839,-0.00476493600230535));
#17918=CARTESIAN_POINT('',(-0.00942818749608407,0.0100689948413703,-0.00476055439626256));
#17919=CARTESIAN_POINT('',(-0.00947990043456746,0.0100532004832863,-0.00475960214094819));
#17920=CARTESIAN_POINT('',(-0.00948231451946053,0.0100524892382304,-0.00475956462133666));
#17921=CARTESIAN_POINT('',(-0.00948816707608843,0.01005083097982,-0.00475948719301112));
#17922=CARTESIAN_POINT('',(-0.00949161008015566,0.010049910876776,-0.00475945419960761));
#17923=CARTESIAN_POINT('',(-0.00951921780787985,0.0100429848685728,-0.00475927036641986));
#17924=CARTESIAN_POINT('',(-0.00954376470265521,0.0100395878603068,-0.00475960021087782));
#17925=CARTESIAN_POINT('',(-0.0095675322050488,0.0100395878603068,-0.00475960021087782));
#17926=CARTESIAN_POINT('',(-0.00921994644458992,0.0101324144435562,-0.00491414902415506));
#17927=CARTESIAN_POINT('',(-0.00923616156436357,0.0101207171968695,-0.00489458130081379));
#17928=CARTESIAN_POINT('',(-0.00925354919672188,0.0101060393831977,-0.00487965860004716));
#17929=CARTESIAN_POINT('',(-0.00929079138654808,0.0100733831273561,-0.00485721655754627));
#17930=CARTESIAN_POINT('',(-0.00931064594401596,0.0100554046851864,-0.00484969721581202));
#17931=CARTESIAN_POINT('',(-0.00937212090454631,0.0100022153434815,-0.00483585812050097));
#17932=CARTESIAN_POINT('',(-0.00941715302977114,0.00996616084815606,-0.00483680859758335));
#17933=CARTESIAN_POINT('',(-0.00946976669638198,0.00993679560005912,-0.00484146503769803));
#17934=CARTESIAN_POINT('',(-0.00947227577494808,0.00993542586550646,-0.0048416925172775));
#17935=CARTESIAN_POINT('',(-0.00947845627915368,0.00993214278157005,-0.004842263312687));
#17936=CARTESIAN_POINT('',(-0.00948217412749981,0.0099302678659744,-0.00484261768603796));
#17937=CARTESIAN_POINT('',(-0.00951247600101701,0.00991580984630195,-0.00484552897031098));
#17938=CARTESIAN_POINT('',(-0.00954241454667705,0.00990647457278195,-0.00484854366602511));
#17939=CARTESIAN_POINT('',(-0.0095675322050488,0.00990647457278195,-0.00484854366602511));
#17940=CARTESIAN_POINT('',(-0.0091939044380542,0.010034396051878,-0.00498799717975578));
#17941=CARTESIAN_POINT('',(-0.00921180888939301,0.010013661661966,-0.00496923040900745));
#17942=CARTESIAN_POINT('',(-0.00923086893327268,0.00999026038660405,-0.00495484240999336));
#17943=CARTESIAN_POINT('',(-0.0092714485411573,0.00994124313994204,-0.00493308522347685));
#17944=CARTESIAN_POINT('',(-0.00929296810516225,0.00991562716864202,-0.00492571603597445));
#17945=CARTESIAN_POINT('',(-0.00935931049654593,0.00984248211747683,-0.00491196954289076));
#17946=CARTESIAN_POINT('',(-0.00940757012521663,0.00979614488715737,-0.00491255066983784));
#17947=CARTESIAN_POINT('',(-0.0094637015176285,0.00976060630439624,-0.00491690649338554));
#17948=CARTESIAN_POINT('',(-0.00946637489602354,0.00975895928086663,-0.00491712015595279));
#17949=CARTESIAN_POINT('',(-0.00947295334877474,0.00975503172254145,-0.00491765817221337));
#17950=CARTESIAN_POINT('',(-0.00947690516128212,0.00975280042136442,-0.00491799384365707));
#17951=CARTESIAN_POINT('',(-0.0095090840161432,0.00973566755533123,-0.0049207610235752));
#17952=CARTESIAN_POINT('',(-0.00954069718730905,0.00972507125077323,-0.00492368338226065));
#17953=CARTESIAN_POINT('',(-0.0095675322050488,0.00972507125077323,-0.00492368338226065));
#17954=CARTESIAN_POINT('',(-0.0091880555463352,0.0100146344318138,-0.00500233029747148));
#17955=CARTESIAN_POINT('',(-0.00920651327522912,0.00999031307109008,-0.00498371813428317));
#17956=CARTESIAN_POINT('',(-0.00922529098115748,0.00996243891961507,-0.00497002708354919));
#17957=CARTESIAN_POINT('',(-0.0092658821072423,0.00990739166442909,-0.00494854010874913));
#17958=CARTESIAN_POINT('',(-0.00928741986837115,0.00987928065313662,-0.00494099196780435));
#17959=CARTESIAN_POINT('',(-0.00935374765415845,0.00980122054162212,-0.0049267567214871));
#17960=CARTESIAN_POINT('',(-0.00940204478757753,0.00975418880413411,-0.0049266246182588));
#17961=CARTESIAN_POINT('',(-0.00945923014099294,0.0097205558105313,-0.00493061554567062));
#17962=CARTESIAN_POINT('',(-0.00946195227967256,0.00971900797019178,-0.00493081371448365));
#17963=CARTESIAN_POINT('',(-0.00946864907311623,0.00971534487937293,-0.00493131865979255));
#17964=CARTESIAN_POINT('',(-0.00947267962591574,0.00971332419207691,-0.00493162453525666));
#17965=CARTESIAN_POINT('',(-0.00950575339955725,0.00969761217703862,-0.00493418665336224));
#17966=CARTESIAN_POINT('',(-0.00953930360475868,0.00968804890825183,-0.00493690638894586));
#17967=CARTESIAN_POINT('',(-0.0095675322050488,0.00968804890825183,-0.00493690638894586));
#17968=CARTESIAN_POINT('',(-0.00916215836972465,0.00993511348748264,-0.00505781542599248));
#17969=CARTESIAN_POINT('',(-0.00918214433723889,0.00989581843179674,-0.00503955872253597));
#17970=CARTESIAN_POINT('',(-0.00919848305220836,0.00984761416069333,-0.00502888927061612));
#17971=CARTESIAN_POINT('',(-0.00923745929795853,0.00976533043549148,-0.00500782832987203));
#17972=CARTESIAN_POINT('',(-0.00925844287457361,0.00972562353590397,-0.00499892353977562));
#17973=CARTESIAN_POINT('',(-0.00932332015699047,0.00962488118018088,-0.00498103805724188));
#17974=CARTESIAN_POINT('',(-0.00937152396497561,0.0095747895715273,-0.00497671863352816));
#17975=CARTESIAN_POINT('',(-0.00943419388485316,0.00955278851004849,-0.00497874800790232));
#17976=CARTESIAN_POINT('',(-0.00943716830946233,0.00955184282300997,-0.00497886413468275));
#17977=CARTESIAN_POINT('',(-0.0094444746972015,0.00954977897364807,-0.00497919765413017));
#17978=CARTESIAN_POINT('',(-0.00944893420633515,0.00954896568904889,-0.00497934922389756));
#17979=CARTESIAN_POINT('',(-0.009486926119156,0.00954152412813041,-0.00498083327539012));
#17980=CARTESIAN_POINT('',(-0.00953153882267132,0.00953772710092046,-0.00498243155675111));
#17981=CARTESIAN_POINT('',(-0.0095675322050488,0.00953772710092046,-0.00498243155675111));
#17982=CARTESIAN_POINT('',(-0.00913710686536398,0.00987440523506748,-0.00509527275211423));
#17983=CARTESIAN_POINT('',(-0.00915741493816314,0.00981863681538124,-0.00507703085332418));
#17984=CARTESIAN_POINT('',(-0.00916941110569068,0.00974737966695777,-0.0050693591410092));
#17985=CARTESIAN_POINT('',(-0.00920390698068311,0.00963515337750198,-0.00504736625573485));
#17986=CARTESIAN_POINT('',(-0.00922309877981673,0.00958292934549152,-0.00503601848023115));
#17987=CARTESIAN_POINT('',(-0.00928352119455969,0.00945963191420508,-0.00501146974008171));
#17988=CARTESIAN_POINT('',(-0.00933053414624219,0.00940967834600128,-0.00500073559354812));
#17989=CARTESIAN_POINT('',(-0.00939974236235922,0.00940772176439308,-0.00499996061730371));
#17990=CARTESIAN_POINT('',(-0.00940301515811057,0.00940779497532537,-0.00499996074804264));
#17991=CARTESIAN_POINT('',(-0.00941103888377494,0.00940839674754569,-0.00500005563920345));
#17992=CARTESIAN_POINT('',(-0.00941605032831112,0.0094094506836619,-0.005));
#17993=CARTESIAN_POINT('',(-0.00946054115964707,0.00941510931365344,-0.005));
#17994=CARTESIAN_POINT('',(-0.00952078671936254,0.00941996276161903,-0.005));
#17995=CARTESIAN_POINT('',(-0.0095675322050488,0.00941996276161903,-0.005));
#17996=CARTESIAN_POINT('',(-0.00910683411451243,0.00981369123265718,-0.00512788985908008));
#17997=CARTESIAN_POINT('',(-0.00912265321885843,0.00974551461784108,-0.00511084570537605));
#17998=CARTESIAN_POINT('',(-0.00913950807219183,0.00967973398291476,-0.00509440054664447));
#17999=CARTESIAN_POINT('',(-0.00917696540479745,0.00955894577642132,-0.00506420349502111));
#18000=CARTESIAN_POINT('',(-0.00919756788406967,0.00950393820485419,-0.00505045160212933));
#18001=CARTESIAN_POINT('',(-0.00926533710068535,0.00936839461023466,-0.00501656570347445));
#18002=CARTESIAN_POINT('',(-0.00931965161396488,0.00930993831893627,-0.00500195163064988));
#18003=CARTESIAN_POINT('',(-0.00939305785943216,0.00930231534138984,-0.00500004588626324));
#18004=CARTESIAN_POINT('',(-0.00939651847998691,0.00930213179633687,-0.005));
#18005=CARTESIAN_POINT('',(-0.00940497556346625,0.00930213179633687,-0.005));
#18006=CARTESIAN_POINT('',(-0.0094104396087711,0.00930213179633687,-0.005));
#18007=CARTESIAN_POINT('',(-0.00945743612733613,0.00930213179633687,-0.005));
#18008=CARTESIAN_POINT('',(-0.00951867353735332,0.00930213179633687,-0.005));
#18009=CARTESIAN_POINT('',(-0.0095675322050488,0.00930213179633687,-0.005));
#18010=CARTESIAN_POINT('',(-0.0318000167729501,0.0526021317963369,0.0013));
#18011=CARTESIAN_POINT('',(-0.0164000167729501,0.0526021317963369,0.0013));
#18012=CARTESIAN_POINT('',(-0.0164000167729501,0.0219021317963369,0.0013));
#18013=CARTESIAN_POINT('',(-0.0318000167729501,0.0219021317963369,0.0013));
#18014=CARTESIAN_POINT('',(-0.02880001677295,0.0153021317963368,0.0013));
#18015=CARTESIAN_POINT('',(-0.0192000167729501,0.0153021317963368,0.0013));
#18016=MECHANICAL_DESIGN_GEOMETRIC_PRESENTATION_REPRESENTATION('',(#8825),#18017);
#18017=(
GEOMETRIC_REPRESENTATION_CONTEXT(3)
GLOBAL_UNCERTAINTY_ASSIGNED_CONTEXT((#18018))
GLOBAL_UNIT_ASSIGNED_CONTEXT((#18021,#18020,#18019))
REPRESENTATION_CONTEXT('Part 1','TOP_LEVEL_ASSEMBLY_PART')
);
#18018=UNCERTAINTY_MEASURE_WITH_UNIT(LENGTH_MEASURE(2.E-05),#18021,'DISTANCE_ACCURACY_VALUE','Maximum Tolerance applied to model');
#18019=(
NAMED_UNIT(*)
SI_UNIT($,.STERADIAN.)
SOLID_ANGLE_UNIT()
);
#18020=(
NAMED_UNIT(*)
PLANE_ANGLE_UNIT()
SI_UNIT($,.RADIAN.)
);
#18021=(
LENGTH_UNIT()
NAMED_UNIT(*)
SI_UNIT($,.METRE.)
);
#18022=PRODUCT_DEFINITION_SHAPE('','',#18023);
#18023=PRODUCT_DEFINITION('','',#18025,#18024);
#18024=PRODUCT_DEFINITION_CONTEXT('',#18031,'design');
#18025=PRODUCT_DEFINITION_FORMATION_WITH_SPECIFIED_SOURCE('','',#18027,.NOT_KNOWN.);
#18026=PRODUCT_RELATED_PRODUCT_CATEGORY('','',(#18027));
#18027=PRODUCT('Part 1','Part 1','Part 1',(#18029));
#18028=PRODUCT_CATEGORY('','');
#18029=PRODUCT_CONTEXT('',#18031,'mechanical');
#18030=APPLICATION_PROTOCOL_DEFINITION('international standard','ap242_managed_model_based_3d_engineering',2020,#18031);
#18031=APPLICATION_CONTEXT('managed model based 3d engineering');
ENDSEC;
END-ISO-10303-21;
